admin_level,name,name1,name2,name3,x_coord,y_coord,adm4_name,adm4_name1,adm4_name2,adm4_name3,adm4_pcode,adm3_name,adm3_name1,adm3_name2,adm3_name3,adm3_pcode,adm2_name,adm2_name1,adm2_name2,adm2_name3,adm2_pcode,adm1_name,adm1_name1,adm1_name2,adm1_name3,adm1_pcode,adm0_name,adm0_name1,adm0_name2,adm0_name3,adm0_pcode,valid_on,valid_to,version,lang,lang1,lang2,lang3,geometry_wkt
0,Tunisie,تونس,,,8.8855815,33.79380644,,,,,,,,,,,,,,,,,,,,,Tunisie,,,,TN,2022-11-15,,v01,fr,ar,,,POINT (8.8855815 33.79380644399998)
1,Centre East,الوسط الشرقي,,,10.63442143,35.28127756,,,,,,,,,,,,,,,,Centre East,الوسط الشرقي,,,TN3,Tunisie,,,,TN,2022-11-15,,v01,fr,ar,,,POINT (10.634421425000028 35.281277554999974)
1,Centre West,الوسط الغربي,,,9.32964394,35.20102963,,,,,,,,,,,,,,,,Centre West,الوسط الغربي,,,TN4,Tunisie,,,,TN,2022-11-15,,v01,fr,ar,,,POINT (9.329643938999993 35.20102963199997)
1,North East,الشمال الشرقي,,,10.36115399,36.67396465,,,,,,,,,,,,,,,,North East,الشمال الشرقي,,,TN1,Tunisie,,,,TN,2022-11-15,,v01,fr,ar,,,POINT (10.361153988000012 36.673964652999985)
1,North West,الشمال الغربي,,,9.04965104,36.31712497,,,,,,,,,,,,,,,,North West,الشمال الغربي,,,TN2,Tunisie,,,,TN,2022-11-15,,v01,fr,ar,,,POINT (9.049651037999979 36.317124965000005)
1,South East,الجنوب الشرقي,,,9.96855556,32.26573441,,,,,,,,,,,,,,,,South East,الجنوب الشرقي,,,TN5,Tunisie,,,,TN,2022-11-15,,v01,fr,ar,,,POINT (9.968555563999985 32.26573441099998)
1,South West,الجنوب الغربي,,,8.52643578,33.65887507,,,,,,,,,,,,,,,,South West,الجنوب الغربي,,,TN6,Tunisie,,,,TN,2022-11-15,,v01,fr,ar,,,POINT (8.526435779999986 33.65887507100001)
2,Tunis,تونس,,,10.21283185,36.81847505,,,,,,,,,,,Tunis,تونس,,,TN11,North East,الشمال الشرقي,,,TN1,Tunisie,,,,TN,2022-11-15,,v01,fr,ar,,,POINT (10.212831844999982 36.81847505000002)
2,Ariana,أريانة,,,10.1219057,36.96825108,,,,,,,,,,,Ariana,أريانة,,,TN12,North East,الشمال الشرقي,,,TN1,Tunisie,,,,TN,2022-11-15,,v01,fr,ar,,,POINT (10.121905701999992 36.968251083999974)
2,Ben Arous,بن عروس,,,10.21086321,36.62956482,,,,,,,,,,,Ben Arous,بن عروس,,,TN13,North East,الشمال الشرقي,,,TN1,Tunisie,,,,TN,2022-11-15,,v01,fr,ar,,,POINT (10.210863210000014 36.629564820999974)
2,Manubah,منوبة,,,9.83035326,36.76581494,,,,,,,,,,,Manubah,منوبة,,,TN14,North East,الشمال الشرقي,,,TN1,Tunisie,,,,TN,2022-11-15,,v01,fr,ar,,,POINT (9.830353257000013 36.765814944)
2,Nabeul,نابل,,,10.67543929,36.69717617,,,,,,,,,,,Nabeul,نابل,,,TN15,North East,الشمال الشرقي,,,TN1,Tunisie,,,,TN,2022-11-15,,v01,fr,ar,,,POINT (10.675439284999982 36.69717616899999)
2,Zaghouan,زغوان,,,10.04690955,36.33172852,,,,,,,,,,,Zaghouan,زغوان,,,TN16,North East,الشمال الشرقي,,,TN1,Tunisie,,,,TN,2022-11-15,,v01,fr,ar,,,POINT (10.046909550999999 36.33172851699999)
2,Bizerte,بنزرت,,,9.6392857,37.03535965,,,,,,,,,,,Bizerte,بنزرت,,,TN17,North East,الشمال الشرقي,,,TN1,Tunisie,,,,TN,2022-11-15,,v01,fr,ar,,,POINT (9.639285701000006 37.03535965200001)
2,Béja,باجة,,,9.20098774,36.7472529,,,,,,,,,,,Béja,باجة,,,TN21,North West,الشمال الغربي,,,TN2,Tunisie,,,,TN,2022-11-15,,v01,fr,ar,,,POINT (9.200987742999985 36.747252903)
2,Jendouba,جندوبة,,,8.75466962,36.68008411,,,,,,,,,,,Jendouba,جندوبة,,,TN22,North West,الشمال الغربي,,,TN2,Tunisie,,,,TN,2022-11-15,,v01,fr,ar,,,POINT (8.75466962500002 36.680084109999996)
2,Le Kef,الكاف,,,8.7242208,36.03401566,,,,,,,,,,,Le Kef,الكاف,,,TN23,North West,الشمال الغربي,,,TN2,Tunisie,,,,TN,2022-11-15,,v01,fr,ar,,,POINT (8.72422080199999 36.034015657)
2,Siliana,سليانـــة,,,9.35412398,35.9687801,,,,,,,,,,,Siliana,سليانـــة,,,TN24,North West,الشمال الغربي,,,TN2,Tunisie,,,,TN,2022-11-15,,v01,fr,ar,,,POINT (9.354123978000018 35.968780095)
2,Sousse,سوسة,,,10.38871982,35.97357404,,,,,,,,,,,Sousse,سوسة,,,TN31,Centre East,الوسط الشرقي,,,TN3,Tunisie,,,,TN,2022-11-15,,v01,fr,ar,,,POINT (10.388719821999985 35.973574041999996)
2,Monastir,المنستير,,,10.7223489,35.60508079,,,,,,,,,,,Monastir,المنستير,,,TN32,Centre East,الوسط الشرقي,,,TN3,Tunisie,,,,TN,2022-11-15,,v01,fr,ar,,,POINT (10.722348894999982 35.60508078700002)
2,Mahdia,المهدية,,,10.60475332,35.34027102,,,,,,,,,,,Mahdia,المهدية,,,TN33,Centre East,الوسط الشرقي,,,TN3,Tunisie,,,,TN,2022-11-15,,v01,fr,ar,,,POINT (10.604753314999982 35.340271022000024)
2,Sfax,صفاقس,,,10.33595332,34.72371646,,,,,,,,,,,Sfax,صفاقس,,,TN34,Centre East,الوسط الشرقي,,,TN3,Tunisie,,,,TN,2022-11-15,,v01,fr,ar,,,POINT (10.335953322000023 34.72371645599998)
2,Kairouan,القيروان,,,9.83432732,35.57932733,,,,,,,,,,,Kairouan,القيروان,,,TN41,Centre West,الوسط الغربي,,,TN4,Tunisie,,,,TN,2022-11-15,,v01,fr,ar,,,POINT (9.834327321999979 35.57932733400003)
2,Kassérine,القصرين,,,8.85757573,35.20927904,,,,,,,,,,,Kassérine,القصرين,,,TN42,Centre West,الوسط الغربي,,,TN4,Tunisie,,,,TN,2022-11-15,,v01,fr,ar,,,POINT (8.857575730000008 35.20927903699999)
2,Sidi Bou Zid,سيدي بوزيد,,,9.52521959,34.88022643,,,,,,,,,,,Sidi Bou Zid,سيدي بوزيد,,,TN43,Centre West,الوسط الغربي,,,TN4,Tunisie,,,,TN,2022-11-15,,v01,fr,ar,,,POINT (9.525219585000002 34.88022642999999)
2,Gabès,قابس,,,9.79405495,33.77585318,,,,,,,,,,,Gabès,قابس,,,TN51,South East,الجنوب الشرقي,,,TN5,Tunisie,,,,TN,2022-11-15,,v01,fr,ar,,,POINT (9.794054949999975 33.77585317699999)
2,Médenine,مدنين,,,11.28533878,32.98965576,,,,,,,,,,,Médenine,مدنين,,,TN52,South East,الجنوب الشرقي,,,TN5,Tunisie,,,,TN,2022-11-15,,v01,fr,ar,,,POINT (11.285338782999986 32.98965575599999)
2,Tataouine,تطاوين,,,9.76834698,31.73819449,,,,,,,,,,,Tataouine,تطاوين,,,TN53,South East,الجنوب الشرقي,,,TN5,Tunisie,,,,TN,2022-11-15,,v01,fr,ar,,,POINT (9.76834697999999 31.738194494000027)
2,Gafsa,قفصة,,,8.79079796,34.43366772,,,,,,,,,,,Gafsa,قفصة,,,TN61,South West,الجنوب الغربي,,,TN6,Tunisie,,,,TN,2022-11-15,,v01,fr,ar,,,POINT (8.790797958999974 34.43366771699999)
2,Tozeur,توزر,,,8.06603777,33.98177177,,,,,,,,,,,Tozeur,توزر,,,TN62,South West,الجنوب الغربي,,,TN6,Tunisie,,,,TN,2022-11-15,,v01,fr,ar,,,POINT (8.066037768000001 33.98177176799999)
2,Kebili,قبلي,,,8.70228029,33.33876139,,,,,,,,,,,Kebili,قبلي,,,TN63,South West,الجنوب الغربي,,,TN6,Tunisie,,,,TN,2022-11-15,,v01,fr,ar,,,POINT (8.702280287000008 33.33876138800002)
3,Carthage,قرطاج,,,10.32781661,36.85703155,,,,,,Carthage,قرطاج,,,TN1151,Tunis,تونس,,,TN11,North East,الشمال الشرقي,,,TN1,Tunisie,,,,TN,2022-11-15,,v01,fr,ar,,,POINT (10.327816611000003 36.85703154800001)
3,Médina,المدينة,,,10.16881647,36.79846664,,,,,,Médina,المدينة,,,TN1152,Tunis,تونس,,,TN11,North East,الشمال الشرقي,,,TN1,Tunisie,,,,TN,2022-11-15,,v01,fr,ar,,,POINT (10.168816473999982 36.79846663799998)
3,Bab Bhar,باب البحر,,,10.19925505,36.80063754,,,,,,Bab Bhar,باب البحر,,,TN1153,Tunis,تونس,,,TN11,North East,الشمال الشرقي,,,TN1,Tunisie,,,,TN,2022-11-15,,v01,fr,ar,,,POINT (10.199255053999991 36.800637542000004)
3,Bab Souika,باب سويقة,,,10.16239327,36.80623513,,,,,,Bab Souika,باب سويقة,,,TN1154,Tunis,تونس,,,TN11,North East,الشمال الشرقي,,,TN1,Tunisie,,,,TN,2022-11-15,,v01,fr,ar,,,POINT (10.162393264999992 36.806235128000026)
3,Omrane,العمران,,,10.15307291,36.82127456,,,,,,Omrane,العمران,,,TN1155,Tunis,تونس,,,TN11,North East,الشمال الشرقي,,,TN1,Tunisie,,,,TN,2022-11-15,,v01,fr,ar,,,POINT (10.153072905999977 36.82127455599999)
3,Omrane Supérieur,العمران الاعلى,,,10.12944936,36.83489219,,,,,,Omrane Supérieur,العمران الاعلى,,,TN1156,Tunis,تونس,,,TN11,North East,الشمال الشرقي,,,TN1,Tunisie,,,,TN,2022-11-15,,v01,fr,ar,,,POINT (10.12944935500002 36.834892188000026)
3,El Tahrir,التحرير,,,10.12682478,36.82708358,,,,,,El Tahrir,التحرير,,,TN1157,Tunis,تونس,,,TN11,North East,الشمال الشرقي,,,TN1,Tunisie,,,,TN,2022-11-15,,v01,fr,ar,,,POINT (10.126824780999982 36.82708358299999)
3,El Menzah,المنزه,,,10.15827642,36.83562303,,,,,,El Menzah,المنزه,,,TN1158,Tunis,تونس,,,TN11,North East,الشمال الشرقي,,,TN1,Tunisie,,,,TN,2022-11-15,,v01,fr,ar,,,POINT (10.158276420999982 36.83562303100001)
3,Cité El Khadra,حي الخضراء,,,10.21884965,36.83718686,,,,,,Cité El Khadra,حي الخضراء,,,TN1159,Tunis,تونس,,,TN11,North East,الشمال الشرقي,,,TN1,Tunisie,,,,TN,2022-11-15,,v01,fr,ar,,,POINT (10.218849649999981 36.837186858999985)
3,Bardo,باردو,,,10.13206574,36.8135025,,,,,,Bardo,باردو,,,TN1160,Tunis,تونس,,,TN11,North East,الشمال الشرقي,,,TN1,Tunisie,,,,TN,2022-11-15,,v01,fr,ar,,,POINT (10.132065739999973 36.813502503999985)
3,Sijoumi,السيجومي,,,10.16578422,36.78647361,,,,,,Sijoumi,السيجومي,,,TN1161,Tunis,تونس,,,TN11,North East,الشمال الشرقي,,,TN1,Tunisie,,,,TN,2022-11-15,,v01,fr,ar,,,POINT (10.165784218999988 36.78647361499998)
3,Ezzouhour,الزهور,,,10.13553522,36.79437867,,,,,,Ezzouhour,الزهور,,,TN1162,Tunis,تونس,,,TN11,North East,الشمال الشرقي,,,TN1,Tunisie,,,,TN,2022-11-15,,v01,fr,ar,,,POINT (10.135535220999998 36.79437866500001)
3,Hrairia,الحرائرية,,,10.06159255,36.78190203,,,,,,Hrairia,الحرائرية,,,TN1163,Tunis,تونس,,,TN11,North East,الشمال الشرقي,,,TN1,Tunisie,,,,TN,2022-11-15,,v01,fr,ar,,,POINT (10.061592554000015 36.78190202799999)
3,Sidi Hassine,سيدي حسين,,,10.08416629,36.73976979,,,,,,Sidi Hassine,سيدي حسين,,,TN1164,Tunis,تونس,,,TN11,North East,الشمال الشرقي,,,TN1,Tunisie,,,,TN,2022-11-15,,v01,fr,ar,,,POINT (10.084166287000016 36.739769792000004)
3,El Ouardia,الوردية,,,10.18017486,36.77194443,,,,,,El Ouardia,الوردية,,,TN1165,Tunis,تونس,,,TN11,North East,الشمال الشرقي,,,TN1,Tunisie,,,,TN,2022-11-15,,v01,fr,ar,,,POINT (10.18017486399998 36.771944425000015)
3,Kabaria,الكبارية,,,10.19172267,36.74242223,,,,,,Kabaria,الكبارية,,,TN1166,Tunis,تونس,,,TN11,North East,الشمال الشرقي,,,TN1,Tunisie,,,,TN,2022-11-15,,v01,fr,ar,,,POINT (10.191722669 36.74242223499999)
3,Sidi El Béchir,سيدي البشير,,,10.18001077,36.78469382,,,,,,Sidi El Béchir,سيدي البشير,,,TN1167,Tunis,تونس,,,TN11,North East,الشمال الشرقي,,,TN1,Tunisie,,,,TN,2022-11-15,,v01,fr,ar,,,POINT (10.18001076500002 36.784693817999994)
3,Jebel Jelloud,جبل الجلود,,,10.20746229,36.76566139,,,,,,Jebel Jelloud,جبل الجلود,,,TN1168,Tunis,تونس,,,TN11,North East,الشمال الشرقي,,,TN1,Tunisie,,,,TN,2022-11-15,,v01,fr,ar,,,POINT (10.207462295000028 36.765661394000006)
3,La Goulette,حلق الوادي,,,10.2828029,36.83441533,,,,,,La Goulette,حلق الوادي,,,TN1169,Tunis,تونس,,,TN11,North East,الشمال الشرقي,,,TN1,Tunisie,,,,TN,2022-11-15,,v01,fr,ar,,,POINT (10.282802898 36.834415329000024)
3,Le Kram,الكرم,,,10.29409379,36.84790264,,,,,,Le Kram,الكرم,,,TN1170,Tunis,تونس,,,TN11,North East,الشمال الشرقي,,,TN1,Tunisie,,,,TN,2022-11-15,,v01,fr,ar,,,POINT (10.294093789999977 36.84790263999997)
3,La Marsa,المرسى,,,10.30135705,36.90089921,,,,,,La Marsa,المرسى,,,TN1171,Tunis,تونس,,,TN11,North East,الشمال الشرقي,,,TN1,Tunisie,,,,TN,2022-11-15,,v01,fr,ar,,,POINT (10.301357051000025 36.900899211000024)
3,Ariana Médina,اريانة المدينة,,,10.16997844,36.86586672,,,,,,Ariana Médina,اريانة المدينة,,,TN1251,Ariana,أريانة,,,TN12,North East,الشمال الشرقي,,,TN1,Tunisie,,,,TN,2022-11-15,,v01,fr,ar,,,POINT (10.169978437999987 36.86586671700002)
3,Soukra,سكرة,,,10.23093966,36.8808589,,,,,,Soukra,سكرة,,,TN1252,Ariana,أريانة,,,TN12,North East,الشمال الشرقي,,,TN1,Tunisie,,,,TN,2022-11-15,,v01,fr,ar,,,POINT (10.230939659 36.88085890000002)
3,Raoued,روّاد,,,10.15014915,36.92915685,,,,,,Raoued,روّاد,,,TN1253,Ariana,أريانة,,,TN12,North East,الشمال الشرقي,,,TN1,Tunisie,,,,TN,2022-11-15,,v01,fr,ar,,,POINT (10.150149149000015 36.929156853999984)
3,Kalaat El Andalous,قلعة الأندلس,,,10.12430142,36.99723355,,,,,,Kalaat El Andalous,قلعة الأندلس,,,TN1254,Ariana,أريانة,,,TN12,North East,الشمال الشرقي,,,TN1,Tunisie,,,,TN,2022-11-15,,v01,fr,ar,,,POINT (10.124301420999984 36.99723355100002)
3,Sidi Thabet,سيدي ثابت,,,10.05613783,36.91152057,,,,,,Sidi Thabet,سيدي ثابت,,,TN1255,Ariana,أريانة,,,TN12,North East,الشمال الشرقي,,,TN1,Tunisie,,,,TN,2022-11-15,,v01,fr,ar,,,POINT (10.056137831000001 36.91152057300002)
3,Ettadhamen,حي التضامن,,,10.10609275,36.83337754,,,,,,Ettadhamen,حي التضامن,,,TN1256,Ariana,أريانة,,,TN12,North East,الشمال الشرقي,,,TN1,Tunisie,,,,TN,2022-11-15,,v01,fr,ar,,,POINT (10.106092751000006 36.83337754399997)
3,Mnihla,المنيهلة,,,10.10901203,36.86373541,,,,,,Mnihla,المنيهلة,,,TN1257,Ariana,أريانة,,,TN12,North East,الشمال الشرقي,,,TN1,Tunisie,,,,TN,2022-11-15,,v01,fr,ar,,,POINT (10.10901203200001 36.86373541099999)
3,Ben Arous,بن عروس,,,10.22458655,36.74884674,,,,,,Ben Arous,بن عروس,,,TN1351,Ben Arous,بن عروس,,,TN13,North East,الشمال الشرقي,,,TN1,Tunisie,,,,TN,2022-11-15,,v01,fr,ar,,,POINT (10.224586550000026 36.748846743)
3,Nouvelle Médina,المدينة الجديدة,,,10.24342925,36.7341232,,,,,,Nouvelle Médina,المدينة الجديدة,,,TN1352,Ben Arous,بن عروس,,,TN13,North East,الشمال الشرقي,,,TN1,Tunisie,,,,TN,2022-11-15,,v01,fr,ar,,,POINT (10.24342925000002 36.73412320099999)
3,El Mourouj,المروج,,,10.21923666,36.71982547,,,,,,El Mourouj,المروج,,,TN1353,Ben Arous,بن عروس,,,TN13,North East,الشمال الشرقي,,,TN1,Tunisie,,,,TN,2022-11-15,,v01,fr,ar,,,POINT (10.219236659999979 36.71982546700002)
3,Hammam Lif,حمام الأنف,,,10.33778717,36.71880141,,,,,,Hammam Lif,حمام الأنف,,,TN1354,Ben Arous,بن عروس,,,TN13,North East,الشمال الشرقي,,,TN1,Tunisie,,,,TN,2022-11-15,,v01,fr,ar,,,POINT (10.337787174000027 36.718801410000026)
3,Hammam Chott,حمام الشط,,,10.38056869,36.68351027,,,,,,Hammam Chott,حمام الشط,,,TN1355,Ben Arous,بن عروس,,,TN13,North East,الشمال الشرقي,,,TN1,Tunisie,,,,TN,2022-11-15,,v01,fr,ar,,,POINT (10.380568687999983 36.68351026800002)
3,Boumhel,بومهل البساتين,,,10.2963154,36.71551902,,,,,,Boumhel,بومهل البساتين,,,TN1356,Ben Arous,بن عروس,,,TN13,North East,الشمال الشرقي,,,TN1,Tunisie,,,,TN,2022-11-15,,v01,fr,ar,,,POINT (10.296315396000011 36.71551901599997)
3,Ezzahra,الزهراء,,,10.29866945,36.74737277,,,,,,Ezzahra,الزهراء,,,TN1357,Ben Arous,بن عروس,,,TN13,North East,الشمال الشرقي,,,TN1,Tunisie,,,,TN,2022-11-15,,v01,fr,ar,,,POINT (10.298669452000013 36.74737276899998)
3,Radès,رادس,,,10.28021496,36.77614073,,,,,,Radès,رادس,,,TN1358,Ben Arous,بن عروس,,,TN13,North East,الشمال الشرقي,,,TN1,Tunisie,,,,TN,2022-11-15,,v01,fr,ar,,,POINT (10.280214963999981 36.77614072799997)
3,Mégrine,مقرين,,,10.23867873,36.77165002,,,,,,Mégrine,مقرين,,,TN1359,Ben Arous,بن عروس,,,TN13,North East,الشمال الشرقي,,,TN1,Tunisie,,,,TN,2022-11-15,,v01,fr,ar,,,POINT (10.238678726999979 36.77165002300001)
3,M'Hamdia,المحمدية,,,10.11454557,36.64530811,,,,,,M'Hamdia,المحمدية,,,TN1360,Ben Arous,بن عروس,,,TN13,North East,الشمال الشرقي,,,TN1,Tunisie,,,,TN,2022-11-15,,v01,fr,ar,,,POINT (10.114545567999983 36.645308108999984)
3,Fouchana,فوشانة,,,10.17962846,36.69370937,,,,,,Fouchana,فوشانة,,,TN1361,Ben Arous,بن عروس,,,TN13,North East,الشمال الشرقي,,,TN1,Tunisie,,,,TN,2022-11-15,,v01,fr,ar,,,POINT (10.179628461999982 36.693709372)
3,Mornag,مرناق,,,10.24428338,36.58568423,,,,,,Mornag,مرناق,,,TN1362,Ben Arous,بن عروس,,,TN13,North East,الشمال الشرقي,,,TN1,Tunisie,,,,TN,2022-11-15,,v01,fr,ar,,,POINT (10.244283375999998 36.58568422799999)
3,Manouba,منوبة,,,10.08612267,36.81171581,,,,,,Manouba,منوبة,,,TN1451,Manubah,منوبة,,,TN14,North East,الشمال الشرقي,,,TN1,Tunisie,,,,TN,2022-11-15,,v01,fr,ar,,,POINT (10.08612266900002 36.81171580900002)
3,Douar Hicher,دوار هيشر,,,10.08003051,36.83626606,,,,,,Douar Hicher,دوار هيشر,,,TN1452,Manubah,منوبة,,,TN14,North East,الشمال الشرقي,,,TN1,Tunisie,,,,TN,2022-11-15,,v01,fr,ar,,,POINT (10.080030512000008 36.83626606199999)
3,Oued Ellil,وادي الليل,,,10.01340073,36.82980222,,,,,,Oued Ellil,وادي الليل,,,TN1453,Manubah,منوبة,,,TN14,North East,الشمال الشرقي,,,TN1,Tunisie,,,,TN,2022-11-15,,v01,fr,ar,,,POINT (10.01340073099999 36.829802223)
3,Mornaguia,المرناقية,,,9.99855715,36.67651945,,,,,,Mornaguia,المرناقية,,,TN1454,Manubah,منوبة,,,TN14,North East,الشمال الشرقي,,,TN1,Tunisie,,,,TN,2022-11-15,,v01,fr,ar,,,POINT (9.99855715000001 36.67651944900001)
3,Borj El Amri,برج العامري,,,9.84484015,36.67676519,,,,,,Borj El Amri,برج العامري,,,TN1455,Manubah,منوبة,,,TN14,North East,الشمال الشرقي,,,TN1,Tunisie,,,,TN,2022-11-15,,v01,fr,ar,,,POINT (9.844840148999992 36.676765192000005)
3,Jedaida,الجديدة,,,9.92761596,36.85413432,,,,,,Jedaida,الجديدة,,,TN1456,Manubah,منوبة,,,TN14,North East,الشمال الشرقي,,,TN1,Tunisie,,,,TN,2022-11-15,,v01,fr,ar,,,POINT (9.927615955000022 36.85413432399997)
3,Tebourba,طبربة,,,9.76209748,36.87532976,,,,,,Tebourba,طبربة,,,TN1457,Manubah,منوبة,,,TN14,North East,الشمال الشرقي,,,TN1,Tunisie,,,,TN,2022-11-15,,v01,fr,ar,,,POINT (9.762097480000023 36.87532975800002)
3,El Battan,البطان,,,9.73668832,36.77059057,,,,,,El Battan,البطان,,,TN1458,Manubah,منوبة,,,TN14,North East,الشمال الشرقي,,,TN1,Tunisie,,,,TN,2022-11-15,,v01,fr,ar,,,POINT (9.73668832300001 36.77059056899998)
3,Nabeul,نابل,,,10.67070376,36.48243457,,,,,,Nabeul,نابل,,,TN1551,Nabeul,نابل,,,TN15,North East,الشمال الشرقي,,,TN1,Tunisie,,,,TN,2022-11-15,,v01,fr,ar,,,POINT (10.670703756000023 36.48243456900002)
3,Dar Chaabane El Fehri,دار شعبان الفهري,,,10.71547098,36.51808715,,,,,,Dar Chaabane El Fehri,دار شعبان الفهري,,,TN1552,Nabeul,نابل,,,TN15,North East,الشمال الشرقي,,,TN1,Tunisie,,,,TN,2022-11-15,,v01,fr,ar,,,POINT (10.715470976000006 36.51808715499999)
3,Beni Khiar,بني خيار,,,10.77420178,36.52323326,,,,,,Beni Khiar,بني خيار,,,TN1553,Nabeul,نابل,,,TN15,North East,الشمال الشرقي,,,TN1,Tunisie,,,,TN,2022-11-15,,v01,fr,ar,,,POINT (10.774201779999999 36.523233258000005)
3,Korba,قربة,,,10.79840676,36.60597286,,,,,,Korba,قربة,,,TN1554,Nabeul,نابل,,,TN15,North East,الشمال الشرقي,,,TN1,Tunisie,,,,TN,2022-11-15,,v01,fr,ar,,,POINT (10.798406759999978 36.60597285699998)
3,Menzel Temime,منزل تميم,,,10.88955083,36.8075042,,,,,,Menzel Temime,منزل تميم,,,TN1555,Nabeul,نابل,,,TN15,North East,الشمال الشرقي,,,TN1,Tunisie,,,,TN,2022-11-15,,v01,fr,ar,,,POINT (10.889550827999983 36.80750420200002)
3,El Mida,الميدة,,,10.8584158,36.72063068,,,,,,El Mida,الميدة,,,TN1556,Nabeul,نابل,,,TN15,North East,الشمال الشرقي,,,TN1,Tunisie,,,,TN,2022-11-15,,v01,fr,ar,,,POINT (10.85841579800001 36.720630675999985)
3,Kelibia,قليبية,,,11.00535266,36.87935765,,,,,,Kelibia,قليبية,,,TN1557,Nabeul,نابل,,,TN15,North East,الشمال الشرقي,,,TN1,Tunisie,,,,TN,2022-11-15,,v01,fr,ar,,,POINT (11.005352657999993 36.879357647000006)
3,Hammam Ghezaz,حمام الأغزاز,,,11.06813832,36.93326404,,,,,,Hammam Ghezaz,حمام الأغزاز,,,TN1558,Nabeul,نابل,,,TN15,North East,الشمال الشرقي,,,TN1,Tunisie,,,,TN,2022-11-15,,v01,fr,ar,,,POINT (11.068138323000028 36.93326404200002)
3,Haouaria,الهوارية,,,10.91316317,36.9545203,,,,,,Haouaria,الهوارية,,,TN1559,Nabeul,نابل,,,TN15,North East,الشمال الشرقي,,,TN1,Tunisie,,,,TN,2022-11-15,,v01,fr,ar,,,POINT (10.913163168999972 36.954520296)
3,Takelsa,تاكلسة,,,10.67518744,36.79357242,,,,,,Takelsa,تاكلسة,,,TN1560,Nabeul,نابل,,,TN15,North East,الشمال الشرقي,,,TN1,Tunisie,,,,TN,2022-11-15,,v01,fr,ar,,,POINT (10.675187440000002 36.79357242200001)
3,Soliman,سليمان,,,10.55682039,36.74959488,,,,,,Soliman,سليمان,,,TN1561,Nabeul,نابل,,,TN15,North East,الشمال الشرقي,,,TN1,Tunisie,,,,TN,2022-11-15,,v01,fr,ar,,,POINT (10.556820388000006 36.74959487699999)
3,Menzel Bouzelfa,منزل بوزلفة,,,10.60013568,36.70450814,,,,,,Menzel Bouzelfa,منزل بوزلفة,,,TN1562,Nabeul,نابل,,,TN15,North East,الشمال الشرقي,,,TN1,Tunisie,,,,TN,2022-11-15,,v01,fr,ar,,,POINT (10.600135679000005 36.704508138999984)
3,Beni Khalled,بني خلاد,,,10.63492693,36.62490183,,,,,,Beni Khalled,بني خلاد,,,TN1563,Nabeul,نابل,,,TN15,North East,الشمال الشرقي,,,TN1,Tunisie,,,,TN,2022-11-15,,v01,fr,ar,,,POINT (10.634926930000006 36.624901835)
3,Grombalia,قرمبالية,,,10.46316342,36.5933146,,,,,,Grombalia,قرمبالية,,,TN1564,Nabeul,نابل,,,TN15,North East,الشمال الشرقي,,,TN1,Tunisie,,,,TN,2022-11-15,,v01,fr,ar,,,POINT (10.463163418000022 36.593314604)
3,Bou Argoub,بوعرقوب,,,10.57017213,36.52836071,,,,,,Bou Argoub,بوعرقوب,,,TN1565,Nabeul,نابل,,,TN15,North East,الشمال الشرقي,,,TN1,Tunisie,,,,TN,2022-11-15,,v01,fr,ar,,,POINT (10.570172129000014 36.52836070799998)
3,Hammamet,الحمامات,,,10.50852043,36.40855103,,,,,,Hammamet,الحمامات,,,TN1566,Nabeul,نابل,,,TN15,North East,الشمال الشرقي,,,TN1,Tunisie,,,,TN,2022-11-15,,v01,fr,ar,,,POINT (10.508520431000022 36.40855103400003)
3,Zaghouan,زغوان,,,10.2027051,36.41433327,,,,,,Zaghouan,زغوان,,,TN1651,Zaghouan,زغوان,,,TN16,North East,الشمال الشرقي,,,TN1,Tunisie,,,,TN,2022-11-15,,v01,fr,ar,,,POINT (10.202705103000028 36.414333274)
3,Zriba,الزريبة,,,10.22297504,36.31414904,,,,,,Zriba,الزريبة,,,TN1652,Zaghouan,زغوان,,,TN16,North East,الشمال الشرقي,,,TN1,Tunisie,,,,TN,2022-11-15,,v01,fr,ar,,,POINT (10.222975044000009 36.31414904500002)
3,Bir Mchergua,بئر مشارقة,,,9.99805805,36.52811289,,,,,,Bir Mchergua,بئر مشارقة,,,TN1653,Zaghouan,زغوان,,,TN16,North East,الشمال الشرقي,,,TN1,Tunisie,,,,TN,2022-11-15,,v01,fr,ar,,,POINT (9.998058054000012 36.52811288999999)
3,Fahs,الفحص,,,9.83275369,36.27018181,,,,,,Fahs,الفحص,,,TN1654,Zaghouan,زغوان,,,TN16,North East,الشمال الشرقي,,,TN1,Tunisie,,,,TN,2022-11-15,,v01,fr,ar,,,POINT (9.832753690999994 36.270181815)
3,Nadhour,الناظور,,,9.98726581,36.11174591,,,,,,Nadhour,الناظور,,,TN1655,Zaghouan,زغوان,,,TN16,North East,الشمال الشرقي,,,TN1,Tunisie,,,,TN,2022-11-15,,v01,fr,ar,,,POINT (9.987265810999986 36.11174590899998)
3,Saouaf,صواف,,,10.15004468,36.21554523,,,,,,Saouaf,صواف,,,TN1656,Zaghouan,زغوان,,,TN16,North East,الشمال الشرقي,,,TN1,Tunisie,,,,TN,2022-11-15,,v01,fr,ar,,,POINT (10.150044681999987 36.21554522500003)
3,Bizerte Nord,بنزرت الشمالية,,,9.82578078,37.30096604,,,,,,Bizerte Nord,بنزرت الشمالية,,,TN1751,Bizerte,بنزرت,,,TN17,North East,الشمال الشرقي,,,TN1,Tunisie,,,,TN,2022-11-15,,v01,fr,ar,,,POINT (9.825780784000017 37.30096603999999)
3,Jarzouna,جرزونة,,,9.88542248,37.25783517,,,,,,Jarzouna,جرزونة,,,TN1752,Bizerte,بنزرت,,,TN17,North East,الشمال الشرقي,,,TN1,Tunisie,,,,TN,2022-11-15,,v01,fr,ar,,,POINT (9.885422480999978 37.25783516600001)
3,Bizerte Sud,بنزرت الجنوبية,,,9.66796043,37.25837604,,,,,,Bizerte Sud,بنزرت الجنوبية,,,TN1753,Bizerte,بنزرت,,,TN17,North East,الشمال الشرقي,,,TN1,Tunisie,,,,TN,2022-11-15,,v01,fr,ar,,,POINT (9.66796042599998 37.258376037999994)
3,Sejnane,سجنان,,,9.23608518,37.13705026,,,,,,Sejnane,سجنان,,,TN1754,Bizerte,بنزرت,,,TN17,North East,الشمال الشرقي,,,TN1,Tunisie,,,,TN,2022-11-15,,v01,fr,ar,,,POINT (9.23608518200001 37.137050260000024)
3,Joumine,جومين,,,9.44760978,36.87807766,,,,,,Joumine,جومين,,,TN1755,Bizerte,بنزرت,,,TN17,North East,الشمال الشرقي,,,TN1,Tunisie,,,,TN,2022-11-15,,v01,fr,ar,,,POINT (9.447609779000004 36.87807766200001)
3,Mateur,ماطر,,,9.67091596,36.98609659,,,,,,Mateur,ماطر,,,TN1756,Bizerte,بنزرت,,,TN17,North East,الشمال الشرقي,,,TN1,Tunisie,,,,TN,2022-11-15,,v01,fr,ar,,,POINT (9.670915959000013 36.986096585999974)
3,Ghazala,غزالة,,,9.48563124,37.07913556,,,,,,Ghazala,غزالة,,,TN1757,Bizerte,بنزرت,,,TN17,North East,الشمال الشرقي,,,TN1,Tunisie,,,,TN,2022-11-15,,v01,fr,ar,,,POINT (9.485631236000017 37.07913555900001)
3,Menzel Bourguiba,منزل بورقيبة,,,9.85806737,37.10670497,,,,,,Menzel Bourguiba,منزل بورقيبة,,,TN1758,Bizerte,بنزرت,,,TN17,North East,الشمال الشرقي,,,TN1,Tunisie,,,,TN,2022-11-15,,v01,fr,ar,,,POINT (9.858067371000004 37.10670496900002)
3,Tinja,تينجة,,,9.66529718,37.12975971,,,,,,Tinja,تينجة,,,TN1759,Bizerte,بنزرت,,,TN17,North East,الشمال الشرقي,,,TN1,Tunisie,,,,TN,2022-11-15,,v01,fr,ar,,,POINT (9.665297179999982 37.12975970999997)
3,Utique,أوتيك,,,9.95989981,37.03454052,,,,,,Utique,أوتيك,,,TN1760,Bizerte,بنزرت,,,TN17,North East,الشمال الشرقي,,,TN1,Tunisie,,,,TN,2022-11-15,,v01,fr,ar,,,POINT (9.959899807999989 37.03454052400002)
3,Ghar El Melh,غار الملح,,,10.09282519,37.14481391,,,,,,Ghar El Melh,غار الملح,,,TN1761,Bizerte,بنزرت,,,TN17,North East,الشمال الشرقي,,,TN1,Tunisie,,,,TN,2022-11-15,,v01,fr,ar,,,POINT (10.092825190999974 37.144813906000024)
3,Menzel Jemil,منزل جميل,,,9.98220405,37.203524,,,,,,Menzel Jemil,منزل جميل,,,TN1762,Bizerte,بنزرت,,,TN17,North East,الشمال الشرقي,,,TN1,Tunisie,,,,TN,2022-11-15,,v01,fr,ar,,,POINT (9.982204050999997 37.20352400399997)
3,El Alia,العالية,,,9.9992804,37.15822259,,,,,,El Alia,العالية,,,TN1763,Bizerte,بنزرت,,,TN17,North East,الشمال الشرقي,,,TN1,Tunisie,,,,TN,2022-11-15,,v01,fr,ar,,,POINT (9.999280398999986 37.158222592000016)
3,Ras Jebel,راس الجبل,,,10.08563187,37.2225953,,,,,,Ras Jebel,راس الجبل,,,TN1764,Bizerte,بنزرت,,,TN17,North East,الشمال الشرقي,,,TN1,Tunisie,,,,TN,2022-11-15,,v01,fr,ar,,,POINT (10.085631870999975 37.22259530100001)
3,Béja Nord,باجة الشمالية,,,9.24308319,36.80427185,,,,,,Béja Nord,باجة الشمالية,,,TN2151,Béja,باجة,,,TN21,North West,الشمال الغربي,,,TN2,Tunisie,,,,TN,2022-11-15,,v01,fr,ar,,,POINT (9.243083188000014 36.804271846000006)
3,Béja Sud,باجة الجنوبية,,,9.17643322,36.63597585,,,,,,Béja Sud,باجة الجنوبية,,,TN2152,Béja,باجة,,,TN21,North West,الشمال الغربي,,,TN2,Tunisie,,,,TN,2022-11-15,,v01,fr,ar,,,POINT (9.176433223999993 36.63597585000002)
3,Amdoun,عمدون,,,9.028602,36.77729656,,,,,,Amdoun,عمدون,,,TN2153,Béja,باجة,,,TN21,North West,الشمال الغربي,,,TN2,Tunisie,,,,TN,2022-11-15,,v01,fr,ar,,,POINT (9.028602002000014 36.77729655500002)
3,Nefza,نفزة,,,9.06923051,36.98823737,,,,,,Nefza,نفزة,,,TN2154,Béja,باجة,,,TN21,North West,الشمال الغربي,,,TN2,Tunisie,,,,TN,2022-11-15,,v01,fr,ar,,,POINT (9.069230505999997 36.988237371000025)
3,Téboursouk,تبرسق,,,9.23495187,36.45975879,,,,,,Téboursouk,تبرسق,,,TN2155,Béja,باجة,,,TN21,North West,الشمال الغربي,,,TN2,Tunisie,,,,TN,2022-11-15,,v01,fr,ar,,,POINT (9.23495187200001 36.45975878899998)
3,Thibar,تيبار,,,9.10885056,36.51865164,,,,,,Thibar,تيبار,,,TN2156,Béja,باجة,,,TN21,North West,الشمال الغربي,,,TN2,Tunisie,,,,TN,2022-11-15,,v01,fr,ar,,,POINT (9.108850560000008 36.518651637999994)
3,Testour,تستور,,,9.41087402,36.5932285,,,,,,Testour,تستور,,,TN2157,Béja,باجة,,,TN21,North West,الشمال الغربي,,,TN2,Tunisie,,,,TN,2022-11-15,,v01,fr,ar,,,POINT (9.410874024000009 36.593228496999984)
3,Goubellat,قبلاط,,,9.68761683,36.52830567,,,,,,Goubellat,قبلاط,,,TN2158,Béja,باجة,,,TN21,North West,الشمال الغربي,,,TN2,Tunisie,,,,TN,2022-11-15,,v01,fr,ar,,,POINT (9.687616833999982 36.52830566900002)
3,Mejez El Bab,مجاز الباب,,,9.63854093,36.7089281,,,,,,Mejez El Bab,مجاز الباب,,,TN2159,Béja,باجة,,,TN21,North West,الشمال الغربي,,,TN2,Tunisie,,,,TN,2022-11-15,,v01,fr,ar,,,POINT (9.638540932000012 36.708928102000016)
3,Jendouba Sud,جندوبة,,,8.83024459,36.48449651,,,,,,Jendouba Sud,جندوبة,,,TN2251,Jendouba,جندوبة,,,TN22,North West,الشمال الغربي,,,TN2,Tunisie,,,,TN,2022-11-15,,v01,fr,ar,,,POINT (8.830244588000028 36.48449650800001)
3,Jendouba Nord,جندوبة الشمالية,,,8.67366659,36.53415211,,,,,,Jendouba Nord,جندوبة الشمالية,,,TN2252,Jendouba,جندوبة,,,TN22,North West,الشمال الغربي,,,TN2,Tunisie,,,,TN,2022-11-15,,v01,fr,ar,,,POINT (8.673666588999993 36.53415210700001)
3,Bousalem,بوسالم,,,8.9843135,36.55837835,,,,,,Bousalem,بوسالم,,,TN2253,Jendouba,جندوبة,,,TN22,North West,الشمال الغربي,,,TN2,Tunisie,,,,TN,2022-11-15,,v01,fr,ar,,,POINT (8.984313498000006 36.55837835300002)
3,Tabarka,طبرقة,,,8.82277942,36.90686981,,,,,,Tabarka,طبرقة,,,TN2254,Jendouba,جندوبة,,,TN22,North West,الشمال الغربي,,,TN2,Tunisie,,,,TN,2022-11-15,,v01,fr,ar,,,POINT (8.822779421999996 36.906869814000004)
3,Aïn Draham,عين دراهم,,,8.77474646,36.79361203,,,,,,Aïn Draham,عين دراهم,,,TN2255,Jendouba,جندوبة,,,TN22,North West,الشمال الغربي,,,TN2,Tunisie,,,,TN,2022-11-15,,v01,fr,ar,,,POINT (8.774746461999996 36.793612026999995)
3,Fernana,فرنانة,,,8.62153808,36.65266441,,,,,,Fernana,فرنانة,,,TN2256,Jendouba,جندوبة,,,TN22,North West,الشمال الغربي,,,TN2,Tunisie,,,,TN,2022-11-15,,v01,fr,ar,,,POINT (8.621538075999979 36.65266440800002)
3,Ghardimaou,غار الدماء,,,8.33952213,36.48459855,,,,,,Ghardimaou,غار الدماء,,,TN2257,Jendouba,جندوبة,,,TN22,North West,الشمال الغربي,,,TN2,Tunisie,,,,TN,2022-11-15,,v01,fr,ar,,,POINT (8.339522129999978 36.484598550999976)
3,Oued Mliz,وادي مليز,,,8.62310544,36.48525515,,,,,,Oued Mliz,وادي مليز,,,TN2258,Jendouba,جندوبة,,,TN22,North West,الشمال الغربي,,,TN2,Tunisie,,,,TN,2022-11-15,,v01,fr,ar,,,POINT (8.623105436999992 36.48525515199998)
3,Balta Bou Aouane,بلطة بوعوان,,,8.91535547,36.69214744,,,,,,Balta Bou Aouane,بلطة بوعوان,,,TN2259,Jendouba,جندوبة,,,TN22,North West,الشمال الغربي,,,TN2,Tunisie,,,,TN,2022-11-15,,v01,fr,ar,,,POINT (8.915355471999987 36.692147444)
3,Kef Ouest,الكاف الغربية,,,8.60819629,36.15363991,,,,,,Kef Ouest,الكاف الغربية,,,TN2351,Le Kef,الكاف,,,TN23,North West,الشمال الغربي,,,TN2,Tunisie,,,,TN,2022-11-15,,v01,fr,ar,,,POINT (8.608196291000013 36.15363990600002)
3,Kef Est,الكاف الشرقية,,,8.86582506,36.18385246,,,,,,Kef Est,الكاف الشرقية,,,TN2352,Le Kef,الكاف,,,TN23,North West,الشمال الغربي,,,TN2,Tunisie,,,,TN,2022-11-15,,v01,fr,ar,,,POINT (8.865825058999974 36.18385245899998)
3,Nebeur,نبر,,,8.7421409,36.3293719,,,,,,Nebeur,نبر,,,TN2353,Le Kef,الكاف,,,TN23,North West,الشمال الغربي,,,TN2,Tunisie,,,,TN,2022-11-15,,v01,fr,ar,,,POINT (8.742140898999992 36.32937190299998)
3,Sakiet Sidi Youssef,ساقية سيدي يوسف,,,8.42624578,36.1686435,,,,,,Sakiet Sidi Youssef,ساقية سيدي يوسف,,,TN2354,Le Kef,الكاف,,,TN23,North West,الشمال الغربي,,,TN2,Tunisie,,,,TN,2022-11-15,,v01,fr,ar,,,POINT (8.426245779999988 36.168643497000005)
3,Tajerouine,تاجروين,,,8.54661801,35.96573229,,,,,,Tajerouine,تاجروين,,,TN2355,Le Kef,الكاف,,,TN23,North West,الشمال الغربي,,,TN2,Tunisie,,,,TN,2022-11-15,,v01,fr,ar,,,POINT (8.546618011000021 35.965732292999974)
3,Kalaat Senan,قلعة سنان,,,8.40778806,35.79732089,,,,,,Kalaat Senan,قلعة سنان,,,TN2356,Le Kef,الكاف,,,TN23,North West,الشمال الغربي,,,TN2,Tunisie,,,,TN,2022-11-15,,v01,fr,ar,,,POINT (8.407788056000015 35.79732088700001)
3,Kalaa Khesba,القلعة الخصباء,,,8.51853062,35.72742577,,,,,,Kalaa Khesba,القلعة الخصباء,,,TN2357,Le Kef,الكاف,,,TN23,North West,الشمال الغربي,,,TN2,Tunisie,,,,TN,2022-11-15,,v01,fr,ar,,,POINT (8.518530616000021 35.727425772000004)
3,Jerissa,الجريصة,,,8.64351944,35.81677081,,,,,,Jerissa,الجريصة,,,TN2358,Le Kef,الكاف,,,TN23,North West,الشمال الغربي,,,TN2,Tunisie,,,,TN,2022-11-15,,v01,fr,ar,,,POINT (8.643519439999977 35.81677080999998)
3,Ksour,القصور,,,8.94159024,35.83013578,,,,,,Ksour,القصور,,,TN2359,Le Kef,الكاف,,,TN23,North West,الشمال الغربي,,,TN2,Tunisie,,,,TN,2022-11-15,,v01,fr,ar,,,POINT (8.941590237000014 35.83013577700001)
3,Dahmani,الدهماني,,,8.79479725,35.93529065,,,,,,Dahmani,الدهماني,,,TN2360,Le Kef,الكاف,,,TN23,North West,الشمال الغربي,,,TN2,Tunisie,,,,TN,2022-11-15,,v01,fr,ar,,,POINT (8.794797248000009 35.935290651)
3,Es Sers,السرس,,,9.04856927,36.06278794,,,,,,Es Sers,السرس,,,TN2361,Le Kef,الكاف,,,TN23,North West,الشمال الغربي,,,TN2,Tunisie,,,,TN,2022-11-15,,v01,fr,ar,,,POINT (9.048569273999988 36.062787936999996)
3,Siliana Nord,سليانة الشمالية,,,9.22358875,36.03059878,,,,,,Siliana Nord,سليانة الشمالية,,,TN2451,Siliana,سليانـــة,,,TN24,North West,الشمال الغربي,,,TN2,Tunisie,,,,TN,2022-11-15,,v01,fr,ar,,,POINT (9.223588749999976 36.030598784000006)
3,Siliana Sud,سليانة الجنوبية,,,9.42981161,35.96968988,,,,,,Siliana Sud,سليانة الجنوبية,,,TN2452,Siliana,سليانـــة,,,TN24,North West,الشمال الغربي,,,TN2,Tunisie,,,,TN,2022-11-15,,v01,fr,ar,,,POINT (9.429811609000012 35.969689883)
3,Bouarada,بوعرادة,,,9.63153076,36.31348704,,,,,,Bouarada,بوعرادة,,,TN2453,Siliana,سليانـــة,,,TN24,North West,الشمال الغربي,,,TN2,Tunisie,,,,TN,2022-11-15,,v01,fr,ar,,,POINT (9.63153076399999 36.313487039999984)
3,Gaafour,قعفور,,,9.33247916,36.25215736,,,,,,Gaafour,قعفور,,,TN2454,Siliana,سليانـــة,,,TN24,North West,الشمال الغربي,,,TN2,Tunisie,,,,TN,2022-11-15,,v01,fr,ar,,,POINT (9.332479163000016 36.25215736199999)
3,El Krib,الكريب,,,9.12632324,36.34814834,,,,,,El Krib,الكريب,,,TN2455,Siliana,سليانـــة,,,TN24,North West,الشمال الغربي,,,TN2,Tunisie,,,,TN,2022-11-15,,v01,fr,ar,,,POINT (9.126323243999991 36.34814834100001)
3,Bourouis,بورويس,,,9.13198962,36.1884572,,,,,,Bourouis,بورويس,,,TN2456,Siliana,سليانـــة,,,TN24,North West,الشمال الغربي,,,TN2,Tunisie,,,,TN,2022-11-15,,v01,fr,ar,,,POINT (9.131989620000013 36.188457203999974)
3,Makthar,مكثر,,,9.16367859,35.87022672,,,,,,Makthar,مكثر,,,TN2457,Siliana,سليانـــة,,,TN24,North West,الشمال الغربي,,,TN2,Tunisie,,,,TN,2022-11-15,,v01,fr,ar,,,POINT (9.163678587999982 35.87022671699998)
3,Rouhia,الروحية,,,9.1480848,35.65717545,,,,,,Rouhia,الروحية,,,TN2458,Siliana,سليانـــة,,,TN24,North West,الشمال الغربي,,,TN2,Tunisie,,,,TN,2022-11-15,,v01,fr,ar,,,POINT (9.148084799999992 35.65717545199999)
3,Kesra,كسرى,,,9.39187393,35.80336615,,,,,,Kesra,كسرى,,,TN2459,Siliana,سليانـــة,,,TN24,North West,الشمال الغربي,,,TN2,Tunisie,,,,TN,2022-11-15,,v01,fr,ar,,,POINT (9.391873929999974 35.80336615300001)
3,Bargou,برقو,,,9.62313788,36.1002164,,,,,,Bargou,برقو,,,TN2460,Siliana,سليانـــة,,,TN24,North West,الشمال الغربي,,,TN2,Tunisie,,,,TN,2022-11-15,,v01,fr,ar,,,POINT (9.623137874999998 36.100216405000026)
3,Laroussa,العروسة,,,9.44913357,36.35383202,,,,,,Laroussa,العروسة,,,TN2461,Siliana,سليانـــة,,,TN24,North West,الشمال الغربي,,,TN2,Tunisie,,,,TN,2022-11-15,,v01,fr,ar,,,POINT (9.44913356799998 36.353832017)
3,Sousse Médina,سوسة المدينة,,,10.63198215,35.83648301,,,,,,Sousse Médina,سوسة المدينة,,,TN3151,Sousse,سوسة,,,TN31,Centre East,الوسط الشرقي,,,TN3,Tunisie,,,,TN,2022-11-15,,v01,fr,ar,,,POINT (10.63198214900001 35.83648301400001)
3,Sousse Riadh,سوسة الرياض,,,10.59675987,35.80479345,,,,,,Sousse Riadh,سوسة الرياض,,,TN3152,Sousse,سوسة,,,TN31,Centre East,الوسط الشرقي,,,TN3,Tunisie,,,,TN,2022-11-15,,v01,fr,ar,,,POINT (10.596759872999996 35.80479344600002)
3,Sousse Jaouhara,سوسة جوهرة,,,10.61194751,35.82876075,,,,,,Sousse Jaouhara,سوسة جوهرة,,,TN3153,Sousse,سوسة,,,TN31,Centre East,الوسط الشرقي,,,TN3,Tunisie,,,,TN,2022-11-15,,v01,fr,ar,,,POINT (10.611947509000004 35.82876074500001)
3,Sousse Sidi Abdelhamid,سوسة سيدي عبد الحميد,,,10.66088157,35.79614679,,,,,,Sousse Sidi Abdelhamid,سوسة سيدي عبد الحميد,,,TN3154,Sousse,سوسة,,,TN31,Centre East,الوسط الشرقي,,,TN3,Tunisie,,,,TN,2022-11-15,,v01,fr,ar,,,POINT (10.660881572999983 35.79614679000002)
3,Hammam Sousse,حمام سوسة,,,10.59389321,35.874696,,,,,,Hammam Sousse,حمام سوسة,,,TN3155,Sousse,سوسة,,,TN31,Centre East,الوسط الشرقي,,,TN3,Tunisie,,,,TN,2022-11-15,,v01,fr,ar,,,POINT (10.593893213000001 35.874696003)
3,Akouda,اكودة,,,10.56218201,35.90522496,,,,,,Akouda,اكودة,,,TN3156,Sousse,سوسة,,,TN31,Centre East,الوسط الشرقي,,,TN3,Tunisie,,,,TN,2022-11-15,,v01,fr,ar,,,POINT (10.562182013999973 35.90522496)
3,Kalaa Kebira,القلعة الكبرى,,,10.45277894,35.86843854,,,,,,Kalaa Kebira,القلعة الكبرى,,,TN3157,Sousse,سوسة,,,TN31,Centre East,الوسط الشرقي,,,TN3,Tunisie,,,,TN,2022-11-15,,v01,fr,ar,,,POINT (10.452778937999994 35.86843854099999)
3,Sidi Bou Ali,سيدي بوعلي,,,10.42554516,35.96929495,,,,,,Sidi Bou Ali,سيدي بوعلي,,,TN3158,Sousse,سوسة,,,TN31,Centre East,الوسط الشرقي,,,TN3,Tunisie,,,,TN,2022-11-15,,v01,fr,ar,,,POINT (10.425545165000017 35.969294949000016)
3,Hergla,هرقلة,,,10.44593077,36.02827808,,,,,,Hergla,هرقلة,,,TN3159,Sousse,سوسة,,,TN31,Centre East,الوسط الشرقي,,,TN3,Tunisie,,,,TN,2022-11-15,,v01,fr,ar,,,POINT (10.445930770000018 36.02827807800003)
3,Enfidha,النفيضة,,,10.33587033,36.12779542,,,,,,Enfidha,النفيضة,,,TN3160,Sousse,سوسة,,,TN31,Centre East,الوسط الشرقي,,,TN3,Tunisie,,,,TN,2022-11-15,,v01,fr,ar,,,POINT (10.335870327999999 36.127795419999984)
3,Bouficha,بوفيشة,,,10.42620837,36.27436497,,,,,,Bouficha,بوفيشة,,,TN3161,Sousse,سوسة,,,TN31,Centre East,الوسط الشرقي,,,TN3,Tunisie,,,,TN,2022-11-15,,v01,fr,ar,,,POINT (10.426208369999983 36.27436497399998)
3,Kondar,كندار,,,10.24502975,35.90446809,,,,,,Kondar,كندار,,,TN3162,Sousse,سوسة,,,TN31,Centre East,الوسط الشرقي,,,TN3,Tunisie,,,,TN,2022-11-15,,v01,fr,ar,,,POINT (10.245029751000004 35.90446809500003)
3,Sidi El Heni,سيدي الهاني,,,10.31891555,35.69931118,,,,,,Sidi El Heni,سيدي الهاني,,,TN3163,Sousse,سوسة,,,TN31,Centre East,الوسط الشرقي,,,TN3,Tunisie,,,,TN,2022-11-15,,v01,fr,ar,,,POINT (10.318915552000021 35.69931117700003)
3,M'Saken,مساكن,,,10.53876788,35.67310176,,,,,,M'Saken,مساكن,,,TN3164,Sousse,سوسة,,,TN31,Centre East,الوسط الشرقي,,,TN3,Tunisie,,,,TN,2022-11-15,,v01,fr,ar,,,POINT (10.538767876999998 35.67310176000001)
3,Kalaa Sghira,القلعة الصغرى,,,10.47091273,35.79798875,,,,,,Kalaa Sghira,القلعة الصغرى,,,TN3165,Sousse,سوسة,,,TN31,Centre East,الوسط الشرقي,,,TN3,Tunisie,,,,TN,2022-11-15,,v01,fr,ar,,,POINT (10.47091272900002 35.79798874699998)
3,Zaouia Ksiba Thraya,الزاوية - القصيبة - الثريات,,,10.63817848,35.76801713,,,,,,Zaouia Ksiba Thraya,الزاوية - القصيبة - الثريات,,,TN3166,Sousse,سوسة,,,TN31,Centre East,الوسط الشرقي,,,TN3,Tunisie,,,,TN,2022-11-15,,v01,fr,ar,,,POINT (10.638178482 35.76801712700001)
3,Monastir,المنستير,,,10.79882403,35.73950189,,,,,,Monastir,المنستير,,,TN3251,Monastir,المنستير,,,TN32,Centre East,الوسط الشرقي,,,TN3,Tunisie,,,,TN,2022-11-15,,v01,fr,ar,,,POINT (10.798824024999988 35.739501888999996)
3,Ouerdanine,الوردانين,,,10.6771591,35.70105815,,,,,,Ouerdanine,الوردانين,,,TN3252,Monastir,المنستير,,,TN32,Centre East,الوسط الشرقي,,,TN3,Tunisie,,,,TN,2022-11-15,,v01,fr,ar,,,POINT (10.677159103999998 35.70105815400001)
3,Sahline,الساحلين,,,10.7225846,35.74194675,,,,,,Sahline,الساحلين,,,TN3253,Monastir,المنستير,,,TN32,Centre East,الوسط الشرقي,,,TN3,Tunisie,,,,TN,2022-11-15,,v01,fr,ar,,,POINT (10.72258459699998 35.741946747999975)
3,Zeramdine,زرمدين,,,10.69497274,35.56441494,,,,,,Zeramdine,زرمدين,,,TN3254,Monastir,المنستير,,,TN32,Centre East,الوسط الشرقي,,,TN3,Tunisie,,,,TN,2022-11-15,,v01,fr,ar,,,POINT (10.694972736000011 35.56441493599999)
3,Beni Hassen,بني حسان,,,10.77838073,35.53502935,,,,,,Beni Hassen,بني حسان,,,TN3255,Monastir,المنستير,,,TN32,Centre East,الوسط الشرقي,,,TN3,Tunisie,,,,TN,2022-11-15,,v01,fr,ar,,,POINT (10.77838072999998 35.53502935099999)
3,Jammel,جمال,,,10.77325531,35.60671711,,,,,,Jammel,جمال,,,TN3256,Monastir,المنستير,,,TN32,Centre East,الوسط الشرقي,,,TN3,Tunisie,,,,TN,2022-11-15,,v01,fr,ar,,,POINT (10.773255307 35.60671711499998)
3,Bembla,بنبلة,,,10.7585481,35.68150803,,,,,,Bembla,بنبلة,,,TN3257,Monastir,المنستير,,,TN32,Centre East,الوسط الشرقي,,,TN3,Tunisie,,,,TN,2022-11-15,,v01,fr,ar,,,POINT (10.758548098999995 35.681508027999996)
3,Moknine,المكنين,,,10.87785753,35.53680325,,,,,,Moknine,المكنين,,,TN3258,Monastir,المنستير,,,TN32,Centre East,الوسط الشرقي,,,TN3,Tunisie,,,,TN,2022-11-15,,v01,fr,ar,,,POINT (10.877857526000014 35.53680324999999)
3,Bekalta,البقالطة,,,11.00993816,35.5966003,,,,,,Bekalta,البقالطة,,,TN3259,Monastir,المنستير,,,TN32,Centre East,الوسط الشرقي,,,TN3,Tunisie,,,,TN,2022-11-15,,v01,fr,ar,,,POINT (11.009938163000015 35.596600303)
3,Teboulba,طبلبة,,,10.96125119,35.63980231,,,,,,Teboulba,طبلبة,,,TN3260,Monastir,المنستير,,,TN32,Centre East,الوسط الشرقي,,,TN3,Tunisie,,,,TN,2022-11-15,,v01,fr,ar,,,POINT (10.961251187000016 35.639802307000025)
3,Ksar Hellal,قصر هلال,,,10.86979348,35.6374095,,,,,,Ksar Hellal,قصر هلال,,,TN3261,Monastir,المنستير,,,TN32,Centre East,الوسط الشرقي,,,TN3,Tunisie,,,,TN,2022-11-15,,v01,fr,ar,,,POINT (10.869793484000013 35.637409499)
3,Ksibet El Mediouni,قصيبة المديوني,,,10.81614473,35.64458546,,,,,,Ksibet El Mediouni,قصيبة المديوني,,,TN3262,Monastir,المنستير,,,TN32,Centre East,الوسط الشرقي,,,TN3,Tunisie,,,,TN,2022-11-15,,v01,fr,ar,,,POINT (10.816144731000009 35.64458546399999)
3,Sayada-Lamta-Bou Hjar,صيادة - لمطة - بوحجر,,,10.88621845,35.6672541,,,,,,Sayada-Lamta-Bou Hjar,صيادة - لمطة - بوحجر,,,TN3263,Monastir,المنستير,,,TN32,Centre East,الوسط الشرقي,,,TN3,Tunisie,,,,TN,2022-11-15,,v01,fr,ar,,,POINT (10.886218449000012 35.66725409700001)
3,Mahdia,المهدية,,,10.96268589,35.48768806,,,,,,Mahdia,المهدية,,,TN3351,Mahdia,المهدية,,,TN33,Centre East,الوسط الشرقي,,,TN3,Tunisie,,,,TN,2022-11-15,,v01,fr,ar,,,POINT (10.962685890999978 35.487688056000025)
3,Boumerdès,بومرداس,,,10.69654898,35.42431899,,,,,,Boumerdès,بومرداس,,,TN3352,Mahdia,المهدية,,,TN33,Centre East,الوسط الشرقي,,,TN3,Tunisie,,,,TN,2022-11-15,,v01,fr,ar,,,POINT (10.696548983000014 35.42431899000002)
3,Ouled Chamekh,أولاد شامخ,,,10.33924434,35.47809665,,,,,,Ouled Chamekh,أولاد شامخ,,,TN3353,Mahdia,المهدية,,,TN33,Centre East,الوسط الشرقي,,,TN3,Tunisie,,,,TN,2022-11-15,,v01,fr,ar,,,POINT (10.339244341999972 35.47809665)
3,Chorbane,شربان,,,10.43534304,35.22691807,,,,,,Chorbane,شربان,,,TN3354,Mahdia,المهدية,,,TN33,Centre East,الوسط الشرقي,,,TN3,Tunisie,,,,TN,2022-11-15,,v01,fr,ar,,,POINT (10.435343043999978 35.22691806900002)
3,Hbira,هبيرة,,,10.22640718,35.2775832,,,,,,Hbira,هبيرة,,,TN3355,Mahdia,المهدية,,,TN33,Centre East,الوسط الشرقي,,,TN3,Tunisie,,,,TN,2022-11-15,,v01,fr,ar,,,POINT (10.22640717600001 35.27758319999998)
3,Souassi,السواسي,,,10.50319365,35.34081133,,,,,,Souassi,السواسي,,,TN3356,Mahdia,المهدية,,,TN33,Centre East,الوسط الشرقي,,,TN3,Tunisie,,,,TN,2022-11-15,,v01,fr,ar,,,POINT (10.503193647999979 35.340811325999994)
3,El Jem,الجم,,,10.72427929,35.31584753,,,,,,El Jem,الجم,,,TN3357,Mahdia,المهدية,,,TN33,Centre East,الوسط الشرقي,,,TN3,Tunisie,,,,TN,2022-11-15,,v01,fr,ar,,,POINT (10.724279290000027 35.31584752600003)
3,Chebba,الشابة,,,11.06111603,35.224897,,,,,,Chebba,الشابة,,,TN3358,Mahdia,المهدية,,,TN33,Centre East,الوسط الشرقي,,,TN3,Tunisie,,,,TN,2022-11-15,,v01,fr,ar,,,POINT (11.061116034000008 35.224896994999995)
3,Melloulech,ملولش,,,10.98821703,35.18003874,,,,,,Melloulech,ملولش,,,TN3359,Mahdia,المهدية,,,TN33,Centre East,الوسط الشرقي,,,TN3,Tunisie,,,,TN,2022-11-15,,v01,fr,ar,,,POINT (10.988217028000008 35.180038744)
3,Sidi Alouane,سيدي علوان,,,10.89055667,35.28774526,,,,,,Sidi Alouane,سيدي علوان,,,TN3360,Mahdia,المهدية,,,TN33,Centre East,الوسط الشرقي,,,TN3,Tunisie,,,,TN,2022-11-15,,v01,fr,ar,,,POINT (10.890556667999988 35.28774525699998)
3,Ksour Essef,قصور الساف,,,10.99511969,35.35635043,,,,,,Ksour Essef,قصور الساف,,,TN3361,Mahdia,المهدية,,,TN33,Centre East,الوسط الشرقي,,,TN3,Tunisie,,,,TN,2022-11-15,,v01,fr,ar,,,POINT (10.995119688999978 35.35635043399998)
3,Sfax Médina,صفاقس المدينة,,,10.76344228,34.7331952,,,,,,Sfax Médina,صفاقس المدينة,,,TN3451,Sfax,صفاقس,,,TN34,Centre East,الوسط الشرقي,,,TN3,Tunisie,,,,TN,2022-11-15,,v01,fr,ar,,,POINT (10.763442279999992 34.73319520199999)
3,Sfax Ouest,صفاقس الغريبة,,,10.72175679,34.73515586,,,,,,Sfax Ouest,صفاقس الغريبة,,,TN3452,Sfax,صفاقس,,,TN34,Centre East,الوسط الشرقي,,,TN3,Tunisie,,,,TN,2022-11-15,,v01,fr,ar,,,POINT (10.721756792000008 34.735155865000024)
3,Sakiet Ezzit,ساقية الزيت,,,10.73997151,34.86032463,,,,,,Sakiet Ezzit,ساقية الزيت,,,TN3453,Sfax,صفاقس,,,TN34,Centre East,الوسط الشرقي,,,TN3,Tunisie,,,,TN,2022-11-15,,v01,fr,ar,,,POINT (10.739971508999986 34.86032462999998)
3,Sakiet Eddaier,ساقية الدائر,,,10.82974727,34.83648386,,,,,,Sakiet Eddaier,ساقية الدائر,,,TN3454,Sfax,صفاقس,,,TN34,Centre East,الوسط الشرقي,,,TN3,Tunisie,,,,TN,2022-11-15,,v01,fr,ar,,,POINT (10.829747266000027 34.83648385599997)
3,Sfax Sud,صفاقس الجنوبية,,,10.65911936,34.83368276,,,,,,Sfax Sud,صفاقس الجنوبية,,,TN3455,Sfax,صفاقس,,,TN34,Centre East,الوسط الشرقي,,,TN3,Tunisie,,,,TN,2022-11-15,,v01,fr,ar,,,POINT (10.659119364999981 34.83368275999999)
3,Thyna,طينة,,,10.68336588,34.6817095,,,,,,Thyna,طينة,,,TN3456,Sfax,صفاقس,,,TN34,Centre East,الوسط الشرقي,,,TN3,Tunisie,,,,TN,2022-11-15,,v01,fr,ar,,,POINT (10.683365877000028 34.68170949900002)
3,Agareb,عقارب,,,10.46034943,34.74480888,,,,,,Agareb,عقارب,,,TN3457,Sfax,صفاقس,,,TN34,Centre East,الوسط الشرقي,,,TN3,Tunisie,,,,TN,2022-11-15,,v01,fr,ar,,,POINT (10.460349432999976 34.74480887599998)
3,Jebeniana,جبنيانة,,,10.88963308,35.09400799,,,,,,Jebeniana,جبنيانة,,,TN3458,Sfax,صفاقس,,,TN34,Centre East,الوسط الشرقي,,,TN3,Tunisie,,,,TN,2022-11-15,,v01,fr,ar,,,POINT (10.889633085000014 35.094007992)
3,El Amra,العامرة,,,10.86073695,34.93615941,,,,,,El Amra,العامرة,,,TN3459,Sfax,صفاقس,,,TN34,Centre East,الوسط الشرقي,,,TN3,Tunisie,,,,TN,2022-11-15,,v01,fr,ar,,,POINT (10.860736945999975 34.93615940699999)
3,Hencha,الحنشة,,,10.71489345,35.08732284,,,,,,Hencha,الحنشة,,,TN3460,Sfax,صفاقس,,,TN34,Centre East,الوسط الشرقي,,,TN3,Tunisie,,,,TN,2022-11-15,,v01,fr,ar,,,POINT (10.714893449999977 35.087322841)
3,Menzel Chaker,منزل شاكر,,,10.38337903,35.02909922,,,,,,Menzel Chaker,منزل شاكر,,,TN3461,Sfax,صفاقس,,,TN34,Centre East,الوسط الشرقي,,,TN3,Tunisie,,,,TN,2022-11-15,,v01,fr,ar,,,POINT (10.383379027999979 35.02909922399999)
3,El Ghraiba,الغريبة,,,10.20076365,34.48491901,,,,,,El Ghraiba,الغريبة,,,TN3462,Sfax,صفاقس,,,TN34,Centre East,الوسط الشرقي,,,TN3,Tunisie,,,,TN,2022-11-15,,v01,fr,ar,,,POINT (10.200763654000014 34.48491901400001)
3,Bir Ali Ben Khélifa,بئر علي بن خليفة,,,10.11976176,34.76329638,,,,,,Bir Ali Ben Khélifa,بئر علي بن خليفة,,,TN3463,Sfax,صفاقس,,,TN34,Centre East,الوسط الشرقي,,,TN3,Tunisie,,,,TN,2022-11-15,,v01,fr,ar,,,POINT (10.119761765000021 34.76329637600003)
3,Skhira,الصخيرة,,,9.97053351,34.34530262,,,,,,Skhira,الصخيرة,,,TN3464,Sfax,صفاقس,,,TN34,Centre East,الوسط الشرقي,,,TN3,Tunisie,,,,TN,2022-11-15,,v01,fr,ar,,,POINT (9.970533505999981 34.345302616000026)
3,Mahres,المحرس,,,10.46421443,34.52832744,,,,,,Mahres,المحرس,,,TN3465,Sfax,صفاقس,,,TN34,Centre East,الوسط الشرقي,,,TN3,Tunisie,,,,TN,2022-11-15,,v01,fr,ar,,,POINT (10.464214432999995 34.52832744099999)
3,Kerkennah,قرقنة,,,11.03777065,34.643407,,,,,,Kerkennah,قرقنة,,,TN3466,Sfax,صفاقس,,,TN34,Centre East,الوسط الشرقي,,,TN3,Tunisie,,,,TN,2022-11-15,,v01,fr,ar,,,POINT (11.037770647000002 34.64340699600001)
3,Kairouan Nord,القيروان الشمالية,,,10.09261841,35.74265368,,,,,,Kairouan Nord,القيروان الشمالية,,,TN4151,Kairouan,القيروان,,,TN41,Centre West,الوسط الغربي,,,TN4,Tunisie,,,,TN,2022-11-15,,v01,fr,ar,,,POINT (10.09261841 35.74265368099998)
3,Kairouan Sud,القيروان الجنوبية,,,10.15938702,35.57633803,,,,,,Kairouan Sud,القيروان الجنوبية,,,TN4152,Kairouan,القيروان,,,TN41,Centre West,الوسط الغربي,,,TN4,Tunisie,,,,TN,2022-11-15,,v01,fr,ar,,,POINT (10.159387019999997 35.576338024999984)
3,Chebika,الشبيكة,,,9.92764933,35.65887244,,,,,,Chebika,الشبيكة,,,TN4153,Kairouan,القيروان,,,TN41,Centre West,الوسط الغربي,,,TN4,Tunisie,,,,TN,2022-11-15,,v01,fr,ar,,,POINT (9.927649327999973 35.658872436000024)
3,Sbikha,السبيخة,,,10.02598148,35.95098906,,,,,,Sbikha,السبيخة,,,TN4154,Kairouan,القيروان,,,TN41,Centre West,الوسط الغربي,,,TN4,Tunisie,,,,TN,2022-11-15,,v01,fr,ar,,,POINT (10.025981478999995 35.95098906099997)
3,Oueslatia,الوسلاتية,,,9.63111328,35.89336582,,,,,,Oueslatia,الوسلاتية,,,TN4155,Kairouan,القيروان,,,TN41,Centre West,الوسط الغربي,,,TN4,Tunisie,,,,TN,2022-11-15,,v01,fr,ar,,,POINT (9.631113276999997 35.89336582300001)
3,Haffouz,حفوز,,,9.73591571,35.61649856,,,,,,Haffouz,حفوز,,,TN4156,Kairouan,القيروان,,,TN41,Centre West,الوسط الغربي,,,TN4,Tunisie,,,,TN,2022-11-15,,v01,fr,ar,,,POINT (9.735915707999993 35.616498557)
3,Alaa,العلاء,,,9.48259407,35.62919793,,,,,,Alaa,العلاء,,,TN4157,Kairouan,القيروان,,,TN41,Centre West,الوسط الغربي,,,TN4,Tunisie,,,,TN,2022-11-15,,v01,fr,ar,,,POINT (9.482594069000015 35.629197933)
3,Hajeb El Ayoun,حاجب العيون,,,9.59947577,35.41660296,,,,,,Hajeb El Ayoun,حاجب العيون,,,TN4158,Kairouan,القيروان,,,TN41,Centre West,الوسط الغربي,,,TN4,Tunisie,,,,TN,2022-11-15,,v01,fr,ar,,,POINT (9.599475772999995 35.41660295600002)
3,Nasrallah,نصر اللّه,,,9.81266761,35.33767325,,,,,,Nasrallah,نصر اللّه,,,TN4159,Kairouan,القيروان,,,TN41,Centre West,الوسط الغربي,,,TN4,Tunisie,,,,TN,2022-11-15,,v01,fr,ar,,,POINT (9.81266761400002 35.33767325000002)
3,Chrarda,الشراردة,,,10.1051927,35.15057191,,,,,,Chrarda,الشراردة,,,TN4160,Kairouan,القيروان,,,TN41,Centre West,الوسط الغربي,,,TN4,Tunisie,,,,TN,2022-11-15,,v01,fr,ar,,,POINT (10.105192697999996 35.15057190700003)
3,Bouhajla,بوحجلة,,,10.04219578,35.38307695,,,,,,Bouhajla,بوحجلة,,,TN4161,Kairouan,القيروان,,,TN41,Centre West,الوسط الغربي,,,TN4,Tunisie,,,,TN,2022-11-15,,v01,fr,ar,,,POINT (10.042195778000007 35.38307695499998)
3,Kasserine Nord,القصرين الشمالية,,,8.76988714,35.21578591,,,,,,Kasserine Nord,القصرين الشمالية,,,TN4251,Kassérine,القصرين,,,TN42,Centre West,الوسط الغربي,,,TN4,Tunisie,,,,TN,2022-11-15,,v01,fr,ar,,,POINT (8.769887141000027 35.215785912)
3,Kasserine Sud,القصرين الجنوبية,,,8.79065127,35.09786841,,,,,,Kasserine Sud,القصرين الجنوبية,,,TN4252,Kassérine,القصرين,,,TN42,Centre West,الوسط الغربي,,,TN4,Tunisie,,,,TN,2022-11-15,,v01,fr,ar,,,POINT (8.790651267999976 35.097868405999975)
3,Ezzouhour,الزهور,,,8.83077981,35.15881205,,,,,,Ezzouhour,الزهور,,,TN4253,Kassérine,القصرين,,,TN42,Centre West,الوسط الغربي,,,TN4,Tunisie,,,,TN,2022-11-15,,v01,fr,ar,,,POINT (8.830779807999988 35.15881205199997)
3,Hassi El Ferid,حاسي الفريد,,,8.91025045,34.96267984,,,,,,Hassi El Ferid,حاسي الفريد,,,TN4254,Kassérine,القصرين,,,TN42,Centre West,الوسط الغربي,,,TN4,Tunisie,,,,TN,2022-11-15,,v01,fr,ar,,,POINT (8.910250449999978 34.96267984399998)
3,Sbeitla,سبيطلة,,,9.05779248,35.24214293,,,,,,Sbeitla,سبيطلة,,,TN4255,Kassérine,القصرين,,,TN42,Centre West,الوسط الغربي,,,TN4,Tunisie,,,,TN,2022-11-15,,v01,fr,ar,,,POINT (9.057792479 35.24214293199998)
3,Sbiba,سبيبة,,,9.16933877,35.49605282,,,,,,Sbiba,سبيبة,,,TN4256,Kassérine,القصرين,,,TN42,Centre West,الوسط الغربي,,,TN4,Tunisie,,,,TN,2022-11-15,,v01,fr,ar,,,POINT (9.169338767999989 35.49605281999999)
3,Jedeliane,جدليان,,,8.8863631,35.65703618,,,,,,Jedeliane,جدليان,,,TN4257,Kassérine,القصرين,,,TN42,Centre West,الوسط الغربي,,,TN4,Tunisie,,,,TN,2022-11-15,,v01,fr,ar,,,POINT (8.886363096000025 35.65703617899999)
3,Ayoun,العيون,,,8.90936122,35.48989943,,,,,,Ayoun,العيون,,,TN4258,Kassérine,القصرين,,,TN42,Centre West,الوسط الغربي,,,TN4,Tunisie,,,,TN,2022-11-15,,v01,fr,ar,,,POINT (8.909361223000019 35.489899433000005)
3,Thala,تالة,,,8.66070548,35.57671385,,,,,,Thala,تالة,,,TN4259,Kassérine,القصرين,,,TN42,Centre West,الوسط الغربي,,,TN4,Tunisie,,,,TN,2022-11-15,,v01,fr,ar,,,POINT (8.660705484000005 35.576713853)
3,Hidra,حيدرة,,,8.46685708,35.54079882,,,,,,Hidra,حيدرة,,,TN4260,Kassérine,القصرين,,,TN42,Centre West,الوسط الغربي,,,TN4,Tunisie,,,,TN,2022-11-15,,v01,fr,ar,,,POINT (8.466857076999986 35.54079882299999)
3,Foussana,فوسانة,,,8.56584108,35.34079749,,,,,,Foussana,فوسانة,,,TN4261,Kassérine,القصرين,,,TN42,Centre West,الوسط الغربي,,,TN4,Tunisie,,,,TN,2022-11-15,,v01,fr,ar,,,POINT (8.565841076000027 35.34079749)
3,Feriana,فريانة,,,8.44992289,35.03021087,,,,,,Feriana,فريانة,,,TN4262,Kassérine,القصرين,,,TN42,Centre West,الوسط الغربي,,,TN4,Tunisie,,,,TN,2022-11-15,,v01,fr,ar,,,POINT (8.449922887000014 35.03021086799998)
3,Majel Belabbes,ماجل بلعباس,,,8.55077207,34.76401021,,,,,,Majel Belabbes,ماجل بلعباس,,,TN4263,Kassérine,القصرين,,,TN42,Centre West,الوسط الغربي,,,TN4,Tunisie,,,,TN,2022-11-15,,v01,fr,ar,,,POINT (8.550772067000025 34.764010208)
3,Sidi Bouzid Ouest,سيدي بوزيد الغربية,,,9.41296118,34.98576128,,,,,,Sidi Bouzid Ouest,سيدي بوزيد الغربية,,,TN4351,Sidi Bou Zid,سيدي بوزيد,,,TN43,Centre West,الوسط الغربي,,,TN4,Tunisie,,,,TN,2022-11-15,,v01,fr,ar,,,POINT (9.41296117600001 34.98576128299999)
3,Sidi Bouzid Est,سيدي بوزيد الشرقية,,,9.60452269,35.07232939,,,,,,Sidi Bouzid Est,سيدي بوزيد الشرقية,,,TN4352,Sidi Bou Zid,سيدي بوزيد,,,TN43,Centre West,الوسط الغربي,,,TN4,Tunisie,,,,TN,2022-11-15,,v01,fr,ar,,,POINT (9.604522687999975 35.07232939300002)
3,Jelma,جلمة,,,9.39451025,35.32942675,,,,,,Jelma,جلمة,,,TN4353,Sidi Bou Zid,سيدي بوزيد,,,TN43,Centre West,الوسط الغربي,,,TN4,Tunisie,,,,TN,2022-11-15,,v01,fr,ar,,,POINT (9.39451025400001 35.32942675100003)
3,Sabalat Ouled Asker,سبالة أولاد عسكر,,,9.31273826,35.22836674,,,,,,Sabalat Ouled Asker,سبالة أولاد عسكر,,,TN4354,Sidi Bou Zid,سيدي بوزيد,,,TN43,Centre West,الوسط الغربي,,,TN4,Tunisie,,,,TN,2022-11-15,,v01,fr,ar,,,POINT (9.312738259000014 35.22836673699999)
3,Bir El Hfay,بئر الحفي,,,9.28437663,34.87419259,,,,,,Bir El Hfay,بئر الحفي,,,TN4355,Sidi Bou Zid,سيدي بوزيد,,,TN43,Centre West,الوسط الغربي,,,TN4,Tunisie,,,,TN,2022-11-15,,v01,fr,ar,,,POINT (9.284376628000018 34.87419258699998)
3,Sidi Ali Ben Aoun,سيدي علي بن عون,,,9.09979232,34.82336654,,,,,,Sidi Ali Ben Aoun,سيدي علي بن عون,,,TN4356,Sidi Bou Zid,سيدي بوزيد,,,TN43,Centre West,الوسط الغربي,,,TN4,Tunisie,,,,TN,2022-11-15,,v01,fr,ar,,,POINT (9.09979232500001 34.82336654400001)
3,Menzel Bouzaiene,منزل بوزيان,,,9.38720972,34.6285044,,,,,,Menzel Bouzaiene,منزل بوزيان,,,TN4357,Sidi Bou Zid,سيدي بوزيد,,,TN43,Centre West,الوسط الغربي,,,TN4,Tunisie,,,,TN,2022-11-15,,v01,fr,ar,,,POINT (9.387209723000012 34.62850439499999)
3,Meknassi,المكناسي,,,9.66263792,34.63557401,,,,,,Meknassi,المكناسي,,,TN4358,Sidi Bou Zid,سيدي بوزيد,,,TN43,Centre West,الوسط الغربي,,,TN4,Tunisie,,,,TN,2022-11-15,,v01,fr,ar,,,POINT (9.662637921999988 34.635574012000006)
3,Souk Jedid,سوق الجديد,,,9.54903339,34.86709245,,,,,,Souk Jedid,سوق الجديد,,,TN4359,Sidi Bou Zid,سيدي بوزيد,,,TN43,Centre West,الوسط الغربي,,,TN4,Tunisie,,,,TN,2022-11-15,,v01,fr,ar,,,POINT (9.549033387000009 34.867092445000026)
3,Mazzouna,المزونة,,,9.68983465,34.46276272,,,,,,Mazzouna,المزونة,,,TN4360,Sidi Bou Zid,سيدي بوزيد,,,TN43,Centre West,الوسط الغربي,,,TN4,Tunisie,,,,TN,2022-11-15,,v01,fr,ar,,,POINT (9.689834646999998 34.46276271800002)
3,Regueb,الرقاب,,,9.80156282,34.85419178,,,,,,Regueb,الرقاب,,,TN4361,Sidi Bou Zid,سيدي بوزيد,,,TN43,Centre West,الوسط الغربي,,,TN4,Tunisie,,,,TN,2022-11-15,,v01,fr,ar,,,POINT (9.80156281699999 34.85419178400002)
3,Ouled Haffouz,أولاد حفوز,,,9.86073322,35.09971112,,,,,,Ouled Haffouz,أولاد حفوز,,,TN4362,Sidi Bou Zid,سيدي بوزيد,,,TN43,Centre West,الوسط الغربي,,,TN4,Tunisie,,,,TN,2022-11-15,,v01,fr,ar,,,POINT (9.860733223000011 35.099711121999974)
3,Gabès Médina,قابس المدينة,,,10.09519438,33.90385931,,,,,,Gabès Médina,قابس المدينة,,,TN5151,Gabès,قابس,,,TN51,South East,الجنوب الشرقي,,,TN5,Tunisie,,,,TN,2022-11-15,,v01,fr,ar,,,POINT (10.095194375000005 33.90385931200001)
3,Gabès Ouest,قابس الغربية,,,9.99809613,33.87804328,,,,,,Gabès Ouest,قابس الغربية,,,TN5152,Gabès,قابس,,,TN51,South East,الجنوب الشرقي,,,TN5,Tunisie,,,,TN,2022-11-15,,v01,fr,ar,,,POINT (9.998096128999975 33.878043280999975)
3,Gabès Sud,قابس الجنوبية,,,10.0525453,33.77953621,,,,,,Gabès Sud,قابس الجنوبية,,,TN5153,Gabès,قابس,,,TN51,South East,الجنوب الشرقي,,,TN5,Tunisie,,,,TN,2022-11-15,,v01,fr,ar,,,POINT (10.052545296000005 33.77953621400002)
3,Ghannouch,غنوش,,,10.05442872,33.94781641,,,,,,Ghannouch,غنوش,,,TN5154,Gabès,قابس,,,TN51,South East,الجنوب الشرقي,,,TN5,Tunisie,,,,TN,2022-11-15,,v01,fr,ar,,,POINT (10.054428719999976 33.94781641100002)
3,Metouia,المطوية,,,9.95185115,34.06137965,,,,,,Metouia,المطوية,,,TN5155,Gabès,قابس,,,TN51,South East,الجنوب الشرقي,,,TN5,Tunisie,,,,TN,2022-11-15,,v01,fr,ar,,,POINT (9.951851146000024 34.061379647000024)
3,Menzel Habib,منزل الحبيب,,,9.58828403,34.15372612,,,,,,Menzel Habib,منزل الحبيب,,,TN5156,Gabès,قابس,,,TN51,South East,الجنوب الشرقي,,,TN5,Tunisie,,,,TN,2022-11-15,,v01,fr,ar,,,POINT (9.588284030000011 34.153726119)
3,Hamma,الحامة,,,9.59308365,33.86020252,,,,,,Hamma,الحامة,,,TN5157,Gabès,قابس,,,TN51,South East,الجنوب الشرقي,,,TN5,Tunisie,,,,TN,2022-11-15,,v01,fr,ar,,,POINT (9.593083649999983 33.86020251999997)
3,Matmata,مطماطة,,,9.80770432,33.46631229,,,,,,Matmata,مطماطة,,,TN5158,Gabès,قابس,,,TN51,South East,الجنوب الشرقي,,,TN5,Tunisie,,,,TN,2022-11-15,,v01,fr,ar,,,POINT (9.807704317000002 33.46631229399998)
3,Matmata Nouvelle,مطماطة الجديدة,,,10.00948301,33.61714535,,,,,,Matmata Nouvelle,مطماطة الجديدة,,,TN5159,Gabès,قابس,,,TN51,South East,الجنوب الشرقي,,,TN5,Tunisie,,,,TN,2022-11-15,,v01,fr,ar,,,POINT (10.009483009000007 33.61714534599997)
3,Mareth,مارث,,,10.25460717,33.55876581,,,,,,Mareth,مارث,,,TN5160,Gabès,قابس,,,TN51,South East,الجنوب الشرقي,,,TN5,Tunisie,,,,TN,2022-11-15,,v01,fr,ar,,,POINT (10.25460717499999 33.558765807999976)
3,Médenine Nord,مدنين الشمالية,,,10.39271425,33.36360782,,,,,,Médenine Nord,مدنين الشمالية,,,TN5251,Médenine,مدنين,,,TN52,South East,الجنوب الشرقي,,,TN5,Tunisie,,,,TN,2022-11-15,,v01,fr,ar,,,POINT (10.392714247000015 33.363607822000006)
3,Médenine Sud,مدنين الجنوبية,,,10.65401647,33.41907932,,,,,,Médenine Sud,مدنين الجنوبية,,,TN5252,Médenine,مدنين,,,TN52,South East,الجنوب الشرقي,,,TN5,Tunisie,,,,TN,2022-11-15,,v01,fr,ar,,,POINT (10.654016472000023 33.41907931700001)
3,Beni Khedache,بني خداش,,,10.09646008,33.24049565,,,,,,Beni Khedache,بني خداش,,,TN5253,Médenine,مدنين,,,TN52,South East,الجنوب الشرقي,,,TN5,Tunisie,,,,TN,2022-11-15,,v01,fr,ar,,,POINT (10.096460074999982 33.240495650000014)
3,Ben Guerdane,بنقردان,,,11.30293377,32.82211509,,,,,,Ben Guerdane,بنقردان,,,TN5254,Médenine,مدنين,,,TN52,South East,الجنوب الشرقي,,,TN5,Tunisie,,,,TN,2022-11-15,,v01,fr,ar,,,POINT (11.302933764999977 32.822115086999986)
3,Zarzis,جرجيس,,,10.93521386,33.46437018,,,,,,Zarzis,جرجيس,,,TN5255,Médenine,مدنين,,,TN52,South East,الجنوب الشرقي,,,TN5,Tunisie,,,,TN,2022-11-15,,v01,fr,ar,,,POINT (10.935213858999987 33.46437017699998)
3,Houmt Souk,جربة حومة السوق,,,10.86718616,33.85030144,,,,,,Houmt Souk,جربة حومة السوق,,,TN5256,Médenine,مدنين,,,TN52,South East,الجنوب الشرقي,,,TN5,Tunisie,,,,TN,2022-11-15,,v01,fr,ar,,,POINT (10.867186159000028 33.850301444000024)
3,Djerba Midoun,جربة ميدون,,,10.9513388,33.76462773,,,,,,Djerba Midoun,جربة ميدون,,,TN5257,Médenine,مدنين,,,TN52,South East,الجنوب الشرقي,,,TN5,Tunisie,,,,TN,2022-11-15,,v01,fr,ar,,,POINT (10.951338797000005 33.76462772899998)
3,Djerba Ajim,جربة أجيم,,,10.80130431,33.73946699,,,,,,Djerba Ajim,جربة أجيم,,,TN5258,Médenine,مدنين,,,TN52,South East,الجنوب الشرقي,,,TN5,Tunisie,,,,TN,2022-11-15,,v01,fr,ar,,,POINT (10.801304308999988 33.739466987000014)
3,Sidi Makhlouf,سيدي مخلوف,,,10.47963487,33.54086346,,,,,,Sidi Makhlouf,سيدي مخلوف,,,TN5259,Médenine,مدنين,,,TN52,South East,الجنوب الشرقي,,,TN5,Tunisie,,,,TN,2022-11-15,,v01,fr,ar,,,POINT (10.479634868000005 33.54086345500002)
3,Tataouine Nord,تطاوين الشمالية,,,10.62324471,32.70343721,,,,,,Tataouine Nord,تطاوين الشمالية,,,TN5351,Tataouine,تطاوين,,,TN53,South East,الجنوب الشرقي,,,TN5,Tunisie,,,,TN,2022-11-15,,v01,fr,ar,,,POINT (10.62324470499999 32.703437210000004)
3,Tataouine Sud,تطاوين الجنوبية,,,10.18712275,32.77869378,,,,,,Tataouine Sud,تطاوين الجنوبية,,,TN5352,Tataouine,تطاوين,,,TN53,South East,الجنوب الشرقي,,,TN5,Tunisie,,,,TN,2022-11-15,,v01,fr,ar,,,POINT (10.187122752999983 32.778693781000015)
3,Samar,الصمار,,,10.97329387,32.70343721,,,,,,Samar,الصمار,,,TN5353,Tataouine,تطاوين,,,TN53,South East,الجنوب الشرقي,,,TN5,Tunisie,,,,TN,2022-11-15,,v01,fr,ar,,,POINT (10.973293868999974 32.703437210000004)
3,Bir Lahmar,بئر الأحمر,,,10.43927359,33.14441082,,,,,,Bir Lahmar,بئر الأحمر,,,TN5354,Tataouine,تطاوين,,,TN53,South East,الجنوب الشرقي,,,TN5,Tunisie,,,,TN,2022-11-15,,v01,fr,ar,,,POINT (10.439273594999975 33.144410816999994)
3,Ghomrassen,غمراسن,,,10.20875685,33.04624207,,,,,,Ghomrassen,غمراسن,,,TN5355,Tataouine,تطاوين,,,TN53,South East,الجنوب الشرقي,,,TN5,Tunisie,,,,TN,2022-11-15,,v01,fr,ar,,,POINT (10.208756853000011 33.04624207299997)
3,Dhiba,ذهيبة,,,10.47039035,31.97009,,,,,,Dhiba,ذهيبة,,,TN5356,Tataouine,تطاوين,,,TN53,South East,الجنوب الشرقي,,,TN5,Tunisie,,,,TN,2022-11-15,,v01,fr,ar,,,POINT (10.470390349000013 31.970089996000013)
3,Remada,رمادة,,,9.65261911,31.54837644,,,,,,Remada,رمادة,,,TN5357,Tataouine,تطاوين,,,TN53,South East,الجنوب الشرقي,,,TN5,Tunisie,,,,TN,2022-11-15,,v01,fr,ar,,,POINT (9.65261910800001 31.548376441000016)
3,Gafsa Nord,قفصة الشمالية,,,8.8632766,34.57708505,,,,,,Gafsa Nord,قفصة الشمالية,,,TN6151,Gafsa,قفصة,,,TN61,South West,الجنوب الغربي,,,TN6,Tunisie,,,,TN,2022-11-15,,v01,fr,ar,,,POINT (8.863276598000027 34.577085049999994)
3,Sidi Aich,سيدي عيش,,,8.82109051,34.6940748,,,,,,Sidi Aich,سيدي عيش,,,TN6152,Gafsa,قفصة,,,TN61,South West,الجنوب الغربي,,,TN6,Tunisie,,,,TN,2022-11-15,,v01,fr,ar,,,POINT (8.821090511000023 34.694074801)
3,Ksar,القصر,,,8.91860157,34.41212051,,,,,,Ksar,القصر,,,TN6153,Gafsa,قفصة,,,TN61,South West,الجنوب الغربي,,,TN6,Tunisie,,,,TN,2022-11-15,,v01,fr,ar,,,POINT (8.91860157100001 34.41212051399998)
3,Gafsa Sud,قفصة الجنوبية,,,8.67669942,34.44377161,,,,,,Gafsa Sud,قفصة الجنوبية,,,TN6154,Gafsa,قفصة,,,TN61,South West,الجنوب الغربي,,,TN6,Tunisie,,,,TN,2022-11-15,,v01,fr,ar,,,POINT (8.676699421000023 34.44377161199998)
3,Oum Larais,أم العرائس,,,8.344887,34.56678158,,,,,,Oum Larais,أم العرائس,,,TN6155,Gafsa,قفصة,,,TN61,South West,الجنوب الغربي,,,TN6,Tunisie,,,,TN,2022-11-15,,v01,fr,ar,,,POINT (8.344887002000007 34.56678157499999)
3,Redeyef,الرديف,,,8.13309149,34.35324686,,,,,,Redeyef,الرديف,,,TN6156,Gafsa,قفصة,,,TN61,South West,الجنوب الغربي,,,TN6,Tunisie,,,,TN,2022-11-15,,v01,fr,ar,,,POINT (8.133091487000002 34.35324685900002)
3,Metlaoui,المتلوي,,,8.31197228,34.23497726,,,,,,Metlaoui,المتلوي,,,TN6157,Gafsa,قفصة,,,TN61,South West,الجنوب الغربي,,,TN6,Tunisie,,,,TN,2022-11-15,,v01,fr,ar,,,POINT (8.311972278999974 34.23497726400001)
3,Mdhilla,المضيلة,,,8.69715667,34.20099882,,,,,,Mdhilla,المضيلة,,,TN6158,Gafsa,قفصة,,,TN61,South West,الجنوب الغربي,,,TN6,Tunisie,,,,TN,2022-11-15,,v01,fr,ar,,,POINT (8.697156672999995 34.200998825)
3,Guetar,القطار,,,8.965877,34.27165863,,,,,,Guetar,القطار,,,TN6159,Gafsa,قفصة,,,TN61,South West,الجنوب الغربي,,,TN6,Tunisie,,,,TN,2022-11-15,,v01,fr,ar,,,POINT (8.96587699700001 34.271658634000005)
3,Belkhir,بلخير,,,9.41814542,34.33522583,,,,,,Belkhir,بلخير,,,TN6160,Gafsa,قفصة,,,TN61,South West,الجنوب الغربي,,,TN6,Tunisie,,,,TN,2022-11-15,,v01,fr,ar,,,POINT (9.418145418999984 34.33522583000001)
3,Sened,السند,,,9.16763564,34.54331736,,,,,,Sened,السند,,,TN6161,Gafsa,قفصة,,,TN61,South West,الجنوب الغربي,,,TN6,Tunisie,,,,TN,2022-11-15,,v01,fr,ar,,,POINT (9.16763563500001 34.54331736)
3,Tozeur,توزر,,,8.11182516,33.91348287,,,,,,Tozeur,توزر,,,TN6251,Tozeur,توزر,,,TN62,South West,الجنوب الغربي,,,TN6,Tunisie,,,,TN,2022-11-15,,v01,fr,ar,,,POINT (8.111825163999981 33.913482870999985)
3,Degueche,دقاش,,,8.36671028,34.03386544,,,,,,Degueche,دقاش,,,TN6252,Tozeur,توزر,,,TN62,South West,الجنوب الغربي,,,TN6,Tunisie,,,,TN,2022-11-15,,v01,fr,ar,,,POINT (8.366710278000028 34.033865436999974)
3,Tamaghza,تمغزة,,,7.89113982,34.29030034,,,,,,Tamaghza,تمغزة,,,TN6253,Tozeur,توزر,,,TN62,South West,الجنوب الغربي,,,TN6,Tunisie,,,,TN,2022-11-15,,v01,fr,ar,,,POINT (7.891139817999999 34.29030033700002)
3,Nefta,نفطة,,,7.87245171,33.82049163,,,,,,Nefta,نفطة,,,TN6254,Tozeur,توزر,,,TN62,South West,الجنوب الغربي,,,TN6,Tunisie,,,,TN,2022-11-15,,v01,fr,ar,,,POINT (7.872451706999982 33.820491629)
3,Hazoua,حزوة,,,7.64937208,33.76641627,,,,,,Hazoua,حزوة,,,TN6255,Tozeur,توزر,,,TN62,South West,الجنوب الغربي,,,TN6,Tunisie,,,,TN,2022-11-15,,v01,fr,ar,,,POINT (7.6493720770000095 33.766416271000026)
3,Kebili Sud,قبلي الجنوبية,,,9.21173126,33.61797056,,,,,,Kebili Sud,قبلي الجنوبية,,,TN6351,Kebili,قبلي,,,TN63,South West,الجنوب الغربي,,,TN6,Tunisie,,,,TN,2022-11-15,,v01,fr,ar,,,POINT (9.21173126399998 33.617970558000025)
3,Kebili Nord,قبلي الشمالية,,,9.16919538,33.86905628,,,,,,Kebili Nord,قبلي الشمالية,,,TN6352,Kebili,قبلي,,,TN63,South West,الجنوب الغربي,,,TN6,Tunisie,,,,TN,2022-11-15,,v01,fr,ar,,,POINT (9.169195381000009 33.869056278000016)
3,Souk El Ahed,سوق الأحد,,,8.80244863,33.90598889,,,,,,Souk El Ahed,سوق الأحد,,,TN6353,Kebili,قبلي,,,TN63,South West,الجنوب الغربي,,,TN6,Tunisie,,,,TN,2022-11-15,,v01,fr,ar,,,POINT (8.802448629000025 33.90598888599999)
3,Douz Nord,دوز الشمالية,,,9.59921421,33.20279283,,,,,,Douz Nord,دوز الشمالية,,,TN6354,Kebili,قبلي,,,TN63,South West,الجنوب الغربي,,,TN6,Tunisie,,,,TN,2022-11-15,,v01,fr,ar,,,POINT (9.59921420500001 33.20279283299999)
3,Douz Sud,دوز الجنوبية,,,9.14556174,33.07044601,,,,,,Douz Sud,دوز الجنوبية,,,TN6355,Kebili,قبلي,,,TN63,South West,الجنوب الغربي,,,TN6,Tunisie,,,,TN,2022-11-15,,v01,fr,ar,,,POINT (9.14556173599999 33.07044601199999)
3,Faouar,فوار,,,8.41668431,33.14507346,,,,,,Faouar,فوار,,,TN6356,Kebili,قبلي,,,TN63,South West,الجنوب الغربي,,,TN6,Tunisie,,,,TN,2022-11-15,,v01,fr,ar,,,POINT (8.416684309000004 33.14507346099998)
4,Sidi Bou Said,سيدي بوسعيد,,,10.34800908,36.87105783,Sidi Bou Said,سيدي بوسعيد,,,TN115151,Carthage,قرطاج,,,TN1151,Tunis,تونس,,,TN11,North East,الشمال الشرقي,,,TN1,Tunisie,,,,TN,2022-11-15,,v01,fr,ar,,,POINT (10.348009078000018 36.871057828000005)
4,Amilcar,أميلكار,,,10.33733156,36.87175355,Amilcar,أميلكار,,,TN115152,Carthage,قرطاج,,,TN1151,Tunis,تونس,,,TN11,North East,الشمال الشرقي,,,TN1,Tunisie,,,,TN,2022-11-15,,v01,fr,ar,,,POINT (10.337331559999996 36.871753549000005)
4,Carthage Byrsa,قرطاج بيرصا,,,10.32411789,36.85664353,Carthage Byrsa,قرطاج بيرصا,,,TN115153,Carthage,قرطاج,,,TN1151,Tunis,تونس,,,TN11,North East,الشمال الشرقي,,,TN1,Tunisie,,,,TN,2022-11-15,,v01,fr,ar,,,POINT (10.324117891000014 36.85664353300001)
4,Carthage Plage,قرطاج الشاطىء,,,10.32957575,36.85140788,Carthage Plage,قرطاج الشاطىء,,,TN115154,Carthage,قرطاج,,,TN1151,Tunis,تونس,,,TN11,North East,الشمال الشرقي,,,TN1,Tunisie,,,,TN,2022-11-15,,v01,fr,ar,,,POINT (10.329575749000014 36.85140787500001)
4,Le Jasmin,الياسمينة,,,10.30964126,36.84717816,Le Jasmin,الياسمينة,,,TN115155,Carthage,قرطاج,,,TN1151,Tunis,تونس,,,TN11,North East,الشمال الشرقي,,,TN1,Tunisie,,,,TN,2022-11-15,,v01,fr,ar,,,POINT (10.309641263999993 36.84717815800002)
4,Cite Mohamed Ali,حي محمد علي,,,10.31096595,36.85193072,Cite Mohamed Ali,حي محمد علي,,,TN115156,Carthage,قرطاج,,,TN1151,Tunis,تونس,,,TN11,North East,الشمال الشرقي,,,TN1,Tunisie,,,,TN,2022-11-15,,v01,fr,ar,,,POINT (10.310965950000025 36.85193072499999)
4,La Medina,المدينة,,,10.16803723,36.80288704,La Medina,المدينة,,,TN115251,Médina,المدينة,,,TN1152,Tunis,تونس,,,TN11,North East,الشمال الشرقي,,,TN1,Tunisie,,,,TN,2022-11-15,,v01,fr,ar,,,POINT (10.168037234999986 36.802887037000005)
4,El Hafsia,الحفصية,,,10.17137056,36.8032077,El Hafsia,الحفصية,,,TN115252,Médina,المدينة,,,TN1152,Tunis,تونس,,,TN11,North East,الشمال الشرقي,,,TN1,Tunisie,,,,TN,2022-11-15,,v01,fr,ar,,,POINT (10.171370557999978 36.803207695000026)
4,Bab Benat,باب البنات,,,10.1670208,36.80064962,Bab Benat,باب البنات,,,TN115253,Médina,المدينة,,,TN1152,Tunis,تونس,,,TN11,North East,الشمال الشرقي,,,TN1,Tunisie,,,,TN,2022-11-15,,v01,fr,ar,,,POINT (10.167020799 36.800649616999976)
4,Souk El Nhes,سوق النحاس,,,10.17054125,36.79986102,Souk El Nhes,سوق النحاس,,,TN115254,Médina,المدينة,,,TN1152,Tunis,تونس,,,TN11,North East,الشمال الشرقي,,,TN1,Tunisie,,,,TN,2022-11-15,,v01,fr,ar,,,POINT (10.170541250999975 36.79986101700001)
4,El Assouak,الأسواق,,,10.17014858,36.79707346,El Assouak,الأسواق,,,TN115255,Médina,المدينة,,,TN1152,Tunis,تونس,,,TN11,North East,الشمال الشرقي,,,TN1,Tunisie,,,,TN,2022-11-15,,v01,fr,ar,,,POINT (10.170148580999978 36.797073463000004)
4,Bab Mnara,باب المنارة,,,10.16630487,36.79498618,Bab Mnara,باب المنارة,,,TN115256,Médina,المدينة,,,TN1152,Tunis,تونس,,,TN11,North East,الشمال الشرقي,,,TN1,Tunisie,,,,TN,2022-11-15,,v01,fr,ar,,,POINT (10.166304867999997 36.79498618500003)
4,Tourbet El Bey,تربة الباي,,,10.17114975,36.79407106,Tourbet El Bey,تربة الباي,,,TN115257,Médina,المدينة,,,TN1152,Tunis,تونس,,,TN11,North East,الشمال الشرقي,,,TN1,Tunisie,,,,TN,2022-11-15,,v01,fr,ar,,,POINT (10.171149753999998 36.79407105600001)
4,El Zraria,الزرارعية,,,10.17384587,36.80114305,El Zraria,الزرارعية,,,TN115258,Médina,المدينة,,,TN1152,Tunis,تونس,,,TN11,North East,الشمال الشرقي,,,TN1,Tunisie,,,,TN,2022-11-15,,v01,fr,ar,,,POINT (10.173845871000026 36.80114305400002)
4,Sidi Ali Azouz,سيدي علي عزوز,,,10.17391168,36.79724849,Sidi Ali Azouz,سيدي علي عزوز,,,TN115259,Médina,المدينة,,,TN1152,Tunis,تونس,,,TN11,North East,الشمال الشرقي,,,TN1,Tunisie,,,,TN,2022-11-15,,v01,fr,ar,,,POINT (10.173911680999993 36.797248492999984)
4,El Taoufik,التوفيق,,,10.16429981,36.79954644,El Taoufik,التوفيق,,,TN115260,Médina,المدينة,,,TN1152,Tunis,تونس,,,TN11,North East,الشمال الشرقي,,,TN1,Tunisie,,,,TN,2022-11-15,,v01,fr,ar,,,POINT (10.164299809 36.79954643999997)
4,El Sabaghine,الصباغين,,,10.17350018,36.79435858,El Sabaghine,الصباغين,,,TN115261,Médina,المدينة,,,TN1152,Tunis,تونس,,,TN11,North East,الشمال الشرقي,,,TN1,Tunisie,,,,TN,2022-11-15,,v01,fr,ar,,,POINT (10.173500182999987 36.79435858099998)
4,Sidi Boumendil,سيدي بومنديل,,,10.17531797,36.79451385,Sidi Boumendil,سيدي بومنديل,,,TN115262,Médina,المدينة,,,TN1152,Tunis,تونس,,,TN11,North East,الشمال الشرقي,,,TN1,Tunisie,,,,TN,2022-11-15,,v01,fr,ar,,,POINT (10.175317968000002 36.79451384999999)
4,Bab El Bhar,باب البحر,,,10.17750126,36.79414983,Bab El Bhar,باب البحر,,,TN115351,Bab Bhar,باب البحر,,,TN1153,Tunis,تونس,,,TN11,North East,الشمال الشرقي,,,TN1,Tunisie,,,,TN,2022-11-15,,v01,fr,ar,,,POINT (10.177501259999985 36.794149828)
4,Les Jardins,الحدائق,,,10.18959731,36.80938034,Les Jardins,الحدائق,,,TN115352,Bab Bhar,باب البحر,,,TN1153,Tunis,تونس,,,TN11,North East,الشمال الشرقي,,,TN1,Tunisie,,,,TN,2022-11-15,,v01,fr,ar,,,POINT (10.189597314000025 36.80938033699999)
4,Lac De Tunis,بحيرة تونس,,,10.19886569,36.79090043,Lac De Tunis,بحيرة تونس,,,TN115353,Bab Bhar,باب البحر,,,TN1153,Tunis,تونس,,,TN11,North East,الشمال الشرقي,,,TN1,Tunisie,,,,TN,2022-11-15,,v01,fr,ar,,,POINT (10.198865685999976 36.79090043100001)
4,Mongi Slim,المنجي سليم,,,10.17800491,36.80254119,Mongi Slim,المنجي سليم,,,TN115354,Bab Bhar,باب البحر,,,TN1153,Tunis,تونس,,,TN11,North East,الشمال الشرقي,,,TN1,Tunisie,,,,TN,2022-11-15,,v01,fr,ar,,,POINT (10.17800490899998 36.80254119099999)
4,Habib Thameur,الحبيب ثامر,,,10.20034657,36.80334805,Habib Thameur,الحبيب ثامر,,,TN115355,Bab Bhar,باب البحر,,,TN1153,Tunis,تونس,,,TN11,North East,الشمال الشرقي,,,TN1,Tunisie,,,,TN,2022-11-15,,v01,fr,ar,,,POINT (10.200346571000011 36.803348054000026)
4,Taieb El M'Hiri,الطيب المهيري,,,10.17989078,36.8189981,Taieb El M'Hiri,الطيب المهيري,,,TN115356,Bab Bhar,باب البحر,,,TN1153,Tunis,تونس,,,TN11,North East,الشمال الشرقي,,,TN1,Tunisie,,,,TN,2022-11-15,,v01,fr,ar,,,POINT (10.179890783000019 36.81899809700002)
4,Hedi Chaker,الهادي شاكر,,,10.17697164,36.81151734,Hedi Chaker,الهادي شاكر,,,TN115357,Bab Bhar,باب البحر,,,TN1153,Tunis,تونس,,,TN11,North East,الشمال الشرقي,,,TN1,Tunisie,,,,TN,2022-11-15,,v01,fr,ar,,,POINT (10.176971636000019 36.81151734500003)
4,Sidi El Bahri,سيدي البحري,,,10.17612119,36.80760816,Sidi El Bahri,سيدي البحري,,,TN115358,Bab Bhar,باب البحر,,,TN1153,Tunis,تونس,,,TN11,North East,الشمال الشرقي,,,TN1,Tunisie,,,,TN,2022-11-15,,v01,fr,ar,,,POINT (10.176121188000025 36.80760816200001)
4,Tronja,ترنجة,,,10.1739197,36.80400639,Tronja,ترنجة,,,TN115451,Bab Souika,باب سويقة,,,TN1154,Tunis,تونس,,,TN11,North East,الشمال الشرقي,,,TN1,Tunisie,,,,TN,2022-11-15,,v01,fr,ar,,,POINT (10.173919704000014 36.80400639300001)
4,Bab El Khadra,باب الخضراء,,,10.17128434,36.81035211,Bab El Khadra,باب الخضراء,,,TN115452,Bab Souika,باب سويقة,,,TN1154,Tunis,تونس,,,TN11,North East,الشمال الشرقي,,,TN1,Tunisie,,,,TN,2022-11-15,,v01,fr,ar,,,POINT (10.171284344000014 36.81035210900001)
4,Bab Saadoun,باب سعدون,,,10.16298983,36.80636125,Bab Saadoun,باب سعدون,,,TN115453,Bab Souika,باب سويقة,,,TN1154,Tunis,تونس,,,TN11,North East,الشمال الشرقي,,,TN1,Tunisie,,,,TN,2022-11-15,,v01,fr,ar,,,POINT (10.162989829000026 36.806361245999994)
4,Borj Zouara,برج زوارة,,,10.15660951,36.8042863,Borj Zouara,برج زوارة,,,TN115454,Bab Souika,باب سويقة,,,TN1154,Tunis,تونس,,,TN11,North East,الشمال الشرقي,,,TN1,Tunisie,,,,TN,2022-11-15,,v01,fr,ar,,,POINT (10.15660950900002 36.804286303000026)
4,Bab El Assel,باب العسل,,,10.16693041,36.81125229,Bab El Assel,باب العسل,,,TN115455,Bab Souika,باب سويقة,,,TN1154,Tunis,تونس,,,TN11,North East,الشمال الشرقي,,,TN1,Tunisie,,,,TN,2022-11-15,,v01,fr,ar,,,POINT (10.166930406999995 36.81125228600001)
4,El Halfaouine,الحلفاوين,,,10.1656311,36.80739392,El Halfaouine,الحلفاوين,,,TN115456,Bab Souika,باب سويقة,,,TN1154,Tunis,تونس,,,TN11,North East,الشمال الشرقي,,,TN1,Tunisie,,,,TN,2022-11-15,,v01,fr,ar,,,POINT (10.165631104 36.807393918)
4,Bab Souika,باب سويقة,,,10.16896218,36.80694269,Bab Souika,باب سويقة,,,TN115457,Bab Souika,باب سويقة,,,TN1154,Tunis,تونس,,,TN11,North East,الشمال الشرقي,,,TN1,Tunisie,,,,TN,2022-11-15,,v01,fr,ar,,,POINT (10.168962179999994 36.806942687)
4,Bab Sidi Abdessalem,باب سيدي عبد السلام,,,10.16487347,36.80936072,Bab Sidi Abdessalem,باب سيدي عبد السلام,,,TN115458,Bab Souika,باب سويقة,,,TN1154,Tunis,تونس,,,TN11,North East,الشمال الشرقي,,,TN1,Tunisie,,,,TN,2022-11-15,,v01,fr,ar,,,POINT (10.16487347399999 36.809360724999976)
4,Zaouiet El Bekria,الزاوية البكرية,,,10.16147958,36.80835493,Zaouiet El Bekria,الزاوية البكرية,,,TN115459,Bab Souika,باب سويقة,,,TN1154,Tunis,تونس,,,TN11,North East,الشمال الشرقي,,,TN1,Tunisie,,,,TN,2022-11-15,,v01,fr,ar,,,POINT (10.16147958099998 36.80835492699998)
4,Hammam El Rmimi,حمام الرميمي,,,10.17252143,36.80694269,Hammam El Rmimi,حمام الرميمي,,,TN115460,Bab Souika,باب سويقة,,,TN1154,Tunis,تونس,,,TN11,North East,الشمال الشرقي,,,TN1,Tunisie,,,,TN,2022-11-15,,v01,fr,ar,,,POINT (10.172521427999982 36.806942687)
4,Sidi Djebali,سيدي الجبالي,,,10.16558483,36.80447103,Sidi Djebali,سيدي الجبالي,,,TN115461,Bab Souika,باب سويقة,,,TN1154,Tunis,تونس,,,TN11,North East,الشمال الشرقي,,,TN1,Tunisie,,,,TN,2022-11-15,,v01,fr,ar,,,POINT (10.16558482900001 36.80447102800002)
4,El Omrane,العمران,,,10.16763181,36.81500293,El Omrane,العمران,,,TN115551,Omrane,العمران,,,TN1155,Tunis,تونس,,,TN11,North East,الشمال الشرقي,,,TN1,Tunisie,,,,TN,2022-11-15,,v01,fr,ar,,,POINT (10.167631812000025 36.81500292499999)
4,Djebel El Ahmar,الجبل الأحمر,,,10.1607387,36.8217571,Djebel El Ahmar,الجبل الأحمر,,,TN115552,Omrane,العمران,,,TN1155,Tunis,تونس,,,TN11,North East,الشمال الشرقي,,,TN1,Tunisie,,,,TN,2022-11-15,,v01,fr,ar,,,POINT (10.160738698999978 36.82175709699999)
4,Cite Des Oliviers,حي الزياتين,,,10.15740818,36.82391336,Cite Des Oliviers,حي الزياتين,,,TN115553,Omrane,العمران,,,TN1155,Tunis,تونس,,,TN11,North East,الشمال الشرقي,,,TN1,Tunisie,,,,TN,2022-11-15,,v01,fr,ar,,,POINT (10.157408180999994 36.823913361999985)
4,Ras Tabia,رأس الطابية,,,10.14523757,36.82003785,Ras Tabia,رأس الطابية,,,TN115554,Omrane,العمران,,,TN1155,Tunis,تونس,,,TN11,North East,الشمال الشرقي,,,TN1,Tunisie,,,,TN,2022-11-15,,v01,fr,ar,,,POINT (10.145237572999974 36.820037852999974)
4,Bir Atig,بئر عتيق,,,10.15401277,36.81902236,Bir Atig,بئر عتيق,,,TN115555,Omrane,العمران,,,TN1155,Tunis,تونس,,,TN11,North East,الشمال الشرقي,,,TN1,Tunisie,,,,TN,2022-11-15,,v01,fr,ar,,,POINT (10.154012766999983 36.81902236299999)
4,Oued El Sebai,وادي السبعي,,,10.16464096,36.82487603,Oued El Sebai,وادي السبعي,,,TN115556,Omrane,العمران,,,TN1155,Tunis,تونس,,,TN11,North East,الشمال الشرقي,,,TN1,Tunisie,,,,TN,2022-11-15,,v01,fr,ar,,,POINT (10.164640958000007 36.82487602499998)
4,Cite Ibn Khaldoun I,حي بن خلدون الأول,,,10.13993893,36.82802848,Cite Ibn Khaldoun I,حي بن خلدون الأول,,,TN115651,Omrane Supérieur,العمران الاعلى,,,TN1156,Tunis,تونس,,,TN11,North East,الشمال الشرقي,,,TN1,Tunisie,,,,TN,2022-11-15,,v01,fr,ar,,,POINT (10.139938931000017 36.82802848099999)
4,El Romana,الرمانة,,,10.14153678,36.82480533,El Romana,الرمانة,,,TN115652,Omrane Supérieur,العمران الاعلى,,,TN1156,Tunis,تونس,,,TN11,North East,الشمال الشرقي,,,TN1,Tunisie,,,,TN,2022-11-15,,v01,fr,ar,,,POINT (10.141536780000024 36.824805330000004)
4,Cite Ibn Khaldoun II,حي بن خلدون الثاني,,,10.13753781,36.83139898,Cite Ibn Khaldoun II,حي بن خلدون الثاني,,,TN115653,Omrane Supérieur,العمران الاعلى,,,TN1156,Tunis,تونس,,,TN11,North East,الشمال الشرقي,,,TN1,Tunisie,,,,TN,2022-11-15,,v01,fr,ar,,,POINT (10.13753780899998 36.83139897900003)
4,Cite Ibn Khaldoun VI,حي بن خلدون السادس,,,10.12542616,36.83602709,Cite Ibn Khaldoun VI,حي بن خلدون السادس,,,TN115654,Omrane Supérieur,العمران الاعلى,,,TN1156,Tunis,تونس,,,TN11,North East,الشمال الشرقي,,,TN1,Tunisie,,,,TN,2022-11-15,,v01,fr,ar,,,POINT (10.125426156999993 36.83602709500002)
4,Cite El Intilaka,حي الإنطلاقة,,,10.12024397,36.84029697,Cite El Intilaka,حي الإنطلاقة,,,TN115655,Omrane Supérieur,العمران الاعلى,,,TN1156,Tunis,تونس,,,TN11,North East,الشمال الشرقي,,,TN1,Tunisie,,,,TN,2022-11-15,,v01,fr,ar,,,POINT (10.120243965999975 36.84029696800002)
4,El Omrane Superieur,العمران الأعلى,,,10.13018813,36.84161408,El Omrane Superieur,العمران الأعلى,,,TN115656,Omrane Supérieur,العمران الاعلى,,,TN1156,Tunis,تونس,,,TN11,North East,الشمال الشرقي,,,TN1,Tunisie,,,,TN,2022-11-15,,v01,fr,ar,,,POINT (10.130188131000011 36.84161407800002)
4,El Nassim,النسيم,,,10.12537483,36.84164868,El Nassim,النسيم,,,TN115657,Omrane Supérieur,العمران الاعلى,,,TN1156,Tunis,تونس,,,TN11,North East,الشمال الشرقي,,,TN1,Tunisie,,,,TN,2022-11-15,,v01,fr,ar,,,POINT (10.125374824999994 36.84164868300002)
4,Ahmed Tlili,أحمد التليلي,,,10.1325525,36.83212114,Ahmed Tlili,أحمد التليلي,,,TN115658,Omrane Supérieur,العمران الاعلى,,,TN1156,Tunis,تونس,,,TN11,North East,الشمال الشرقي,,,TN1,Tunisie,,,,TN,2022-11-15,,v01,fr,ar,,,POINT (10.132552497999995 36.832121144999974)
4,Es-Sadique,الصديق,,,10.12687083,36.83134745,Es-Sadique,الصديق,,,TN115659,Omrane Supérieur,العمران الاعلى,,,TN1156,Tunis,تونس,,,TN11,North East,الشمال الشرقي,,,TN1,Tunisie,,,,TN,2022-11-15,,v01,fr,ar,,,POINT (10.126870827000005 36.831347454000024)
4,Ettahrir (1),التحرير الأول,,,10.12425026,36.82358794,Ettahrir (1),التحرير الأول,,,TN115751,El Tahrir,التحرير,,,TN1157,Tunis,تونس,,,TN11,North East,الشمال الشرقي,,,TN1,Tunisie,,,,TN,2022-11-15,,v01,fr,ar,,,POINT (10.124250259000007 36.82358793499998)
4,Ettahrir (2),التحرير الثاني,,,10.12317104,36.82945233,Ettahrir (2),التحرير الثاني,,,TN115752,El Tahrir,التحرير,,,TN1157,Tunis,تونس,,,TN11,North East,الشمال الشرقي,,,TN1,Tunisie,,,,TN,2022-11-15,,v01,fr,ar,,,POINT (10.123171043000013 36.829452333000006)
4,Ettahrir (3),التحرير الثالث,,,10.12921491,36.82417508,Ettahrir (3),التحرير الثالث,,,TN115753,El Tahrir,التحرير,,,TN1157,Tunis,تونس,,,TN11,North East,الشمال الشرقي,,,TN1,Tunisie,,,,TN,2022-11-15,,v01,fr,ar,,,POINT (10.129214908999984 36.824175078999986)
4,Ettahrir Superieur,التحرير العلوي,,,10.12076768,36.83363443,Ettahrir Superieur,التحرير العلوي,,,TN115754,El Tahrir,التحرير,,,TN1157,Tunis,تونس,,,TN11,North East,الشمال الشرقي,,,TN1,Tunisie,,,,TN,2022-11-15,,v01,fr,ar,,,POINT (10.120767682000007 36.833634432)
4,El Hadika,الحديقة,,,10.13340117,36.82248869,El Hadika,الحديقة,,,TN115755,El Tahrir,التحرير,,,TN1157,Tunis,تونس,,,TN11,North East,الشمال الشرقي,,,TN1,Tunisie,,,,TN,2022-11-15,,v01,fr,ar,,,POINT (10.133401175000017 36.822488685999986)
4,01 Juin,01جوان,,,10.17318011,36.82835183,01 Juin,01جوان,,,TN115851,El Menzah,المنزه,,,TN1158,Tunis,تونس,,,TN11,North East,الشمال الشرقي,,,TN1,Tunisie,,,,TN,2022-11-15,,v01,fr,ar,,,POINT (10.173180108999986 36.828351828999985)
4,El Menzah,المنزه,,,10.17568488,36.84044567,El Menzah,المنزه,,,TN115852,El Menzah,المنزه,,,TN1158,Tunis,تونس,,,TN11,North East,الشمال الشرقي,,,TN1,Tunisie,,,,TN,2022-11-15,,v01,fr,ar,,,POINT (10.175684878000027 36.84044567199999)
4,El Fath,الفتح,,,10.13718597,36.84591329,El Fath,الفتح,,,TN115853,El Menzah,المنزه,,,TN1158,Tunis,تونس,,,TN11,North East,الشمال الشرقي,,,TN1,Tunisie,,,,TN,2022-11-15,,v01,fr,ar,,,POINT (10.137185966000004 36.845913293000024)
4,El Manar,المنار,,,10.15389817,36.84406614,El Manar,المنار,,,TN115854,El Menzah,المنزه,,,TN1158,Tunis,تونس,,,TN11,North East,الشمال الشرقي,,,TN1,Tunisie,,,,TN,2022-11-15,,v01,fr,ar,,,POINT (10.153898172000027 36.84406614300002)
4,El Manar (1),المنار1,,,10.1470849,36.83355572,El Manar (1),المنار1,,,TN115855,El Menzah,المنزه,,,TN1158,Tunis,تونس,,,TN11,North East,الشمال الشرقي,,,TN1,Tunisie,,,,TN,2022-11-15,,v01,fr,ar,,,POINT (10.147084902000017 36.83355572300002)
4,Cite El Khadra,حي الخضراء,,,10.19273699,36.83219421,Cite El Khadra,حي الخضراء,,,TN115951,Cité El Khadra,حي الخضراء,,,TN1159,Tunis,تونس,,,TN11,North East,الشمال الشرقي,,,TN1,Tunisie,,,,TN,2022-11-15,,v01,fr,ar,,,POINT (10.192736995000018 36.832194206999986)
4,Cite Jardin,حي الحدائق,,,10.183997,36.82639368,Cite Jardin,حي الحدائق,,,TN115952,Cité El Khadra,حي الخضراء,,,TN1159,Tunis,تونس,,,TN11,North East,الشمال الشرقي,,,TN1,Tunisie,,,,TN,2022-11-15,,v01,fr,ar,,,POINT (10.183996998999987 36.82639367600001)
4,Ech-Charguia,الشرقية,,,10.22514763,36.84785783,Ech-Charguia,الشرقية,,,TN115953,Cité El Khadra,حي الخضراء,,,TN1159,Tunis,تونس,,,TN11,North East,الشمال الشرقي,,,TN1,Tunisie,,,,TN,2022-11-15,,v01,fr,ar,,,POINT (10.225147627000013 36.847857834000024)
4,Khereiddine Pacha,خير الدين باشا,,,10.18978401,36.82083727,Khereiddine Pacha,خير الدين باشا,,,TN115954,Cité El Khadra,حي الخضراء,,,TN1159,Tunis,تونس,,,TN11,North East,الشمال الشرقي,,,TN1,Tunisie,,,,TN,2022-11-15,,v01,fr,ar,,,POINT (10.189784007000014 36.820837273999985)
4,Ali Belhouane,علي بلهوان,,,10.19556098,36.83589667,Ali Belhouane,علي بلهوان,,,TN115955,Cité El Khadra,حي الخضراء,,,TN1159,Tunis,تونس,,,TN11,North East,الشمال الشرقي,,,TN1,Tunisie,,,,TN,2022-11-15,,v01,fr,ar,,,POINT (10.195560981000028 36.835896675000015)
4,Farhat Hached,فرحات حشاد,,,10.19712417,36.82998436,Farhat Hached,فرحات حشاد,,,TN115956,Cité El Khadra,حي الخضراء,,,TN1159,Tunis,تونس,,,TN11,North East,الشمال الشرقي,,,TN1,Tunisie,,,,TN,2022-11-15,,v01,fr,ar,,,POINT (10.197124169000006 36.829984360000026)
4,El Bouhaira,البحيرة,,,10.23153519,36.82341429,El Bouhaira,البحيرة,,,TN115957,Cité El Khadra,حي الخضراء,,,TN1159,Tunis,تونس,,,TN11,North East,الشمال الشرقي,,,TN1,Tunisie,,,,TN,2022-11-15,,v01,fr,ar,,,POINT (10.23153518800001 36.82341428500001)
4,Hay Es Salem,حي السلام,,,10.19168481,36.84033399,Hay Es Salem,حي السلام,,,TN115958,Cité El Khadra,حي الخضراء,,,TN1159,Tunis,تونس,,,TN11,North East,الشمال الشرقي,,,TN1,Tunisie,,,,TN,2022-11-15,,v01,fr,ar,,,POINT (10.191684813999984 36.840333993)
4,Le Bardo,باردو,,,10.14054593,36.81242336,Le Bardo,باردو,,,TN116051,Bardo,باردو,,,TN1160,Tunis,تونس,,,TN11,North East,الشمال الشرقي,,,TN1,Tunisie,,,,TN,2022-11-15,,v01,fr,ar,,,POINT (10.140545934999977 36.81242335899998)
4,Le Bardo Nord,باردو الشمالي,,,10.13285363,36.81364704,Le Bardo Nord,باردو الشمالي,,,TN116052,Bardo,باردو,,,TN1160,Tunis,تونس,,,TN11,North East,الشمال الشرقي,,,TN1,Tunisie,,,,TN,2022-11-15,,v01,fr,ar,,,POINT (10.132853633000025 36.813647041000024)
4,Le Bardo Sud,باردو الجنوبي,,,10.13520734,36.80317427,Le Bardo Sud,باردو الجنوبي,,,TN116053,Bardo,باردو,,,TN1160,Tunis,تونس,,,TN11,North East,الشمال الشرقي,,,TN1,Tunisie,,,,TN,2022-11-15,,v01,fr,ar,,,POINT (10.13520734399998 36.80317426800002)
4,El Hadika,الحديقة,,,10.14143279,36.80386323,El Hadika,الحديقة,,,TN116054,Bardo,باردو,,,TN1160,Tunis,تونس,,,TN11,North East,الشمال الشرقي,,,TN1,Tunisie,,,,TN,2022-11-15,,v01,fr,ar,,,POINT (10.14143278900002 36.803863233000015)
4,Bou-Choucha,بوشوشة,,,10.14677365,36.8106137,Bou-Choucha,بوشوشة,,,TN116055,Bardo,باردو,,,TN1160,Tunis,تونس,,,TN11,North East,الشمال الشرقي,,,TN1,Tunisie,,,,TN,2022-11-15,,v01,fr,ar,,,POINT (10.14677364900001 36.81061369899999)
4,Bonne Residence,الإقامة الطيبة,,,10.14593583,36.80528276,Bonne Residence,الإقامة الطيبة,,,TN116056,Bardo,باردو,,,TN1160,Tunis,تونس,,,TN11,North East,الشمال الشرقي,,,TN1,Tunisie,,,,TN,2022-11-15,,v01,fr,ar,,,POINT (10.145935829999985 36.80528276199999)
4,Khaznadar,خزندار,,,10.12720275,36.80601592,Khaznadar,خزندار,,,TN116057,Bardo,باردو,,,TN1160,Tunis,تونس,,,TN11,North East,الشمال الشرقي,,,TN1,Tunisie,,,,TN,2022-11-15,,v01,fr,ar,,,POINT (10.127202753999995 36.80601591999999)
4,El Fath,الفتح,,,10.12694806,36.80049607,El Fath,الفتح,,,TN116058,Bardo,باردو,,,TN1160,Tunis,تونس,,,TN11,North East,الشمال الشرقي,,,TN1,Tunisie,,,,TN,2022-11-15,,v01,fr,ar,,,POINT (10.126948063999976 36.80049607000001)
4,Ksar-Said,قصر السعيد,,,10.12628801,36.81246357,Ksar-Said,قصر السعيد,,,TN116059,Bardo,باردو,,,TN1160,Tunis,تونس,,,TN11,North East,الشمال الشرقي,,,TN1,Tunisie,,,,TN,2022-11-15,,v01,fr,ar,,,POINT (10.126288009000007 36.812463568)
4,Ksar-Said II,قصر السعيد الثاني,,,10.11921962,36.82304523,Ksar-Said II,قصر السعيد الثاني,,,TN116060,Bardo,باردو,,,TN1160,Tunis,تونس,,,TN11,North East,الشمال الشرقي,,,TN1,Tunisie,,,,TN,2022-11-15,,v01,fr,ar,,,POINT (10.119219622000003 36.82304523099998)
4,El Bassatine,البساتين,,,10.13801446,36.81800621,El Bassatine,البساتين,,,TN116061,Bardo,باردو,,,TN1160,Tunis,تونس,,,TN11,North East,الشمال الشرقي,,,TN1,Tunisie,,,,TN,2022-11-15,,v01,fr,ar,,,POINT (10.138014457999986 36.818006208999975)
4,Es-Saada,السعادة,,,10.12140415,36.79845406,Es-Saada,السعادة,,,TN116062,Bardo,باردو,,,TN1160,Tunis,تونس,,,TN11,North East,الشمال الشرقي,,,TN1,Tunisie,,,,TN,2022-11-15,,v01,fr,ar,,,POINT (10.121404153000015 36.798454058999994)
4,Ksar-El Bortal,قصر البرطال,,,10.11972402,36.81623103,Ksar-El Bortal,قصر البرطال,,,TN116063,Bardo,باردو,,,TN1160,Tunis,تونس,,,TN11,North East,الشمال الشرقي,,,TN1,Tunisie,,,,TN,2022-11-15,,v01,fr,ar,,,POINT (10.11972401700001 36.81623103099997)
4,Ibn Sina,إبن سيناء,,,10.11684408,36.82976038,Ibn Sina,إبن سيناء,,,TN116064,Bardo,باردو,,,TN1160,Tunis,تونس,,,TN11,North East,الشمال الشرقي,,,TN1,Tunisie,,,,TN,2022-11-15,,v01,fr,ar,,,POINT (10.116844080000021 36.82976037899999)
4,Cite Helel,حي هلال,,,10.16512679,36.78518462,Cite Helel,حي هلال,,,TN116151,Sijoumi,السيجومي,,,TN1161,Tunis,تونس,,,TN11,North East,الشمال الشرقي,,,TN1,Tunisie,,,,TN,2022-11-15,,v01,fr,ar,,,POINT (10.165126794000003 36.78518461499999)
4,Ali Belhouane,علي البلهوان,,,10.16016613,36.79692316,Ali Belhouane,علي البلهوان,,,TN116152,Sijoumi,السيجومي,,,TN1161,Tunis,تونس,,,TN11,North East,الشمال الشرقي,,,TN1,Tunisie,,,,TN,2022-11-15,,v01,fr,ar,,,POINT (10.160166129000004 36.79692315699998)
4,En-Najah,النجاح,,,10.15829054,36.7935633,En-Najah,النجاح,,,TN116153,Sijoumi,السيجومي,,,TN1161,Tunis,تونس,,,TN11,North East,الشمال الشرقي,,,TN1,Tunisie,,,,TN,2022-11-15,,v01,fr,ar,,,POINT (10.158290541999975 36.79356329900003)
4,Cite Des Martyrs,حي الشهداء,,,10.17009696,36.77709989,Cite Des Martyrs,حي الشهداء,,,TN116154,Sijoumi,السيجومي,,,TN1161,Tunis,تونس,,,TN11,North East,الشمال الشرقي,,,TN1,Tunisie,,,,TN,2022-11-15,,v01,fr,ar,,,POINT (10.170096958999977 36.77709988800001)
4,Bir Anniba,بئر عنيبة,,,10.16522245,36.78854822,Bir Anniba,بئر عنيبة,,,TN116155,Sijoumi,السيجومي,,,TN1161,Tunis,تونس,,,TN11,North East,الشمال الشرقي,,,TN1,Tunisie,,,,TN,2022-11-15,,v01,fr,ar,,,POINT (10.165222452000023 36.78854822300002)
4,Mellassine,الملاسين,,,10.15160312,36.79515014,Mellassine,الملاسين,,,TN116156,Sijoumi,السيجومي,,,TN1161,Tunis,تونس,,,TN11,North East,الشمال الشرقي,,,TN1,Tunisie,,,,TN,2022-11-15,,v01,fr,ar,,,POINT (10.151603119000015 36.79515014200001)
4,Ezzouhour,الزهور,,,10.13409957,36.79742649,Ezzouhour,الزهور,,,TN116251,Ezzouhour,الزهور,,,TN1162,Tunis,تونس,,,TN11,North East,الشمال الشرقي,,,TN1,Tunisie,,,,TN,2022-11-15,,v01,fr,ar,,,POINT (10.134099574000004 36.797426486000006)
4,Ezzouhour IV,الزهور الرابع,,,10.12681521,36.79530108,Ezzouhour IV,الزهور الرابع,,,TN116252,Ezzouhour,الزهور,,,TN1162,Tunis,تونس,,,TN11,North East,الشمال الشرقي,,,TN1,Tunisie,,,,TN,2022-11-15,,v01,fr,ar,,,POINT (10.126815211000007 36.795301075)
4,Es-Saada,السعادة,,,10.14907518,36.79946315,Es-Saada,السعادة,,,TN116253,Ezzouhour,الزهور,,,TN1162,Tunis,تونس,,,TN11,North East,الشمال الشرقي,,,TN1,Tunisie,,,,TN,2022-11-15,,v01,fr,ar,,,POINT (10.149075177999975 36.799463151)
4,Es-Soumrane,السمران,,,10.14025787,36.79915856,Es-Soumrane,السمران,,,TN116254,Ezzouhour,الزهور,,,TN1162,Tunis,تونس,,,TN11,North East,الشمال الشرقي,,,TN1,Tunisie,,,,TN,2022-11-15,,v01,fr,ar,,,POINT (10.140257867999992 36.79915856000002)
4,Cite Tayarane,حي الطيران,,,10.14394836,36.79398952,Cite Tayarane,حي الطيران,,,TN116255,Ezzouhour,الزهور,,,TN1162,Tunis,تونس,,,TN11,North East,الشمال الشرقي,,,TN1,Tunisie,,,,TN,2022-11-15,,v01,fr,ar,,,POINT (10.143948363999982 36.79398952499997)
4,Bach-Hamba,باش حانبة,,,10.13273882,36.79107592,Bach-Hamba,باش حانبة,,,TN116256,Ezzouhour,الزهور,,,TN1162,Tunis,تونس,,,TN11,North East,الشمال الشرقي,,,TN1,Tunisie,,,,TN,2022-11-15,,v01,fr,ar,,,POINT (10.132738819999986 36.79107591799999)
4,El-Hrairia,الحرايرية,,,10.12223568,36.78982543,El-Hrairia,الحرايرية,,,TN116351,Hrairia,الحرائرية,,,TN1163,Tunis,تونس,,,TN11,North East,الشمال الشرقي,,,TN1,Tunisie,,,,TN,2022-11-15,,v01,fr,ar,,,POINT (10.122235676000003 36.789825431)
4,Ezzouhour V,الزهور الخامس,,,10.10456372,36.78844256,Ezzouhour V,الزهور الخامس,,,TN116352,Hrairia,الحرائرية,,,TN1163,Tunis,تونس,,,TN11,North East,الشمال الشرقي,,,TN1,Tunisie,,,,TN,2022-11-15,,v01,fr,ar,,,POINT (10.104563717000019 36.788442558999975)
4,El Akba,العقبة,,,10.09739134,36.79529497,El Akba,العقبة,,,TN116353,Hrairia,الحرائرية,,,TN1163,Tunis,تونس,,,TN11,North East,الشمال الشرقي,,,TN1,Tunisie,,,,TN,2022-11-15,,v01,fr,ar,,,POINT (10.097391344000016 36.795294970999976)
4,El Akba Superieur,العقبة العليا,,,10.09185915,36.78804261,El Akba Superieur,العقبة العليا,,,TN116354,Hrairia,الحرائرية,,,TN1163,Tunis,تونس,,,TN11,North East,الشمال الشرقي,,,TN1,Tunisie,,,,TN,2022-11-15,,v01,fr,ar,,,POINT (10.09185915400002 36.78804260999999)
4,Ghedir El Golla,غدير القلة,,,10.04915614,36.78076284,Ghedir El Golla,غدير القلة,,,TN116355,Hrairia,الحرائرية,,,TN1163,Tunis,تونس,,,TN11,North East,الشمال الشرقي,,,TN1,Tunisie,,,,TN,2022-11-15,,v01,fr,ar,,,POINT (10.049156143000005 36.78076284299999)
4,El Antit,العنتيت,,,10.11124118,36.79574507,El Antit,العنتيت,,,TN116356,Hrairia,الحرائرية,,,TN1163,Tunis,تونس,,,TN11,North East,الشمال الشرقي,,,TN1,Tunisie,,,,TN,2022-11-15,,v01,fr,ar,,,POINT (10.111241183000004 36.795745074000024)
4,El Foula,الفلة,,,10.10511585,36.79408262,El Foula,الفلة,,,TN116357,Hrairia,الحرائرية,,,TN1163,Tunis,تونس,,,TN11,North East,الشمال الشرقي,,,TN1,Tunisie,,,,TN,2022-11-15,,v01,fr,ar,,,POINT (10.10511584599999 36.79408261999998)
4,Tarak Ibn Ziad,طارق بن زياد,,,10.11347018,36.79268939,Tarak Ibn Ziad,طارق بن زياد,,,TN116358,Hrairia,الحرائرية,,,TN1163,Tunis,تونس,,,TN11,North East,الشمال الشرقي,,,TN1,Tunisie,,,,TN,2022-11-15,,v01,fr,ar,,,POINT (10.113470182000015 36.792689392)
4,Ezzahrouni,الزهروني,,,10.1086464,36.78364156,Ezzahrouni,الزهروني,,,TN116359,Hrairia,الحرائرية,,,TN1163,Tunis,تونس,,,TN11,North East,الشمال الشرقي,,,TN1,Tunisie,,,,TN,2022-11-15,,v01,fr,ar,,,POINT (10.108646401999977 36.783641563)
4,Borj-Chakir,برج شاكير,,,10.06803855,36.75290626,Borj-Chakir,برج شاكير,,,TN116451,Sidi Hassine,سيدي حسين,,,TN1164,Tunis,تونس,,,TN11,North East,الشمال الشرقي,,,TN1,Tunisie,,,,TN,2022-11-15,,v01,fr,ar,,,POINT (10.068038553000008 36.75290626100002)
4,Sidi Hassine,سيدي حسين,,,10.11680746,36.77788128,Sidi Hassine,سيدي حسين,,,TN116452,Sidi Hassine,سيدي حسين,,,TN1164,Tunis,تونس,,,TN11,North East,الشمال الشرقي,,,TN1,Tunisie,,,,TN,2022-11-15,,v01,fr,ar,,,POINT (10.116807458999972 36.77788128100002)
4,El Jaiara,الجيارة,,,10.10783876,36.77601193,El Jaiara,الجيارة,,,TN116453,Sidi Hassine,سيدي حسين,,,TN1164,Tunis,تونس,,,TN11,North East,الشمال الشرقي,,,TN1,Tunisie,,,,TN,2022-11-15,,v01,fr,ar,,,POINT (10.107838757000025 36.77601193300001)
4,Attar,عطار,,,10.11331011,36.76314622,Attar,عطار,,,TN116454,Sidi Hassine,سيدي حسين,,,TN1164,Tunis,تونس,,,TN11,North East,الشمال الشرقي,,,TN1,Tunisie,,,,TN,2022-11-15,,v01,fr,ar,,,POINT (10.113310105999972 36.763146224000025)
4,20 Mars,20مارس,,,10.10540404,36.74476228,20 Mars,20مارس,,,TN116455,Sidi Hassine,سيدي حسين,,,TN1164,Tunis,تونس,,,TN11,North East,الشمال الشرقي,,,TN1,Tunisie,,,,TN,2022-11-15,,v01,fr,ar,,,POINT (10.105404041999975 36.74476227700001)
4,Byrine,بيرين,,,10.09670404,36.71895601,Byrine,بيرين,,,TN116456,Sidi Hassine,سيدي حسين,,,TN1164,Tunis,تونس,,,TN11,North East,الشمال الشرقي,,,TN1,Tunisie,,,,TN,2022-11-15,,v01,fr,ar,,,POINT (10.096704038999974 36.71895601)
4,Meghiret Inzel,المغيرة إنزال,,,10.12292836,36.72553606,Meghiret Inzel,المغيرة إنزال,,,TN116457,Sidi Hassine,سيدي حسين,,,TN1164,Tunis,تونس,,,TN11,North East,الشمال الشرقي,,,TN1,Tunisie,,,,TN,2022-11-15,,v01,fr,ar,,,POINT (10.122928360999992 36.725536061000014)
4,25 Juillet,25جويلية,,,10.12037442,36.75071051,25 Juillet,25جويلية,,,TN116458,Sidi Hassine,سيدي حسين,,,TN1164,Tunis,تونس,,,TN11,North East,الشمال الشرقي,,,TN1,Tunisie,,,,TN,2022-11-15,,v01,fr,ar,,,POINT (10.120374421000008 36.75071050600002)
4,14 Janvier,14جانفي,,,10.10321196,36.76564666,14 Janvier,14جانفي,,,TN116459,Sidi Hassine,سيدي حسين,,,TN1164,Tunis,تونس,,,TN11,North East,الشمال الشرقي,,,TN1,Tunisie,,,,TN,2022-11-15,,v01,fr,ar,,,POINT (10.103211964000025 36.765646660000016)
4,El Ouardia,الوردية,,,10.17778461,36.76549483,El Ouardia,الوردية,,,TN116551,El Ouardia,الوردية,,,TN1165,Tunis,تونس,,,TN11,North East,الشمال الشرقي,,,TN1,Tunisie,,,,TN,2022-11-15,,v01,fr,ar,,,POINT (10.177784615000007 36.76549482600001)
4,Bou-Gatfa,بوقطفة,,,10.19020918,36.77505136,Bou-Gatfa,بوقطفة,,,TN116552,El Ouardia,الوردية,,,TN1165,Tunis,تونس,,,TN11,North East,الشمال الشرقي,,,TN1,Tunisie,,,,TN,2022-11-15,,v01,fr,ar,,,POINT (10.19020918000001 36.77505136399998)
4,Tahar Sfar,الطاهر صفر,,,10.17453487,36.77165668,Tahar Sfar,الطاهر صفر,,,TN116553,El Ouardia,الوردية,,,TN1165,Tunis,تونس,,,TN11,North East,الشمال الشرقي,,,TN1,Tunisie,,,,TN,2022-11-15,,v01,fr,ar,,,POINT (10.174534870000002 36.77165668399999)
4,Cite El Izdihar,حي الإزدهار,,,10.18390397,36.77252536,Cite El Izdihar,حي الإزدهار,,,TN116554,El Ouardia,الوردية,,,TN1165,Tunis,تونس,,,TN11,North East,الشمال الشرقي,,,TN1,Tunisie,,,,TN,2022-11-15,,v01,fr,ar,,,POINT (10.183903970000017 36.77252536200001)
4,Cite Mohamed Ali,حي محمد علي,,,10.18938982,36.76644661,Cite Mohamed Ali,حي محمد علي,,,TN116555,El Ouardia,الوردية,,,TN1165,Tunis,تونس,,,TN11,North East,الشمال الشرقي,,,TN1,Tunisie,,,,TN,2022-11-15,,v01,fr,ar,,,POINT (10.189389818999985 36.76644661400002)
4,Sidi Belhassen,سيدي بلحسن,,,10.18657223,36.77897941,Sidi Belhassen,سيدي بلحسن,,,TN116556,El Ouardia,الوردية,,,TN1165,Tunis,تونس,,,TN11,North East,الشمال الشرقي,,,TN1,Tunisie,,,,TN,2022-11-15,,v01,fr,ar,,,POINT (10.186572233999982 36.778979413)
4,El Kabaria (1),الكبارية 1,,,10.19383332,36.76135798,El Kabaria (1),الكبارية 1,,,TN116651,Kabaria,الكبارية,,,TN1166,Tunis,تونس,,,TN11,North East,الشمال الشرقي,,,TN1,Tunisie,,,,TN,2022-11-15,,v01,fr,ar,,,POINT (10.193833321 36.76135798299998)
4,El Kabaria (2),الكبارية 2,,,10.18908,36.75903001,El Kabaria (2),الكبارية 2,,,TN116652,Kabaria,الكبارية,,,TN1166,Tunis,تونس,,,TN11,North East,الشمال الشرقي,,,TN1,Tunisie,,,,TN,2022-11-15,,v01,fr,ar,,,POINT (10.18907999999999 36.759030010000004)
4,El Kabaria (3),الكبارية 3,,,10.19675556,36.75625149,El Kabaria (3),الكبارية 3,,,TN116653,Kabaria,الكبارية,,,TN1166,Tunis,تونس,,,TN11,North East,الشمال الشرقي,,,TN1,Tunisie,,,,TN,2022-11-15,,v01,fr,ar,,,POINT (10.196755558000007 36.75625148900002)
4,El Kabaria (4),الكبارية 4,,,10.19193672,36.75166181,El Kabaria (4),الكبارية 4,,,TN116654,Kabaria,الكبارية,,,TN1166,Tunis,تونس,,,TN11,North East,الشمال الشرقي,,,TN1,Tunisie,,,,TN,2022-11-15,,v01,fr,ar,,,POINT (10.191936715999987 36.75166181100002)
4,Cite Ennour,حي النور,,,10.20172285,36.749327,Cite Ennour,حي النور,,,TN116655,Kabaria,الكبارية,,,TN1166,Tunis,تونس,,,TN11,North East,الشمال الشرقي,,,TN1,Tunisie,,,,TN,2022-11-15,,v01,fr,ar,,,POINT (10.20172285000001 36.74932700099998)
4,Ibn Sina 1,إبن سينا 1,,,10.18272573,36.75691514,Ibn Sina 1,إبن سينا 1,,,TN116656,Kabaria,الكبارية,,,TN1166,Tunis,تونس,,,TN11,North East,الشمال الشرقي,,,TN1,Tunisie,,,,TN,2022-11-15,,v01,fr,ar,,,POINT (10.182725726000001 36.756915144999994)
4,Ibn Sina 2,إبن سينا 2,,,10.18490621,36.74019579,Ibn Sina 2,إبن سينا 2,,,TN116657,Kabaria,الكبارية,,,TN1166,Tunis,تونس,,,TN11,North East,الشمال الشرقي,,,TN1,Tunisie,,,,TN,2022-11-15,,v01,fr,ar,,,POINT (10.184906210000008 36.740195787999994)
4,El Mourouj (2),المروج 2,,,10.19920926,36.74032095,El Mourouj (2),المروج 2,,,TN116658,Kabaria,الكبارية,,,TN1166,Tunis,تونس,,,TN11,North East,الشمال الشرقي,,,TN1,Tunisie,,,,TN,2022-11-15,,v01,fr,ar,,,POINT (10.199209257999996 36.74032095199999)
4,Sidi El Bechir,سيدي البشير,,,10.18253279,36.78819571,Sidi El Bechir,سيدي البشير,,,TN116751,Sidi El Béchir,سيدي البشير,,,TN1167,Tunis,تونس,,,TN11,North East,الشمال الشرقي,,,TN1,Tunisie,,,,TN,2022-11-15,,v01,fr,ar,,,POINT (10.182532793999997 36.78819571299999)
4,Sidi Mansour,سيدي منصور,,,10.17491346,36.79009799,Sidi Mansour,سيدي منصور,,,TN116752,Sidi El Béchir,سيدي البشير,,,TN1167,Tunis,تونس,,,TN11,North East,الشمال الشرقي,,,TN1,Tunisie,,,,TN,2022-11-15,,v01,fr,ar,,,POINT (10.174913458999981 36.79009798599998)
4,Maakel Ezzaim,معقل الزعيم,,,10.16874276,36.79085888,Maakel Ezzaim,معقل الزعيم,,,TN116753,Sidi El Béchir,سيدي البشير,,,TN1167,Tunis,تونس,,,TN11,North East,الشمال الشرقي,,,TN1,Tunisie,,,,TN,2022-11-15,,v01,fr,ar,,,POINT (10.168742757000018 36.790858877000005)
4,Farhat Hached,فرحات حشاد,,,10.17699512,36.78009546,Farhat Hached,فرحات حشاد,,,TN116754,Sidi El Béchir,سيدي البشير,,,TN1167,Tunis,تونس,,,TN11,North East,الشمال الشرقي,,,TN1,Tunisie,,,,TN,2022-11-15,,v01,fr,ar,,,POINT (10.176995119000026 36.780095456000026)
4,Abulkacem Ech-Chebbi,أبو القاسم الشابي,,,10.17351679,36.7872093,Abulkacem Ech-Chebbi,أبو القاسم الشابي,,,TN116755,Sidi El Béchir,سيدي البشير,,,TN1167,Tunis,تونس,,,TN11,North East,الشمال الشرقي,,,TN1,Tunisie,,,,TN,2022-11-15,,v01,fr,ar,,,POINT (10.173516789000018 36.78720930100002)
4,Saida Manoubia,السيدة المنوبية,,,10.17021298,36.78010821,Saida Manoubia,السيدة المنوبية,,,TN116756,Sidi El Béchir,سيدي البشير,,,TN1167,Tunis,تونس,,,TN11,North East,الشمال الشرقي,,,TN1,Tunisie,,,,TN,2022-11-15,,v01,fr,ar,,,POINT (10.170212976000016 36.78010820899999)
4,Sidi Fathallah,سيدي فتح الله,,,10.21049982,36.76306433,Sidi Fathallah,سيدي فتح الله,,,TN116851,Jebel Jelloud,جبل الجلود,,,TN1168,Tunis,تونس,,,TN11,North East,الشمال الشرقي,,,TN1,Tunisie,,,,TN,2022-11-15,,v01,fr,ar,,,POINT (10.210499815999981 36.76306433299999)
4,Ali Bach-Hamba,علي باش حانبة,,,10.19904068,36.77017014,Ali Bach-Hamba,علي باش حانبة,,,TN116852,Jebel Jelloud,جبل الجلود,,,TN1168,Tunis,تونس,,,TN11,North East,الشمال الشرقي,,,TN1,Tunisie,,,,TN,2022-11-15,,v01,fr,ar,,,POINT (10.19904068400001 36.770170139000015)
4,El Garjouma,القرجومة,,,10.19838502,36.76590732,El Garjouma,القرجومة,,,TN116853,Jebel Jelloud,جبل الجلود,,,TN1168,Tunis,تونس,,,TN11,North East,الشمال الشرقي,,,TN1,Tunisie,,,,TN,2022-11-15,,v01,fr,ar,,,POINT (10.198385015999975 36.765907321999975)
4,Cite El Fath,حي الفتح,,,10.20637989,36.75706512,Cite El Fath,حي الفتح,,,TN116854,Jebel Jelloud,جبل الجلود,,,TN1168,Tunis,تونس,,,TN11,North East,الشمال الشرقي,,,TN1,Tunisie,,,,TN,2022-11-15,,v01,fr,ar,,,POINT (10.206379888000015 36.757065117000025)
4,Es-Sebkha,السبخاء,,,10.21107678,36.76998231,Es-Sebkha,السبخاء,,,TN116855,Jebel Jelloud,جبل الجلود,,,TN1168,Tunis,تونس,,,TN11,North East,الشمال الشرقي,,,TN1,Tunisie,,,,TN,2022-11-15,,v01,fr,ar,,,POINT (10.21107678200002 36.769982305999974)
4,El Afrane,الأفران,,,10.19725223,36.77351802,El Afrane,الأفران,,,TN116856,Jebel Jelloud,جبل الجلود,,,TN1168,Tunis,تونس,,,TN11,North East,الشمال الشرقي,,,TN1,Tunisie,,,,TN,2022-11-15,,v01,fr,ar,,,POINT (10.197252228000025 36.773518016000025)
4,Djebel Djeloud,جبل الجلود,,,10.20422357,36.76860848,Djebel Djeloud,جبل الجلود,,,TN116857,Jebel Jelloud,جبل الجلود,,,TN1168,Tunis,تونس,,,TN11,North East,الشمال الشرقي,,,TN1,Tunisie,,,,TN,2022-11-15,,v01,fr,ar,,,POINT (10.20422357000001 36.76860847500001)
4,La Goulette,حلق الوادي,,,10.28767489,36.81337641,La Goulette,حلق الوادي,,,TN116951,La Goulette,حلق الوادي,,,TN1169,Tunis,تونس,,,TN11,North East,الشمال الشرقي,,,TN1,Tunisie,,,,TN,2022-11-15,,v01,fr,ar,,,POINT (10.287674890000005 36.813376405999975)
4,La Goulette Casino,حلق الوادي كازينو,,,10.30747708,36.82215211,La Goulette Casino,حلق الوادي كازينو,,,TN116952,La Goulette,حلق الوادي,,,TN1169,Tunis,تونس,,,TN11,North East,الشمال الشرقي,,,TN1,Tunisie,,,,TN,2022-11-15,,v01,fr,ar,,,POINT (10.307477075999998 36.822152114000005)
4,Kheireddine,خير الدين,,,10.30896959,36.82971357,Kheireddine,خير الدين,,,TN116953,La Goulette,حلق الوادي,,,TN1169,Tunis,تونس,,,TN11,North East,الشمال الشرقي,,,TN1,Tunisie,,,,TN,2022-11-15,,v01,fr,ar,,,POINT (10.308969591999983 36.82971357299999)
4,Taieb Mhiri,الطيب المهيري,,,10.2794346,36.83670185,Taieb Mhiri,الطيب المهيري,,,TN116954,La Goulette,حلق الوادي,,,TN1169,Tunis,تونس,,,TN11,North East,الشمال الشرقي,,,TN1,Tunisie,,,,TN,2022-11-15,,v01,fr,ar,,,POINT (10.279434600999991 36.83670185400001)
4,Cite Essalama,حي السلامة,,,10.27013963,36.8553189,Cite Essalama,حي السلامة,,,TN116955,La Goulette,حلق الوادي,,,TN1169,Tunis,تونس,,,TN11,North East,الشمال الشرقي,,,TN1,Tunisie,,,,TN,2022-11-15,,v01,fr,ar,,,POINT (10.270139626000002 36.85531889800001)
4,Le Kram Est,الكرم الشرقي,,,10.31843204,36.83494312,Le Kram Est,الكرم الشرقي,,,TN117051,Le Kram,الكرم,,,TN1170,Tunis,تونس,,,TN11,North East,الشمال الشرقي,,,TN1,Tunisie,,,,TN,2022-11-15,,v01,fr,ar,,,POINT (10.318432038000026 36.834943124000006)
4,Erriadh,الرياض,,,10.30986665,36.8370433,Erriadh,الرياض,,,TN117052,Le Kram,الكرم,,,TN1170,Tunis,تونس,,,TN11,North East,الشمال الشرقي,,,TN1,Tunisie,,,,TN,2022-11-15,,v01,fr,ar,,,POINT (10.309866648000025 36.837043301999984)
4,El Bouhaira,البحيرة,,,10.29299205,36.8543722,El Bouhaira,البحيرة,,,TN117053,Le Kram,الكرم,,,TN1170,Tunis,تونس,,,TN11,North East,الشمال الشرقي,,,TN1,Tunisie,,,,TN,2022-11-15,,v01,fr,ar,,,POINT (10.292992055000013 36.854372203000025)
4,Sidi Fredj,سيدي فرج,,,10.27757458,36.85992887,Sidi Fredj,سيدي فرج,,,TN117054,Le Kram,الكرم,,,TN1170,Tunis,تونس,,,TN11,North East,الشمال الشرقي,,,TN1,Tunisie,,,,TN,2022-11-15,,v01,fr,ar,,,POINT (10.277574583999979 36.859928873)
4,Le Kram Ouest,الكرم الغربي,,,10.30557154,36.84088113,Le Kram Ouest,الكرم الغربي,,,TN117055,Le Kram,الكرم,,,TN1170,Tunis,تونس,,,TN11,North East,الشمال الشرقي,,,TN1,Tunisie,,,,TN,2022-11-15,,v01,fr,ar,,,POINT (10.30557154500002 36.840881131)
4,Sidi Amor,سيدي عمر,,,10.29964167,36.8466639,Sidi Amor,سيدي عمر,,,TN117056,Le Kram,الكرم,,,TN1170,Tunis,تونس,,,TN11,North East,الشمال الشرقي,,,TN1,Tunisie,,,,TN,2022-11-15,,v01,fr,ar,,,POINT (10.299641671000018 36.84666390299998)
4,Bir El Helou,بئر الحلو,,,10.31217226,36.84389879,Bir El Helou,بئر الحلو,,,TN117057,Le Kram,الكرم,,,TN1170,Tunis,تونس,,,TN11,North East,الشمال الشرقي,,,TN1,Tunisie,,,,TN,2022-11-15,,v01,fr,ar,,,POINT (10.312172255000007 36.84389878799999)
4,La Marsa Plage,المرسى الشاطيء,,,10.31601024,36.91110776,La Marsa Plage,المرسى الشاطيء,,,TN117151,La Marsa,المرسى,,,TN1171,Tunis,تونس,,,TN11,North East,الشمال الشرقي,,,TN1,Tunisie,,,,TN,2022-11-15,,v01,fr,ar,,,POINT (10.31601023899998 36.91110775599998)
4,La Marsa Medina,المرسى المدينة,,,10.32051953,36.88047069,La Marsa Medina,المرسى المدينة,,,TN117152,La Marsa,المرسى,,,TN1171,Tunis,تونس,,,TN11,North East,الشمال الشرقي,,,TN1,Tunisie,,,,TN,2022-11-15,,v01,fr,ar,,,POINT (10.320519534000027 36.88047068700001)
4,La Marsa Hadayek,المرسى الحدائق,,,10.31160358,36.8776843,La Marsa Hadayek,المرسى الحدائق,,,TN117153,La Marsa,المرسى,,,TN1171,Tunis,تونس,,,TN11,North East,الشمال الشرقي,,,TN1,Tunisie,,,,TN,2022-11-15,,v01,fr,ar,,,POINT (10.311603579000007 36.877684303000024)
4,La Marsa Erriadh,المرسى الرياض,,,10.31349471,36.88809961,La Marsa Erriadh,المرسى الرياض,,,TN117154,La Marsa,المرسى,,,TN1171,Tunis,تونس,,,TN11,North East,الشمال الشرقي,,,TN1,Tunisie,,,,TN,2022-11-15,,v01,fr,ar,,,POINT (10.313494707000018 36.888099614)
4,Er-Rmila,الرميلة,,,10.30135073,36.89113594,Er-Rmila,الرميلة,,,TN117155,La Marsa,المرسى,,,TN1171,Tunis,تونس,,,TN11,North East,الشمال الشرقي,,,TN1,Tunisie,,,,TN,2022-11-15,,v01,fr,ar,,,POINT (10.301350730000024 36.89113593899998)
4,La Marsa El Montazeh,المرسى المنتزه,,,10.32599619,36.87377094,La Marsa El Montazeh,المرسى المنتزه,,,TN117156,La Marsa,المرسى,,,TN1171,Tunis,تونس,,,TN11,North East,الشمال الشرقي,,,TN1,Tunisie,,,,TN,2022-11-15,,v01,fr,ar,,,POINT (10.325996186999987 36.873770938999996)
4,Gammarth,قمرت,,,10.29351153,36.90720426,Gammarth,قمرت,,,TN117157,La Marsa,المرسى,,,TN1171,Tunis,تونس,,,TN11,North East,الشمال الشرقي,,,TN1,Tunisie,,,,TN,2022-11-15,,v01,fr,ar,,,POINT (10.29351152800001 36.90720425500001)
4,Gammarth Superieur,قمرت العليا,,,10.31023579,36.89179665,Gammarth Superieur,قمرت العليا,,,TN117158,La Marsa,المرسى,,,TN1171,Tunis,تونس,,,TN11,North East,الشمال الشرقي,,,TN1,Tunisie,,,,TN,2022-11-15,,v01,fr,ar,,,POINT (10.310235789999979 36.89179664699998)
4,Sidi Daoued,سيدي داود,,,10.30768332,36.86373352,Sidi Daoued,سيدي داود,,,TN117159,La Marsa,المرسى,,,TN1171,Tunis,تونس,,,TN11,North East,الشمال الشرقي,,,TN1,Tunisie,,,,TN,2022-11-15,,v01,fr,ar,,,POINT (10.307683322999992 36.863733517000014)
4,El Bahr El Azrak,البحر الأزرق,,,10.28923947,36.88106119,El Bahr El Azrak,البحر الأزرق,,,TN117160,La Marsa,المرسى,,,TN1171,Tunis,تونس,,,TN11,North East,الشمال الشرقي,,,TN1,Tunisie,,,,TN,2022-11-15,,v01,fr,ar,,,POINT (10.28923946499998 36.881061192999994)
4,La Nouvelle Ariana,اريانة الجديدة,,,10.18236318,36.85376897,La Nouvelle Ariana,اريانة الجديدة,,,TN125151,Ariana Médina,اريانة المدينة,,,TN1251,Ariana,أريانة,,,TN12,North East,الشمال الشرقي,,,TN1,Tunisie,,,,TN,2022-11-15,,v01,fr,ar,,,POINT (10.182363181000028 36.85376897399999)
4,Ariana Superieur,أريانة العليا,,,10.16711195,36.87339252,Ariana Superieur,أريانة العليا,,,TN125152,Ariana Médina,اريانة المدينة,,,TN1251,Ariana,أريانة,,,TN12,North East,الشمال الشرقي,,,TN1,Tunisie,,,,TN,2022-11-15,,v01,fr,ar,,,POINT (10.167111954999996 36.873392523999996)
4,L'Ariana Ville,اريانة المدينة,,,10.1844887,36.86879905,L'Ariana Ville,اريانة المدينة,,,TN125153,Ariana Médina,اريانة المدينة,,,TN1251,Ariana,أريانة,,,TN12,North East,الشمال الشرقي,,,TN1,Tunisie,,,,TN,2022-11-15,,v01,fr,ar,,,POINT (10.18448870200001 36.86879905400002)
4,El Menzah V,المنزه الخامس,,,10.17592466,36.84802069,El Menzah V,المنزه الخامس,,,TN125154,Ariana Médina,اريانة المدينة,,,TN1251,Ariana,أريانة,,,TN12,North East,الشمال الشرقي,,,TN1,Tunisie,,,,TN,2022-11-15,,v01,fr,ar,,,POINT (10.175924663999979 36.84802069)
4,El Menzah VI,المنزه السادس,,,10.16339437,36.84837817,El Menzah VI,المنزه السادس,,,TN125155,Ariana Médina,اريانة المدينة,,,TN1251,Ariana,أريانة,,,TN12,North East,الشمال الشرقي,,,TN1,Tunisie,,,,TN,2022-11-15,,v01,fr,ar,,,POINT (10.163394364999988 36.848378172000025)
4,Etaamir,التعمير,,,10.19242055,36.86687855,Etaamir,التعمير,,,TN125156,Ariana Médina,اريانة المدينة,,,TN1251,Ariana,أريانة,,,TN12,North East,الشمال الشرقي,,,TN1,Tunisie,,,,TN,2022-11-15,,v01,fr,ar,,,POINT (10.192420546999983 36.86687854899998)
4,El Yasmina,الياسمينة,,,10.19406671,36.85363432,El Yasmina,الياسمينة,,,TN125157,Ariana Médina,اريانة المدينة,,,TN1251,Ariana,أريانة,,,TN12,North East,الشمال الشرقي,,,TN1,Tunisie,,,,TN,2022-11-15,,v01,fr,ar,,,POINT (10.194066712999984 36.85363431799999)
4,Ennasr 1,النصر 1,,,10.17001653,36.85924518,Ennasr 1,النصر 1,,,TN125158,Ariana Médina,اريانة المدينة,,,TN1251,Ariana,أريانة,,,TN12,North East,الشمال الشرقي,,,TN1,Tunisie,,,,TN,2022-11-15,,v01,fr,ar,,,POINT (10.170016526999973 36.85924517699999)
4,Ennasr 2,النصر 2,,,10.15528512,36.86587929,Ennasr 2,النصر 2,,,TN125159,Ariana Médina,اريانة المدينة,,,TN1251,Ariana,أريانة,,,TN12,North East,الشمال الشرقي,,,TN1,Tunisie,,,,TN,2022-11-15,,v01,fr,ar,,,POINT (10.155285117999995 36.865879291)
4,Soukra,سكرة,,,10.25821522,36.87619251,Soukra,سكرة,,,TN125251,Soukra,سكرة,,,TN1252,Ariana,أريانة,,,TN12,North East,الشمال الشرقي,,,TN1,Tunisie,,,,TN,2022-11-15,,v01,fr,ar,,,POINT (10.258215219000022 36.876192505000006)
4,Dar Fadhal,دار فضال,,,10.2425333,36.86588751,Dar Fadhal,دار فضال,,,TN125252,Soukra,سكرة,,,TN1252,Ariana,أريانة,,,TN12,North East,الشمال الشرقي,,,TN1,Tunisie,,,,TN,2022-11-15,,v01,fr,ar,,,POINT (10.242533298000012 36.865887508000014)
4,El Bessatine,البساتين,,,10.2310301,36.87648539,El Bessatine,البساتين,,,TN125253,Soukra,سكرة,,,TN1252,Ariana,أريانة,,,TN12,North East,الشمال الشرقي,,,TN1,Tunisie,,,,TN,2022-11-15,,v01,fr,ar,,,POINT (10.23103009800002 36.876485387)
4,Chotrana,شطرانة,,,10.21943831,36.89526013,Chotrana,شطرانة,,,TN125254,Soukra,سكرة,,,TN1252,Ariana,أريانة,,,TN12,North East,الشمال الشرقي,,,TN1,Tunisie,,,,TN,2022-11-15,,v01,fr,ar,,,POINT (10.219438305999972 36.89526012599998)
4,Borj El Ouzir,برج الوزير,,,10.20930641,36.86071727,Borj El Ouzir,برج الوزير,,,TN125255,Soukra,سكرة,,,TN1252,Ariana,أريانة,,,TN12,North East,الشمال الشرقي,,,TN1,Tunisie,,,,TN,2022-11-15,,v01,fr,ar,,,POINT (10.209306414000025 36.86071727500001)
4,Ennasim,النسيم,,,10.19506466,36.87628642,Ennasim,النسيم,,,TN125256,Soukra,سكرة,,,TN1252,Ariana,أريانة,,,TN12,North East,الشمال الشرقي,,,TN1,Tunisie,,,,TN,2022-11-15,,v01,fr,ar,,,POINT (10.195064659000025 36.87628641800001)
4,Ettaamir,التعمير,,,10.21097287,36.87474335,Ettaamir,التعمير,,,TN125257,Soukra,سكرة,,,TN1252,Ariana,أريانة,,,TN12,North East,الشمال الشرقي,,,TN1,Tunisie,,,,TN,2022-11-15,,v01,fr,ar,,,POINT (10.21097286600002 36.87474334799998)
4,Jaafer,جعفر,,,10.18253604,36.91682335,Jaafer,جعفر,,,TN125351,Raoued,روّاد,,,TN1253,Ariana,أريانة,,,TN12,North East,الشمال الشرقي,,,TN1,Tunisie,,,,TN,2022-11-15,,v01,fr,ar,,,POINT (10.182536040999992 36.916823351999994)
4,Enkhilet,النخيلات,,,10.19604731,36.89268659,Enkhilet,النخيلات,,,TN125352,Raoued,روّاد,,,TN1253,Ariana,أريانة,,,TN12,North East,الشمال الشرقي,,,TN1,Tunisie,,,,TN,2022-11-15,,v01,fr,ar,,,POINT (10.196047312000019 36.89268658899999)
4,El Medina El Fadhila,المدينة الفاضلة,,,10.16401146,36.89758175,El Medina El Fadhila,المدينة الفاضلة,,,TN125353,Raoued,روّاد,,,TN1253,Ariana,أريانة,,,TN12,North East,الشمال الشرقي,,,TN1,Tunisie,,,,TN,2022-11-15,,v01,fr,ar,,,POINT (10.164011456000026 36.897581746000014)
4,El Ghazala,الغزالة,,,10.17916892,36.88258552,El Ghazala,الغزالة,,,TN125354,Raoued,روّاد,,,TN1253,Ariana,أريانة,,,TN12,North East,الشمال الشرقي,,,TN1,Tunisie,,,,TN,2022-11-15,,v01,fr,ar,,,POINT (10.17916892400001 36.882585516000006)
4,Raoued,روّاد,,,10.20523359,36.96013903,Raoued,روّاد,,,TN125355,Raoued,روّاد,,,TN1253,Ariana,أريانة,,,TN12,North East,الشمال الشرقي,,,TN1,Tunisie,,,,TN,2022-11-15,,v01,fr,ar,,,POINT (10.205233593999992 36.960139029000004)
4,Bourj Ettouil,برج الطويل,,,10.13944987,36.92307769,Bourj Ettouil,برج الطويل,,,TN125356,Raoued,روّاد,,,TN1253,Ariana,أريانة,,,TN12,North East,الشمال الشرقي,,,TN1,Tunisie,,,,TN,2022-11-15,,v01,fr,ar,,,POINT (10.139449866999996 36.923077691)
4,Sidi Amor Bou Khtioua,سيدي عمر بوخطيوة,,,10.173564,36.94026433,Sidi Amor Bou Khtioua,سيدي عمر بوخطيوة,,,TN125357,Raoued,روّاد,,,TN1253,Ariana,أريانة,,,TN12,North East,الشمال الشرقي,,,TN1,Tunisie,,,,TN,2022-11-15,,v01,fr,ar,,,POINT (10.17356399900001 36.940264334000005)
4,Kalaat El Andalous Est,قلعة الاندلس الشرقية,,,10.14772051,37.06357054,Kalaat El Andalous Est,قلعة الاندلس الشرقية,,,TN125451,Kalaat El Andalous,قلعة الأندلس,,,TN1254,Ariana,أريانة,,,TN12,North East,الشمال الشرقي,,,TN1,Tunisie,,,,TN,2022-11-15,,v01,fr,ar,,,POINT (10.147720506999974 37.06357054199998)
4,Kalaat El Andalous Ouest,قلعة الاندلس الغربية,,,10.10519395,37.05756168,Kalaat El Andalous Ouest,قلعة الاندلس الغربية,,,TN125452,Kalaat El Andalous,قلعة الأندلس,,,TN1254,Ariana,أريانة,,,TN12,North East,الشمال الشرقي,,,TN1,Tunisie,,,,TN,2022-11-15,,v01,fr,ar,,,POINT (10.105193948000021 37.05756168400001)
4,Pont De Bizerte,قنطرة بنزرت,,,10.07653244,36.99081845,Pont De Bizerte,قنطرة بنزرت,,,TN125453,Kalaat El Andalous,قلعة الأندلس,,,TN1254,Ariana,أريانة,,,TN12,North East,الشمال الشرقي,,,TN1,Tunisie,,,,TN,2022-11-15,,v01,fr,ar,,,POINT (10.076532439999994 36.990818450999996)
4,Bou Hanach,بوحنش,,,10.11713982,36.96121024,Bou Hanach,بوحنش,,,TN125454,Kalaat El Andalous,قلعة الأندلس,,,TN1254,Ariana,أريانة,,,TN12,North East,الشمال الشرقي,,,TN1,Tunisie,,,,TN,2022-11-15,,v01,fr,ar,,,POINT (10.117139814999973 36.96121024399997)
4,El Hessiane,الحسيان,,,10.18219721,36.98827072,El Hessiane,الحسيان,,,TN125455,Kalaat El Andalous,قلعة الأندلس,,,TN1254,Ariana,أريانة,,,TN12,North East,الشمال الشرقي,,,TN1,Tunisie,,,,TN,2022-11-15,,v01,fr,ar,,,POINT (10.182197205000023 36.98827072199998)
4,Ennahli,النحلي,,,10.12179226,36.90217702,Ennahli,النحلي,,,TN125456,Kalaat El Andalous,قلعة الأندلس,,,TN1254,Ariana,أريانة,,,TN12,North East,الشمال الشرقي,,,TN1,Tunisie,,,,TN,2022-11-15,,v01,fr,ar,,,POINT (10.121792258000028 36.90217702000001)
4,Sidi Thabet,سيدي ثابت,,,10.05866472,36.90201174,Sidi Thabet,سيدي ثابت,,,TN125551,Sidi Thabet,سيدي ثابت,,,TN1255,Ariana,أريانة,,,TN12,North East,الشمال الشرقي,,,TN1,Tunisie,,,,TN,2022-11-15,,v01,fr,ar,,,POINT (10.058664723999982 36.902011741000024)
4,Bejaoua,بجاوة,,,10.01523459,36.86218009,Bejaoua,بجاوة,,,TN125552,Sidi Thabet,سيدي ثابت,,,TN1255,Ariana,أريانة,,,TN12,North East,الشمال الشرقي,,,TN1,Tunisie,,,,TN,2022-11-15,,v01,fr,ar,,,POINT (10.015234587999998 36.86218008499998)
4,Mongi Slim,المنجي سليم,,,10.02586213,36.8950478,Mongi Slim,المنجي سليم,,,TN125553,Sidi Thabet,سيدي ثابت,,,TN1255,Ariana,أريانة,,,TN12,North East,الشمال الشرقي,,,TN1,Tunisie,,,,TN,2022-11-15,,v01,fr,ar,,,POINT (10.025862125000003 36.89504780200002)
4,Cebalet Ben Ammar,سبالة بن عمار,,,10.09785342,36.91055471,Cebalet Ben Ammar,سبالة بن عمار,,,TN125554,Sidi Thabet,سيدي ثابت,,,TN1255,Ariana,أريانة,,,TN12,North East,الشمال الشرقي,,,TN1,Tunisie,,,,TN,2022-11-15,,v01,fr,ar,,,POINT (10.097853423999993 36.91055471200002)
4,Chorfech,شرفش,,,10.04994379,36.94902387,Chorfech,شرفش,,,TN125555,Sidi Thabet,سيدي ثابت,,,TN1255,Ariana,أريانة,,,TN12,North East,الشمال الشرقي,,,TN1,Tunisie,,,,TN,2022-11-15,,v01,fr,ar,,,POINT (10.049943792000022 36.94902386799998)
4,Cite Ettadhamen,حي التضامن,,,10.11310238,36.83262089,Cite Ettadhamen,حي التضامن,,,TN125651,Ettadhamen,حي التضامن,,,TN1256,Ariana,أريانة,,,TN12,North East,الشمال الشرقي,,,TN1,Tunisie,,,,TN,2022-11-15,,v01,fr,ar,,,POINT (10.113102379999987 36.83262088999999)
4,Ibn Khaldoun,ابن خلدون,,,10.11224653,36.83692012,Ibn Khaldoun,ابن خلدون,,,TN125652,Ettadhamen,حي التضامن,,,TN1256,Ariana,أريانة,,,TN12,North East,الشمال الشرقي,,,TN1,Tunisie,,,,TN,2022-11-15,,v01,fr,ar,,,POINT (10.112246529000004 36.83692012199998)
4,09 Avril,09أكتوبر,,,10.10885003,36.82757781,09 Avril,09أكتوبر,,,TN125653,Ettadhamen,حي التضامن,,,TN1256,Ariana,أريانة,,,TN12,North East,الشمال الشرقي,,,TN1,Tunisie,,,,TN,2022-11-15,,v01,fr,ar,,,POINT (10.108850028999996 36.82757780600002)
4,18 Janvier,18جانفي,,,10.10299281,36.83150334,18 Janvier,18جانفي,,,TN125654,Ettadhamen,حي التضامن,,,TN1256,Ariana,أريانة,,,TN12,North East,الشمال الشرقي,,,TN1,Tunisie,,,,TN,2022-11-15,,v01,fr,ar,,,POINT (10.102992809 36.83150334200002)
4,20 Mars,20مارس,,,10.10128182,36.8376046,20 Mars,20مارس,,,TN125655,Ettadhamen,حي التضامن,,,TN1256,Ariana,أريانة,,,TN12,North East,الشمال الشرقي,,,TN1,Tunisie,,,,TN,2022-11-15,,v01,fr,ar,,,POINT (10.101281824000012 36.837604595000016)
4,Mongi Slim,منجي سليم,,,10.09802486,36.84081907,Mongi Slim,منجي سليم,,,TN125656,Ettadhamen,حي التضامن,,,TN1256,Ariana,أريانة,,,TN12,North East,الشمال الشرقي,,,TN1,Tunisie,,,,TN,2022-11-15,,v01,fr,ar,,,POINT (10.098024862999978 36.840819071)
4,07 Novembre,نوفمبر07,,,10.09725722,36.83548352,07 Novembre,نوفمبر07,,,TN125657,Ettadhamen,حي التضامن,,,TN1256,Ariana,أريانة,,,TN12,North East,الشمال الشرقي,,,TN1,Tunisie,,,,TN,2022-11-15,,v01,fr,ar,,,POINT (10.097257222999986 36.83548352399998)
4,Abulkassem Ech-Chebbi,ابو القاسم الشابي,,,10.10785871,36.83872158,Abulkassem Ech-Chebbi,ابو القاسم الشابي,,,TN125658,Ettadhamen,حي التضامن,,,TN1256,Ariana,أريانة,,,TN12,North East,الشمال الشرقي,,,TN1,Tunisie,,,,TN,2022-11-15,,v01,fr,ar,,,POINT (10.107858705000012 36.83872157600001)
4,Khaireddine Pacha,خير الدين باشا,,,10.10421142,36.84217024,Khaireddine Pacha,خير الدين باشا,,,TN125659,Ettadhamen,حي التضامن,,,TN1256,Ariana,أريانة,,,TN12,North East,الشمال الشرقي,,,TN1,Tunisie,,,,TN,2022-11-15,,v01,fr,ar,,,POINT (10.104211419000023 36.842170238999984)
4,El Mnihla,المنيهلة,,,10.09970448,36.8674103,El Mnihla,المنيهلة,,,TN125751,Mnihla,المنيهلة,,,TN1257,Ariana,أريانة,,,TN12,North East,الشمال الشرقي,,,TN1,Tunisie,,,,TN,2022-11-15,,v01,fr,ar,,,POINT (10.099704476999989 36.86741030100001)
4,Errafaha,الرفاهة,,,10.12920635,36.86663215,Errafaha,الرفاهة,,,TN125752,Mnihla,المنيهلة,,,TN1257,Ariana,أريانة,,,TN12,North East,الشمال الشرقي,,,TN1,Tunisie,,,,TN,2022-11-15,,v01,fr,ar,,,POINT (10.129206351999983 36.86663215200002)
4,En-Nasr,النصر,,,10.11189315,36.84218631,En-Nasr,النصر,,,TN125753,Mnihla,المنيهلة,,,TN1257,Ariana,أريانة,,,TN12,North East,الشمال الشرقي,,,TN1,Tunisie,,,,TN,2022-11-15,,v01,fr,ar,,,POINT (10.111893147999979 36.84218630700002)
4,El-Bassatine,البساتين,,,10.10101022,36.84568768,El-Bassatine,البساتين,,,TN125754,Mnihla,المنيهلة,,,TN1257,Ariana,أريانة,,,TN12,North East,الشمال الشرقي,,,TN1,Tunisie,,,,TN,2022-11-15,,v01,fr,ar,,,POINT (10.101010223999992 36.845687680000026)
4,15 Octobre,15أكتوبر,,,10.09115066,36.85660943,15 Octobre,15أكتوبر,,,TN125755,Mnihla,المنيهلة,,,TN1257,Ariana,أريانة,,,TN12,North East,الشمال الشرقي,,,TN1,Tunisie,,,,TN,2022-11-15,,v01,fr,ar,,,POINT (10.091150658000004 36.85660942800001)
4,Ben Arous Est,بن عروس الشرقية,,,10.22464172,36.75773695,Ben Arous Est,بن عروس الشرقية,,,TN135151,Ben Arous,بن عروس,,,TN1351,Ben Arous,بن عروس,,,TN13,North East,الشمال الشرقي,,,TN1,Tunisie,,,,TN,2022-11-15,,v01,fr,ar,,,POINT (10.224641721000012 36.757736948)
4,Cite Ibn Arafa,حي ابن عرفة,,,10.22243975,36.76156038,Cite Ibn Arafa,حي ابن عرفة,,,TN135152,Ben Arous,بن عروس,,,TN1351,Ben Arous,بن عروس,,,TN13,North East,الشمال الشرقي,,,TN1,Tunisie,,,,TN,2022-11-15,,v01,fr,ar,,,POINT (10.222439748 36.76156037599998)
4,El Mehiri,المهيري,,,10.23547766,36.7524952,El Mehiri,المهيري,,,TN135153,Ben Arous,بن عروس,,,TN1351,Ben Arous,بن عروس,,,TN13,North East,الشمال الشرقي,,,TN1,Tunisie,,,,TN,2022-11-15,,v01,fr,ar,,,POINT (10.235477659000026 36.75249519900001)
4,Ben Arous Ouest,بن عروس الغربية,,,10.21745269,36.74698815,Ben Arous Ouest,بن عروس الغربية,,,TN135154,Ben Arous,بن عروس,,,TN1351,Ben Arous,بن عروس,,,TN13,North East,الشمال الشرقي,,,TN1,Tunisie,,,,TN,2022-11-15,,v01,fr,ar,,,POINT (10.217452691000005 36.746988147000025)
4,Sidi Ben Arous,سيدي بن عروس,,,10.21710229,36.75368576,Sidi Ben Arous,سيدي بن عروس,,,TN135155,Ben Arous,بن عروس,,,TN1351,Ben Arous,بن عروس,,,TN13,North East,الشمال الشرقي,,,TN1,Tunisie,,,,TN,2022-11-15,,v01,fr,ar,,,POINT (10.217102293999972 36.75368575599998)
4,Cite El Iskane,حي الاسكان,,,10.22397332,36.73773853,Cite El Iskane,حي الاسكان,,,TN135156,Ben Arous,بن عروس,,,TN1351,Ben Arous,بن عروس,,,TN13,North East,الشمال الشرقي,,,TN1,Tunisie,,,,TN,2022-11-15,,v01,fr,ar,,,POINT (10.223973320000027 36.73773853199998)
4,La Nouvelle Medina (1),المدينة الجديدة 1,,,10.24739131,36.75105572,La Nouvelle Medina (1),المدينة الجديدة 1,,,TN135251,Nouvelle Médina,المدينة الجديدة,,,TN1352,Ben Arous,بن عروس,,,TN13,North East,الشمال الشرقي,,,TN1,Tunisie,,,,TN,2022-11-15,,v01,fr,ar,,,POINT (10.247391311000001 36.75105572199999)
4,La Nouvelle Medina (2),المدينة الجديدة 2,,,10.26071047,36.74372207,La Nouvelle Medina (2),المدينة الجديدة 2,,,TN135252,Nouvelle Médina,المدينة الجديدة,,,TN1352,Ben Arous,بن عروس,,,TN13,North East,الشمال الشرقي,,,TN1,Tunisie,,,,TN,2022-11-15,,v01,fr,ar,,,POINT (10.260710470999982 36.743722065999975)
4,Sidi Mosbah,سيدي مصباح,,,10.23917437,36.74362308,Sidi Mosbah,سيدي مصباح,,,TN135253,Nouvelle Médina,المدينة الجديدة,,,TN1352,Ben Arous,بن عروس,,,TN13,North East,الشمال الشرقي,,,TN1,Tunisie,,,,TN,2022-11-15,,v01,fr,ar,,,POINT (10.239174368000022 36.743623078999974)
4,El Yasminet,الياسمينات,,,10.24228527,36.72855998,El Yasminet,الياسمينات,,,TN135254,Nouvelle Médina,المدينة الجديدة,,,TN1352,Ben Arous,بن عروس,,,TN13,North East,الشمال الشرقي,,,TN1,Tunisie,,,,TN,2022-11-15,,v01,fr,ar,,,POINT (10.242285272000004 36.728559976999975)
4,Errabta,الرابطة,,,10.24896068,36.73818314,Errabta,الرابطة,,,TN135255,Nouvelle Médina,المدينة الجديدة,,,TN1352,Ben Arous,بن عروس,,,TN13,North East,الشمال الشرقي,,,TN1,Tunisie,,,,TN,2022-11-15,,v01,fr,ar,,,POINT (10.248960683000007 36.738183139)
4,El Mourouj (1),المروج 1,,,10.19890641,36.73071734,El Mourouj (1),المروج 1,,,TN135351,El Mourouj,المروج,,,TN1353,Ben Arous,بن عروس,,,TN13,North East,الشمال الشرقي,,,TN1,Tunisie,,,,TN,2022-11-15,,v01,fr,ar,,,POINT (10.198906410999996 36.73071733799998)
4,El Mourouj (3),المروج 3,,,10.20964371,36.72719977,El Mourouj (3),المروج 3,,,TN135352,El Mourouj,المروج,,,TN1353,Ben Arous,بن عروس,,,TN13,North East,الشمال الشرقي,,,TN1,Tunisie,,,,TN,2022-11-15,,v01,fr,ar,,,POINT (10.209643706999998 36.727199771000016)
4,El Mourouj (4),المروج 4,,,10.20486897,36.71660009,El Mourouj (4),المروج 4,,,TN135353,El Mourouj,المروج,,,TN1353,Ben Arous,بن عروس,,,TN13,North East,الشمال الشرقي,,,TN1,Tunisie,,,,TN,2022-11-15,,v01,fr,ar,,,POINT (10.204868971999986 36.71660008800001)
4,El Mourouj (5),المروج 5,,,10.21615526,36.70488242,El Mourouj (5),المروج 5,,,TN135354,El Mourouj,المروج,,,TN1353,Ben Arous,بن عروس,,,TN13,North East,الشمال الشرقي,,,TN1,Tunisie,,,,TN,2022-11-15,,v01,fr,ar,,,POINT (10.216155261999972 36.704882422000026)
4,Bir Kassaa,بئر القصعة,,,10.21121384,36.73909117,Bir Kassaa,بئر القصعة,,,TN135355,El Mourouj,المروج,,,TN1353,Ben Arous,بن عروس,,,TN13,North East,الشمال الشرقي,,,TN1,Tunisie,,,,TN,2022-11-15,,v01,fr,ar,,,POINT (10.211213843999985 36.73909117400001)
4,Farhat Hached,فرحات حشاد,,,10.23109317,36.72119576,Farhat Hached,فرحات حشاد,,,TN135356,El Mourouj,المروج,,,TN1353,Ben Arous,بن عروس,,,TN13,North East,الشمال الشرقي,,,TN1,Tunisie,,,,TN,2022-11-15,,v01,fr,ar,,,POINT (10.231093172999977 36.721195764000015)
4,Hammam Lif Ville,حمام الانف المدينة,,,10.33171449,36.72718988,Hammam Lif Ville,حمام الانف المدينة,,,TN135451,Hammam Lif,حمام الأنف,,,TN1354,Ben Arous,بن عروس,,,TN13,North East,الشمال الشرقي,,,TN1,Tunisie,,,,TN,2022-11-15,,v01,fr,ar,,,POINT (10.331714492000003 36.72718987899998)
4,Hammem Lif Ville 2,حمام الانف المدينة 2,,,10.34219353,36.72944129,Hammem Lif Ville 2,حمام الانف المدينة 2,,,TN135452,Hammam Lif,حمام الأنف,,,TN1354,Ben Arous,بن عروس,,,TN13,North East,الشمال الشرقي,,,TN1,Tunisie,,,,TN,2022-11-15,,v01,fr,ar,,,POINT (10.342193529999975 36.729441287999975)
4,Hammem Lif Bou Kornine,حمام الانف بوقرنين,,,10.32880221,36.73542141,Hammem Lif Bou Kornine,حمام الانف بوقرنين,,,TN135453,Hammam Lif,حمام الأنف,,,TN1354,Ben Arous,بن عروس,,,TN13,North East,الشمال الشرقي,,,TN1,Tunisie,,,,TN,2022-11-15,,v01,fr,ar,,,POINT (10.328802213000017 36.735421406)
4,Farhat Hached,فرحات حشاد,,,10.32128543,36.72587034,Farhat Hached,فرحات حشاد,,,TN135454,Hammam Lif,حمام الأنف,,,TN1354,Ben Arous,بن عروس,,,TN13,North East,الشمال الشرقي,,,TN1,Tunisie,,,,TN,2022-11-15,,v01,fr,ar,,,POINT (10.321285434000004 36.725870337)
4,Hammam Lif El Malaab,حمام الانف الملعب,,,10.35154296,36.7246596,Hammam Lif El Malaab,حمام الانف الملعب,,,TN135455,Hammam Lif,حمام الأنف,,,TN1354,Ben Arous,بن عروس,,,TN13,North East,الشمال الشرقي,,,TN1,Tunisie,,,,TN,2022-11-15,,v01,fr,ar,,,POINT (10.351542959000028 36.724659599000006)
4,Cite Mohamed Ali,حي محمد علي,,,10.3359033,36.71183094,Cite Mohamed Ali,حي محمد علي,,,TN135456,Hammam Lif,حمام الأنف,,,TN1354,Ben Arous,بن عروس,,,TN13,North East,الشمال الشرقي,,,TN1,Tunisie,,,,TN,2022-11-15,,v01,fr,ar,,,POINT (10.335903304999988 36.71183094100002)
4,Bir El Bey,بئر الباي,,,10.37001478,36.70271486,Bir El Bey,بئر الباي,,,TN135551,Hammam Chott,حمام الشط,,,TN1355,Ben Arous,بن عروس,,,TN13,North East,الشمال الشرقي,,,TN1,Tunisie,,,,TN,2022-11-15,,v01,fr,ar,,,POINT (10.370014777999984 36.70271485799998)
4,Borj Cedria,برج السدرية,,,10.38117342,36.68012817,Borj Cedria,برج السدرية,,,TN135552,Hammam Chott,حمام الشط,,,TN1355,Ben Arous,بن عروس,,,TN13,North East,الشمال الشرقي,,,TN1,Tunisie,,,,TN,2022-11-15,,v01,fr,ar,,,POINT (10.381173423000007 36.680128165999974)
4,Hammem Chatt,حمام الشط,,,10.36527581,36.71653959,Hammem Chatt,حمام الشط,,,TN135553,Hammam Chott,حمام الشط,,,TN1355,Ben Arous,بن عروس,,,TN13,North East,الشمال الشرقي,,,TN1,Tunisie,,,,TN,2022-11-15,,v01,fr,ar,,,POINT (10.365275811000004 36.716539592000004)
4,Bou Mhel,بومهل,,,10.31127879,36.71444089,Bou Mhel,بومهل,,,TN135651,Boumhel,بومهل البساتين,,,TN1356,Ben Arous,بن عروس,,,TN13,North East,الشمال الشرقي,,,TN1,Tunisie,,,,TN,2022-11-15,,v01,fr,ar,,,POINT (10.311278790000017 36.71444089099998)
4,El Bassatine,البساتين,,,10.29314892,36.72820659,El Bassatine,البساتين,,,TN135652,Boumhel,بومهل البساتين,,,TN1356,Ben Arous,بن عروس,,,TN13,North East,الشمال الشرقي,,,TN1,Tunisie,,,,TN,2022-11-15,,v01,fr,ar,,,POINT (10.293148917999986 36.72820659000001)
4,Chela,شالة,,,10.29824506,36.70537385,Chela,شالة,,,TN135653,Boumhel,بومهل البساتين,,,TN1356,Ben Arous,بن عروس,,,TN13,North East,الشمال الشرقي,,,TN1,Tunisie,,,,TN,2022-11-15,,v01,fr,ar,,,POINT (10.298245055999985 36.705373845)
4,El Bassatine El Gharbya,البساتين الغربية,,,10.26821032,36.72755112,El Bassatine El Gharbya,البساتين الغربية,,,TN135654,Boumhel,بومهل البساتين,,,TN1356,Ben Arous,بن عروس,,,TN13,North East,الشمال الشرقي,,,TN1,Tunisie,,,,TN,2022-11-15,,v01,fr,ar,,,POINT (10.268210324999984 36.72755111800001)
4,Ez-Zahra Ville,الزهراء المدينة,,,10.30829523,36.74915353,Ez-Zahra Ville,الزهراء المدينة,,,TN135751,Ezzahra,الزهراء,,,TN1357,Ben Arous,بن عروس,,,TN13,North East,الشمال الشرقي,,,TN1,Tunisie,,,,TN,2022-11-15,,v01,fr,ar,,,POINT (10.308295234000013 36.74915353099999)
4,Cite El Habib,حي الحبيب,,,10.30949366,36.73953091,Cite El Habib,حي الحبيب,,,TN135752,Ezzahra,الزهراء,,,TN1357,Ben Arous,بن عروس,,,TN13,North East,الشمال الشرقي,,,TN1,Tunisie,,,,TN,2022-11-15,,v01,fr,ar,,,POINT (10.309493658000008 36.739530914)
4,18 Janvier,18جانفي,,,10.30038561,36.74581674,18 Janvier,18جانفي,,,TN135753,Ezzahra,الزهراء,,,TN1357,Ben Arous,بن عروس,,,TN13,North East,الشمال الشرقي,,,TN1,Tunisie,,,,TN,2022-11-15,,v01,fr,ar,,,POINT (10.30038560700001 36.74581674199999)
4,Borj El Louzir,برج الوزير,,,10.28747016,36.74633558,Borj El Louzir,برج الوزير,,,TN135754,Ezzahra,الزهراء,,,TN1357,Ben Arous,بن عروس,,,TN13,North East,الشمال الشرقي,,,TN1,Tunisie,,,,TN,2022-11-15,,v01,fr,ar,,,POINT (10.287470159000009 36.74633558199997)
4,Rades Ville,رادس المدينة,,,10.26667423,36.76364237,Rades Ville,رادس المدينة,,,TN135851,Radès,رادس,,,TN1358,Ben Arous,بن عروس,,,TN13,North East,الشمال الشرقي,,,TN1,Tunisie,,,,TN,2022-11-15,,v01,fr,ar,,,POINT (10.266674228 36.76364237299998)
4,Rades Mellaha,رادس الملاحة,,,10.2720367,36.78975207,Rades Mellaha,رادس الملاحة,,,TN135852,Radès,رادس,,,TN1358,Ben Arous,بن عروس,,,TN13,North East,الشمال الشرقي,,,TN1,Tunisie,,,,TN,2022-11-15,,v01,fr,ar,,,POINT (10.27203670199998 36.789752066999995)
4,Taieb Mehiri,الطيب المهيري,,,10.27990318,36.78308904,Taieb Mehiri,الطيب المهيري,,,TN135853,Radès,رادس,,,TN1358,Ben Arous,بن عروس,,,TN13,North East,الشمال الشرقي,,,TN1,Tunisie,,,,TN,2022-11-15,,v01,fr,ar,,,POINT (10.279903181999998 36.78308904300002)
4,Rades Remada,رادس رمادة,,,10.27789745,36.7747284,Rades Remada,رادس رمادة,,,TN135854,Radès,رادس,,,TN1358,Ben Arous,بن عروس,,,TN13,North East,الشمال الشرقي,,,TN1,Tunisie,,,,TN,2022-11-15,,v01,fr,ar,,,POINT (10.277897451000001 36.77472840399997)
4,Mongi Slim,المنجي سليم,,,10.26965316,36.77089335,Mongi Slim,المنجي سليم,,,TN135855,Radès,رادس,,,TN1358,Ben Arous,بن عروس,,,TN13,North East,الشمال الشرقي,,,TN1,Tunisie,,,,TN,2022-11-15,,v01,fr,ar,,,POINT (10.269653161999997 36.770893349999994)
4,Rades Foret,رادس الغابة,,,10.2657049,36.7530329,Rades Foret,رادس الغابة,,,TN135856,Radès,رادس,,,TN1358,Ben Arous,بن عروس,,,TN13,North East,الشمال الشرقي,,,TN1,Tunisie,,,,TN,2022-11-15,,v01,fr,ar,,,POINT (10.265704898000024 36.75303290199997)
4,Rades Meliane,رادس مليان,,,10.28787589,36.76481693,Rades Meliane,رادس مليان,,,TN135857,Radès,رادس,,,TN1358,Ben Arous,بن عروس,,,TN13,North East,الشمال الشرقي,,,TN1,Tunisie,,,,TN,2022-11-15,,v01,fr,ar,,,POINT (10.287875895000013 36.764816930999984)
4,Noubou,نوبو,,,10.27917588,36.7577637,Noubou,نوبو,,,TN135858,Radès,رادس,,,TN1358,Ben Arous,بن عروس,,,TN13,North East,الشمال الشرقي,,,TN1,Tunisie,,,,TN,2022-11-15,,v01,fr,ar,,,POINT (10.27917587799999 36.7577637)
4,Megrine Superieure,مقرين العليا,,,10.25184874,36.77583731,Megrine Superieure,مقرين العليا,,,TN135951,Mégrine,مقرين,,,TN1359,Ben Arous,بن عروس,,,TN13,North East,الشمال الشرقي,,,TN1,Tunisie,,,,TN,2022-11-15,,v01,fr,ar,,,POINT (10.251848739000025 36.775837310999975)
4,Megrine Riadh,مقرين الرياض,,,10.22326114,36.77046329,Megrine Riadh,مقرين الرياض,,,TN135952,Mégrine,مقرين,,,TN1359,Ben Arous,بن عروس,,,TN13,North East,الشمال الشرقي,,,TN1,Tunisie,,,,TN,2022-11-15,,v01,fr,ar,,,POINT (10.22326114499998 36.77046328900002)
4,Jawhara,جوهرة,,,10.22015185,36.7786472,Jawhara,جوهرة,,,TN135953,Mégrine,مقرين,,,TN1359,Ben Arous,بن عروس,,,TN13,North East,الشمال الشرقي,,,TN1,Tunisie,,,,TN,2022-11-15,,v01,fr,ar,,,POINT (10.220151846000022 36.77864719600001)
4,Menzel Mabrouk,منزل مبروك,,,10.23257415,36.77630996,Menzel Mabrouk,منزل مبروك,,,TN135954,Mégrine,مقرين,,,TN1359,Ben Arous,بن عروس,,,TN13,North East,الشمال الشرقي,,,TN1,Tunisie,,,,TN,2022-11-15,,v01,fr,ar,,,POINT (10.232574151999984 36.77630995999999)
4,Megrine Chaker,مقرين شاكر,,,10.23923834,36.78078238,Megrine Chaker,مقرين شاكر,,,TN135955,Mégrine,مقرين,,,TN1359,Ben Arous,بن عروس,,,TN13,North East,الشمال الشرقي,,,TN1,Tunisie,,,,TN,2022-11-15,,v01,fr,ar,,,POINT (10.239238344 36.780782381999984)
4,Megrine Chaker (2),مقرين شاكر2,,,10.22750686,36.78274668,Megrine Chaker (2),مقرين شاكر2,,,TN135956,Mégrine,مقرين,,,TN1359,Ben Arous,بن عروس,,,TN13,North East,الشمال الشرقي,,,TN1,Tunisie,,,,TN,2022-11-15,,v01,fr,ar,,,POINT (10.227506862999974 36.78274668400002)
4,Sidi Rezig,سيدي رزيق,,,10.24857717,36.76361928,Sidi Rezig,سيدي رزيق,,,TN135957,Mégrine,مقرين,,,TN1359,Ben Arous,بن عروس,,,TN13,North East,الشمال الشرقي,,,TN1,Tunisie,,,,TN,2022-11-15,,v01,fr,ar,,,POINT (10.248577173000001 36.76361927900001)
4,Sidi Rezig (2),سيدي رزيق 2,,,10.2388118,36.76222993,Sidi Rezig (2),سيدي رزيق 2,,,TN135958,Mégrine,مقرين,,,TN1359,Ben Arous,بن عروس,,,TN13,North East,الشمال الشرقي,,,TN1,Tunisie,,,,TN,2022-11-15,,v01,fr,ar,,,POINT (10.238811802999976 36.762229925999975)
4,Mohamedia,المحمدية,,,10.14644394,36.67475086,Mohamedia,المحمدية,,,TN136051,M'Hamdia,المحمدية,,,TN1360,Ben Arous,بن عروس,,,TN13,North East,الشمال الشرقي,,,TN1,Tunisie,,,,TN,2022-11-15,,v01,fr,ar,,,POINT (10.146443939999983 36.67475086000002)
4,Mongi Selim,المنجي سليم,,,10.15087749,36.69078051,Mongi Selim,المنجي سليم,,,TN136052,M'Hamdia,المحمدية,,,TN1360,Ben Arous,بن عروس,,,TN13,North East,الشمال الشرقي,,,TN1,Tunisie,,,,TN,2022-11-15,,v01,fr,ar,,,POINT (10.150877486000013 36.690780510000025)
4,Cite Es-Saada,حي السعادة,,,10.16398614,36.65575823,Cite Es-Saada,حي السعادة,,,TN136053,M'Hamdia,المحمدية,,,TN1360,Ben Arous,بن عروس,,,TN13,North East,الشمال الشرقي,,,TN1,Tunisie,,,,TN,2022-11-15,,v01,fr,ar,,,POINT (10.163986138999974 36.65575823099999)
4,Cite El Nassim,حي النسيم,,,10.18168455,36.67366532,Cite El Nassim,حي النسيم,,,TN136054,M'Hamdia,المحمدية,,,TN1360,Ben Arous,بن عروس,,,TN13,North East,الشمال الشرقي,,,TN1,Tunisie,,,,TN,2022-11-15,,v01,fr,ar,,,POINT (10.181684551999979 36.67366531900001)
4,Sidi Frej,سيدي فرج,,,10.09548984,36.64530469,Sidi Frej,سيدي فرج,,,TN136055,M'Hamdia,المحمدية,,,TN1360,Ben Arous,بن عروس,,,TN13,North East,الشمال الشرقي,,,TN1,Tunisie,,,,TN,2022-11-15,,v01,fr,ar,,,POINT (10.095489837999992 36.64530468800001)
4,Fouchana,فوشانة,,,10.17247775,36.69470867,Fouchana,فوشانة,,,TN136151,Fouchana,فوشانة,,,TN1361,Ben Arous,بن عروس,,,TN13,North East,الشمال الشرقي,,,TN1,Tunisie,,,,TN,2022-11-15,,v01,fr,ar,,,POINT (10.172477747000016 36.694708671)
4,Cite El Mostakbel,حي المستقبل,,,10.15871846,36.69624304,Cite El Mostakbel,حي المستقبل,,,TN136152,Fouchana,فوشانة,,,TN1361,Ben Arous,بن عروس,,,TN13,North East,الشمال الشرقي,,,TN1,Tunisie,,,,TN,2022-11-15,,v01,fr,ar,,,POINT (10.158718459 36.69624303799998)
4,El Hidhab,الهضاب,,,10.18049154,36.70373128,El Hidhab,الهضاب,,,TN136153,Fouchana,فوشانة,,,TN1361,Ben Arous,بن عروس,,,TN13,North East,الشمال الشرقي,,,TN1,Tunisie,,,,TN,2022-11-15,,v01,fr,ar,,,POINT (10.180491534999987 36.70373128199998)
4,El Mghira,المغيرة,,,10.15609085,36.72115029,El Mghira,المغيرة,,,TN136154,Fouchana,فوشانة,,,TN1361,Ben Arous,بن عروس,,,TN13,North East,الشمال الشرقي,,,TN1,Tunisie,,,,TN,2022-11-15,,v01,fr,ar,,,POINT (10.156090855000002 36.72115029399998)
4,Naassen,نعسان,,,10.23534346,36.69710922,Naassen,نعسان,,,TN136155,Fouchana,فوشانة,,,TN1361,Ben Arous,بن عروس,,,TN13,North East,الشمال الشرقي,,,TN1,Tunisie,,,,TN,2022-11-15,,v01,fr,ar,,,POINT (10.235343458999978 36.69710921799998)
4,Chebeda,شبدّة,,,10.21830363,36.67350082,Chebeda,شبدّة,,,TN136156,Fouchana,فوشانة,,,TN1361,Ben Arous,بن عروس,,,TN13,North East,الشمال الشرقي,,,TN1,Tunisie,,,,TN,2022-11-15,,v01,fr,ar,,,POINT (10.218303633999994 36.67350082299998)
4,Douar Elhouch,دوار الحوش,,,10.22639722,36.68413409,Douar Elhouch,دوار الحوش,,,TN136157,Fouchana,فوشانة,,,TN1361,Ben Arous,بن عروس,,,TN13,North East,الشمال الشرقي,,,TN1,Tunisie,,,,TN,2022-11-15,,v01,fr,ar,,,POINT (10.226397223999982 36.684134094)
4,Mornag,مرناق,,,10.29794079,36.66721303,Mornag,مرناق,,,TN136251,Mornag,مرناق,,,TN1362,Ben Arous,بن عروس,,,TN13,North East,الشمال الشرقي,,,TN1,Tunisie,,,,TN,2022-11-15,,v01,fr,ar,,,POINT (10.297940787000016 36.667213027)
4,Mornag Ouest,مرناق الغربية,,,10.2849312,36.66386866,Mornag Ouest,مرناق الغربية,,,TN136252,Mornag,مرناق,,,TN1362,Ben Arous,بن عروس,,,TN13,North East,الشمال الشرقي,,,TN1,Tunisie,,,,TN,2022-11-15,,v01,fr,ar,,,POINT (10.284931201999996 36.66386865700002)
4,Khelidia,الخليلدية,,,10.15499788,36.62673485,Khelidia,الخليلدية,,,TN136253,Mornag,مرناق,,,TN1362,Ben Arous,بن عروس,,,TN13,North East,الشمال الشرقي,,,TN1,Tunisie,,,,TN,2022-11-15,,v01,fr,ar,,,POINT (10.154997875999982 36.62673485200003)
4,Ez-Zaouia,الزاوية,,,10.27309705,36.70586959,Ez-Zaouia,الزاوية,,,TN136254,Mornag,مرناق,,,TN1362,Ben Arous,بن عروس,,,TN13,North East,الشمال الشرقي,,,TN1,Tunisie,,,,TN,2022-11-15,,v01,fr,ar,,,POINT (10.273097048000011 36.705869586999995)
4,Djebel Ressas,جبل الرصاص,,,10.33016771,36.60315426,Djebel Ressas,جبل الرصاص,,,TN136255,Mornag,مرناق,,,TN1362,Ben Arous,بن عروس,,,TN13,North East,الشمال الشرقي,,,TN1,Tunisie,,,,TN,2022-11-15,,v01,fr,ar,,,POINT (10.330167710000012 36.60315425800002)
4,Sidi Salem El Garsi,سيدي سالم القارصي,,,10.30489395,36.49460492,Sidi Salem El Garsi,سيدي سالم القارصي,,,TN136256,Mornag,مرناق,,,TN1362,Ben Arous,بن عروس,,,TN13,North East,الشمال الشرقي,,,TN1,Tunisie,,,,TN,2022-11-15,,v01,fr,ar,,,POINT (10.304893951999986 36.49460491899998)
4,Kabouti,الكبوطي,,,10.32832218,36.56241464,Kabouti,الكبوطي,,,TN136257,Mornag,مرناق,,,TN1362,Ben Arous,بن عروس,,,TN13,North East,الشمال الشرقي,,,TN1,Tunisie,,,,TN,2022-11-15,,v01,fr,ar,,,POINT (10.328322177000018 36.56241463600003)
4,Ain Rekad,عين رقاد,,,10.22580274,36.53003376,Ain Rekad,عين رقاد,,,TN136258,Mornag,مرناق,,,TN1362,Ben Arous,بن عروس,,,TN13,North East,الشمال الشرقي,,,TN1,Tunisie,,,,TN,2022-11-15,,v01,fr,ar,,,POINT (10.22580274500001 36.53003375899999)
4,El Gounna,القنة,,,10.18947899,36.5633484,El Gounna,القنة,,,TN136259,Mornag,مرناق,,,TN1362,Ben Arous,بن عروس,,,TN13,North East,الشمال الشرقي,,,TN1,Tunisie,,,,TN,2022-11-15,,v01,fr,ar,,,POINT (10.189478988000019 36.56334840400001)
4,Sidi Saad,سيدي سعد,,,10.24921124,36.67557914,Sidi Saad,سيدي سعد,,,TN136260,Mornag,مرناق,,,TN1362,Ben Arous,بن عروس,,,TN13,North East,الشمال الشرقي,,,TN1,Tunisie,,,,TN,2022-11-15,,v01,fr,ar,,,POINT (10.249211245000026 36.675579141000014)
4,Essalem,السلام,,,10.23377145,36.61968546,Essalem,السلام,,,TN136261,Mornag,مرناق,,,TN1362,Ben Arous,بن عروس,,,TN13,North East,الشمال الشرقي,,,TN1,Tunisie,,,,TN,2022-11-15,,v01,fr,ar,,,POINT (10.233771449000017 36.61968546000003)
4,Errisala,الرسالة,,,10.33805188,36.66276079,Errisala,الرسالة,,,TN136262,Mornag,مرناق,,,TN1362,Ben Arous,بن عروس,,,TN13,North East,الشمال الشرقي,,,TN1,Tunisie,,,,TN,2022-11-15,,v01,fr,ar,,,POINT (10.338051876000009 36.662760788000014)
4,Oudna,أوذنة,,,10.18214428,36.60005327,Oudna,أوذنة,,,TN136263,Mornag,مرناق,,,TN1362,Ben Arous,بن عروس,,,TN13,North East,الشمال الشرقي,,,TN1,Tunisie,,,,TN,2022-11-15,,v01,fr,ar,,,POINT (10.182144279999989 36.600053273000015)
4,El Kessibi,القصيبي,,,10.27564457,36.59464681,El Kessibi,القصيبي,,,TN136264,Mornag,مرناق,,,TN1362,Ben Arous,بن عروس,,,TN13,North East,الشمال الشرقي,,,TN1,Tunisie,,,,TN,2022-11-15,,v01,fr,ar,,,POINT (10.275644568000018 36.594646807000004)
4,Manouba,منوبة,,,10.09174526,36.8131516,Manouba,منوبة,,,TN145151,Manouba,منوبة,,,TN1451,Manubah,منوبة,,,TN14,North East,الشمال الشرقي,,,TN1,Tunisie,,,,TN,2022-11-15,,v01,fr,ar,,,POINT (10.091745263000007 36.81315159600001)
4,Manouba Centre,منوبة الوسطى,,,10.10251569,36.80804641,Manouba Centre,منوبة الوسطى,,,TN145152,Manouba,منوبة,,,TN1451,Manubah,منوبة,,,TN14,North East,الشمال الشرقي,,,TN1,Tunisie,,,,TN,2022-11-15,,v01,fr,ar,,,POINT (10.102515690000018 36.808046408999985)
4,Sidi Amor,سيدي عمر,,,10.07325696,36.81018003,Sidi Amor,سيدي عمر,,,TN145153,Manouba,منوبة,,,TN1451,Manubah,منوبة,,,TN14,North East,الشمال الشرقي,,,TN1,Tunisie,,,,TN,2022-11-15,,v01,fr,ar,,,POINT (10.073256958000002 36.81018003499997)
4,Den-Den,الدندان,,,10.11307348,36.80533397,Den-Den,الدندان,,,TN145154,Manouba,منوبة,,,TN1451,Manubah,منوبة,,,TN14,North East,الشمال الشرقي,,,TN1,Tunisie,,,,TN,2022-11-15,,v01,fr,ar,,,POINT (10.113073482999994 36.80533397099998)
4,Ksar-Said,قصر سعيد,,,10.11081,36.81666397,Ksar-Said,قصر سعيد,,,TN145155,Manouba,منوبة,,,TN1451,Manubah,منوبة,,,TN14,North East,الشمال الشرقي,,,TN1,Tunisie,,,,TN,2022-11-15,,v01,fr,ar,,,POINT (10.11080999799998 36.816663973999994)
4,Den-Den Sud,الدندان الجنوبي,,,10.11161305,36.79956449,Den-Den Sud,الدندان الجنوبي,,,TN145156,Manouba,منوبة,,,TN1451,Manubah,منوبة,,,TN14,North East,الشمال الشرقي,,,TN1,Tunisie,,,,TN,2022-11-15,,v01,fr,ar,,,POINT (10.111613051000006 36.79956448799999)
4,Douar Hicher,دوار هيشر,,,10.09695495,36.82161245,Douar Hicher,دوار هيشر,,,TN145251,Douar Hicher,دوار هيشر,,,TN1452,Manubah,منوبة,,,TN14,North East,الشمال الشرقي,,,TN1,Tunisie,,,,TN,2022-11-15,,v01,fr,ar,,,POINT (10.096954955000001 36.82161245200001)
4,Khaled Ibn El Oualid,خالد بن الوليد,,,10.08219745,36.82673507,Khaled Ibn El Oualid,خالد بن الوليد,,,TN145252,Douar Hicher,دوار هيشر,,,TN1452,Manubah,منوبة,,,TN14,North East,الشمال الشرقي,,,TN1,Tunisie,,,,TN,2022-11-15,,v01,fr,ar,,,POINT (10.082197453999981 36.82673507300001)
4,Cite Er-Riadh,حي الرياض,,,10.07298921,36.82601871,Cite Er-Riadh,حي الرياض,,,TN145253,Douar Hicher,دوار هيشر,,,TN1452,Manubah,منوبة,,,TN14,North East,الشمال الشرقي,,,TN1,Tunisie,,,,TN,2022-11-15,,v01,fr,ar,,,POINT (10.072989204999999 36.82601870799999)
4,Cite Ennassim,حي النسيم,,,10.09162489,36.83011679,Cite Ennassim,حي النسيم,,,TN145254,Douar Hicher,دوار هيشر,,,TN1452,Manubah,منوبة,,,TN14,North East,الشمال الشرقي,,,TN1,Tunisie,,,,TN,2022-11-15,,v01,fr,ar,,,POINT (10.091624892000027 36.830116788)
4,Cite Ech-Chabeb,حي الشباب,,,10.08048883,36.84292779,Cite Ech-Chabeb,حي الشباب,,,TN145255,Douar Hicher,دوار هيشر,,,TN1452,Manubah,منوبة,,,TN14,North East,الشمال الشرقي,,,TN1,Tunisie,,,,TN,2022-11-15,,v01,fr,ar,,,POINT (10.080488826000021 36.84292779399999)
4,Oued Ellil,وادي الليل,,,10.04022431,36.83253622,Oued Ellil,وادي الليل,,,TN145351,Oued Ellil,وادي الليل,,,TN1453,Manubah,منوبة,,,TN14,North East,الشمال الشرقي,,,TN1,Tunisie,,,,TN,2022-11-15,,v01,fr,ar,,,POINT (10.040224314 36.83253622400002)
4,Es Saida,السعيدة,,,9.97331773,36.82189684,Es Saida,السعيدة,,,TN145352,Oued Ellil,وادي الليل,,,TN1453,Manubah,منوبة,,,TN14,North East,الشمال الشرقي,,,TN1,Tunisie,,,,TN,2022-11-15,,v01,fr,ar,,,POINT (9.973317731000009 36.82189683799999)
4,Er Riadh,الرياض,,,9.99058879,36.82526665,Er Riadh,الرياض,,,TN145353,Oued Ellil,وادي الليل,,,TN1453,Manubah,منوبة,,,TN14,North East,الشمال الشرقي,,,TN1,Tunisie,,,,TN,2022-11-15,,v01,fr,ar,,,POINT (9.990588794000018 36.82526664699998)
4,Cite El Ouerd,حي الورد,,,10.00934386,36.84403196,Cite El Ouerd,حي الورد,,,TN145354,Oued Ellil,وادي الليل,,,TN1453,Manubah,منوبة,,,TN14,North East,الشمال الشرقي,,,TN1,Tunisie,,,,TN,2022-11-15,,v01,fr,ar,,,POINT (10.009343858000022 36.844031961999974)
4,Ennajet,النجاة,,,10.05361416,36.85311837,Ennajet,النجاة,,,TN145355,Oued Ellil,وادي الليل,,,TN1453,Manubah,منوبة,,,TN14,North East,الشمال الشرقي,,,TN1,Tunisie,,,,TN,2022-11-15,,v01,fr,ar,,,POINT (10.05361415599998 36.85311837199998)
4,Sanhaja,صنهاجة,,,10.02417067,36.81163507,Sanhaja,صنهاجة,,,TN145356,Oued Ellil,وادي الليل,,,TN1453,Manubah,منوبة,,,TN14,North East,الشمال الشرقي,,,TN1,Tunisie,,,,TN,2022-11-15,,v01,fr,ar,,,POINT (10.024170674000004 36.81163507000002)
4,El Kobbaa,القباعة,,,10.06023932,36.82086281,El Kobbaa,القباعة,,,TN145357,Oued Ellil,وادي الليل,,,TN1453,Manubah,منوبة,,,TN14,North East,الشمال الشرقي,,,TN1,Tunisie,,,,TN,2022-11-15,,v01,fr,ar,,,POINT (10.06023931499999 36.82086281400001)
4,Mornaguia,المرناقية,,,10.01255562,36.77077916,Mornaguia,المرناقية,,,TN145451,Mornaguia,المرناقية,,,TN1454,Manubah,منوبة,,,TN14,North East,الشمال الشرقي,,,TN1,Tunisie,,,,TN,2022-11-15,,v01,fr,ar,,,POINT (10.01255562099999 36.77077915900003)
4,20 Mars,20مارس,,,9.99503471,36.76152129,20 Mars,20مارس,,,TN145452,Mornaguia,المرناقية,,,TN1454,Manubah,منوبة,,,TN14,North East,الشمال الشرقي,,,TN1,Tunisie,,,,TN,2022-11-15,,v01,fr,ar,,,POINT (9.995034705000023 36.76152129000002)
4,Bouragba,بورقبة,,,10.02392311,36.73272875,Bouragba,بورقبة,,,TN145453,Mornaguia,المرناقية,,,TN1454,Manubah,منوبة,,,TN14,North East,الشمال الشرقي,,,TN1,Tunisie,,,,TN,2022-11-15,,v01,fr,ar,,,POINT (10.023923113000023 36.732728752000014)
4,El Fejja,الفجة,,,9.96593716,36.6494269,El Fejja,الفجة,,,TN145454,Mornaguia,المرناقية,,,TN1454,Manubah,منوبة,,,TN14,North East,الشمال الشرقي,,,TN1,Tunisie,,,,TN,2022-11-15,,v01,fr,ar,,,POINT (9.965937155999995 36.64942689600002)
4,Sidi Ali El Hattab,سيدي علي الحطاب,,,9.97712139,36.74615748,Sidi Ali El Hattab,سيدي علي الحطاب,,,TN145455,Mornaguia,المرناقية,,,TN1454,Manubah,منوبة,,,TN14,North East,الشمال الشرقي,,,TN1,Tunisie,,,,TN,2022-11-15,,v01,fr,ar,,,POINT (9.977121391000026 36.746157477999986)
4,Hmaiem,حميم,,,10.04939165,36.67480382,Hmaiem,حميم,,,TN145456,Mornaguia,المرناقية,,,TN1454,Manubah,منوبة,,,TN14,North East,الشمال الشرقي,,,TN1,Tunisie,,,,TN,2022-11-15,,v01,fr,ar,,,POINT (10.049391646999993 36.67480381799999)
4,El Bassatine,البساتين,,,9.92445528,36.76218049,El Bassatine,البساتين,,,TN145457,Mornaguia,المرناقية,,,TN1454,Manubah,منوبة,,,TN14,North East,الشمال الشرقي,,,TN1,Tunisie,,,,TN,2022-11-15,,v01,fr,ar,,,POINT (9.924455281999997 36.76218048599998)
4,Mornaguia Nord,المرناقية الشمالية,,,10.02471826,36.7544,Mornaguia Nord,المرناقية الشمالية,,,TN145458,Mornaguia,المرناقية,,,TN1454,Manubah,منوبة,,,TN14,North East,الشمال الشرقي,,,TN1,Tunisie,,,,TN,2022-11-15,,v01,fr,ar,,,POINT (10.024718260999975 36.75440000100002)
4,Borj El Amri,برج العامري,,,9.88589477,36.73024029,Borj El Amri,برج العامري,,,TN145551,Borj El Amri,برج العامري,,,TN1455,Manubah,منوبة,,,TN14,North East,الشمال الشرقي,,,TN1,Tunisie,,,,TN,2022-11-15,,v01,fr,ar,,,POINT (9.885894769000004 36.730240294)
4,Menzel Habib,منزل الحبيب,,,9.87312517,36.64317571,Menzel Habib,منزل الحبيب,,,TN145552,Borj El Amri,برج العامري,,,TN1455,Manubah,منوبة,,,TN14,North East,الشمال الشرقي,,,TN1,Tunisie,,,,TN,2022-11-15,,v01,fr,ar,,,POINT (9.873125168000001 36.64317570999998)
4,Borj Ennour,برج النور,,,9.80290031,36.69158813,Borj Ennour,برج النور,,,TN145553,Borj El Amri,برج العامري,,,TN1455,Manubah,منوبة,,,TN14,North East,الشمال الشرقي,,,TN1,Tunisie,,,,TN,2022-11-15,,v01,fr,ar,,,POINT (9.80290031200002 36.69158812799998)
4,El Moussadine,المساعدين,,,9.83825816,36.7029372,El Moussadine,المساعدين,,,TN145554,Borj El Amri,برج العامري,,,TN1455,Manubah,منوبة,,,TN14,North East,الشمال الشرقي,,,TN1,Tunisie,,,,TN,2022-11-15,,v01,fr,ar,,,POINT (9.83825816000001 36.70293719699998)
4,Djedaida,الجديدة,,,9.90616748,36.84490228,Djedaida,الجديدة,,,TN145651,Jedaida,الجديدة,,,TN1456,Manubah,منوبة,,,TN14,North East,الشمال الشرقي,,,TN1,Tunisie,,,,TN,2022-11-15,,v01,fr,ar,,,POINT (9.906167482 36.84490228499999)
4,Djedaida Hached,الجديدة حشاد,,,9.89192814,36.86721334,Djedaida Hached,الجديدة حشاد,,,TN145652,Jedaida,الجديدة,,,TN1456,Manubah,منوبة,,,TN14,North East,الشمال الشرقي,,,TN1,Tunisie,,,,TN,2022-11-15,,v01,fr,ar,,,POINT (9.891928135 36.867213342000014)
4,Chaouat,شواط,,,9.94335706,36.90626165,Chaouat,شواط,,,TN145653,Jedaida,الجديدة,,,TN1456,Manubah,منوبة,,,TN14,North East,الشمال الشرقي,,,TN1,Tunisie,,,,TN,2022-11-15,,v01,fr,ar,,,POINT (9.943357062000018 36.90626165100002)
4,El Mansoura,المنصورة,,,9.8999681,36.78597462,El Mansoura,المنصورة,,,TN145654,Jedaida,الجديدة,,,TN1456,Manubah,منوبة,,,TN14,North East,الشمال الشرقي,,,TN1,Tunisie,,,,TN,2022-11-15,,v01,fr,ar,,,POINT (9.899968101000013 36.785974622000026)
4,Ez-Zahra,الزاهرة,,,9.91475199,36.82541568,Ez-Zahra,الزاهرة,,,TN145655,Jedaida,الجديدة,,,TN1456,Manubah,منوبة,,,TN14,North East,الشمال الشرقي,,,TN1,Tunisie,,,,TN,2022-11-15,,v01,fr,ar,,,POINT (9.914751992999982 36.82541568099998)
4,El Habibia,الحبيبية,,,9.95738825,36.81062162,El Habibia,الحبيبية,,,TN145656,Jedaida,الجديدة,,,TN1456,Manubah,منوبة,,,TN14,North East,الشمال الشرقي,,,TN1,Tunisie,,,,TN,2022-11-15,,v01,fr,ar,,,POINT (9.957388245000004 36.810621620000006)
4,Tebourba,طبربة,,,9.85901027,36.82225723,Tebourba,طبربة,,,TN145751,Tebourba,طبربة,,,TN1457,Manubah,منوبة,,,TN14,North East,الشمال الشرقي,,,TN1,Tunisie,,,,TN,2022-11-15,,v01,fr,ar,,,POINT (9.859010265999984 36.82225722700002)
4,El Ansarine,الانصارين,,,9.69286092,36.81410463,El Ansarine,الانصارين,,,TN145752,Tebourba,طبربة,,,TN1457,Manubah,منوبة,,,TN14,North East,الشمال الشرقي,,,TN1,Tunisie,,,,TN,2022-11-15,,v01,fr,ar,,,POINT (9.692860922000023 36.81410463200001)
4,Edkhila,الدخيلة,,,9.69960358,36.86752763,Edkhila,الدخيلة,,,TN145753,Tebourba,طبربة,,,TN1457,Manubah,منوبة,,,TN14,North East,الشمال الشرقي,,,TN1,Tunisie,,,,TN,2022-11-15,,v01,fr,ar,,,POINT (9.699603583999988 36.867527627000015)
4,El Mellaha,الملاحة,,,9.60946828,36.82073379,El Mellaha,الملاحة,,,TN145754,Tebourba,طبربة,,,TN1457,Manubah,منوبة,,,TN14,North East,الشمال الشرقي,,,TN1,Tunisie,,,,TN,2022-11-15,,v01,fr,ar,,,POINT (9.609468277000019 36.82073379299999)
4,Banlieue De Tebourba,أحواز طبربة,,,9.82144316,36.83041553,Banlieue De Tebourba,أحواز طبربة,,,TN145755,Tebourba,طبربة,,,TN1457,Manubah,منوبة,,,TN14,North East,الشمال الشرقي,,,TN1,Tunisie,,,,TN,2022-11-15,,v01,fr,ar,,,POINT (9.82144316099999 36.830415534)
4,Er-Raja,الرجاء,,,9.85468903,36.84910919,Er-Raja,الرجاء,,,TN145756,Tebourba,طبربة,,,TN1457,Manubah,منوبة,,,TN14,North East,الشمال الشرقي,,,TN1,Tunisie,,,,TN,2022-11-15,,v01,fr,ar,,,POINT (9.854689034999979 36.84910918999998)
4,Ech-Chouigui,الشويقي,,,9.81906715,36.89598011,Ech-Chouigui,الشويقي,,,TN145757,Tebourba,طبربة,,,TN1457,Manubah,منوبة,,,TN14,North East,الشمال الشرقي,,,TN1,Tunisie,,,,TN,2022-11-15,,v01,fr,ar,,,POINT (9.819067153999981 36.89598010999998)
4,El Battane,البطان,,,9.82183724,36.7986603,El Battane,البطان,,,TN145851,El Battan,البطان,,,TN1458,Manubah,منوبة,,,TN14,North East,الشمال الشرقي,,,TN1,Tunisie,,,,TN,2022-11-15,,v01,fr,ar,,,POINT (9.821837236000022 36.798660299999995)
4,Borj Ettoumi,برج التومي,,,9.71167193,36.75835349,Borj Ettoumi,برج التومي,,,TN145852,El Battan,البطان,,,TN1458,Manubah,منوبة,,,TN14,North East,الشمال الشرقي,,,TN1,Tunisie,,,,TN,2022-11-15,,v01,fr,ar,,,POINT (9.711671930000023 36.75835349099998)
4,Mehrine,المهرين,,,9.80573156,36.76522862,Mehrine,المهرين,,,TN145853,El Battan,البطان,,,TN1458,Manubah,منوبة,,,TN14,North East,الشمال الشرقي,,,TN1,Tunisie,,,,TN,2022-11-15,,v01,fr,ar,,,POINT (9.805731560000027 36.765228621000006)
4,El Aroussia,العروسية,,,9.74518821,36.79179662,El Aroussia,العروسية,,,TN145854,El Battan,البطان,,,TN1458,Manubah,منوبة,,,TN14,North East,الشمال الشرقي,,,TN1,Tunisie,,,,TN,2022-11-15,,v01,fr,ar,,,POINT (9.745188208000002 36.791796619000024)
4,El Asouak,الأسواق,,,10.73362503,36.45784465,El Asouak,الأسواق,,,TN155151,Nabeul,نابل,,,TN1551,Nabeul,نابل,,,TN15,North East,الشمال الشرقي,,,TN1,Tunisie,,,,TN,2022-11-15,,v01,fr,ar,,,POINT (10.733625028999995 36.45784464600001)
4,Ennour,النور,,,10.71548581,36.47550977,Ennour,النور,,,TN155152,Nabeul,نابل,,,TN1551,Nabeul,نابل,,,TN15,North East,الشمال الشرقي,,,TN1,Tunisie,,,,TN,2022-11-15,,v01,fr,ar,,,POINT (10.715485811999997 36.475509767000005)
4,Bir Challouf,بئر شلوف,,,10.7066494,36.46553779,Bir Challouf,بئر شلوف,,,TN155153,Nabeul,نابل,,,TN1551,Nabeul,نابل,,,TN15,North East,الشمال الشرقي,,,TN1,Tunisie,,,,TN,2022-11-15,,v01,fr,ar,,,POINT (10.706649400000003 36.46553778600003)
4,Niapolis,نيابوليس,,,10.6999139,36.43981093,Niapolis,نيابوليس,,,TN155154,Nabeul,نابل,,,TN1551,Nabeul,نابل,,,TN15,North East,الشمال الشرقي,,,TN1,Tunisie,,,,TN,2022-11-15,,v01,fr,ar,,,POINT (10.699913905000017 36.43981093399998)
4,El Hadayek,الحدائق,,,10.74173013,36.44962632,El Hadayek,الحدائق,,,TN155155,Nabeul,نابل,,,TN1551,Nabeul,نابل,,,TN15,North East,الشمال الشرقي,,,TN1,Tunisie,,,,TN,2022-11-15,,v01,fr,ar,,,POINT (10.741730125999993 36.44962632199997)
4,Hedi Chaker,الهادي شاكر,,,10.66755163,36.49305194,Hedi Chaker,الهادي شاكر,,,TN155156,Nabeul,نابل,,,TN1551,Nabeul,نابل,,,TN15,North East,الشمال الشرقي,,,TN1,Tunisie,,,,TN,2022-11-15,,v01,fr,ar,,,POINT (10.667551634999995 36.49305194300001)
4,Dar Chaabane,دار شعبان,,,10.75025542,36.47285407,Dar Chaabane,دار شعبان,,,TN155251,Dar Chaabane El Fehri,دار شعبان الفهري,,,TN1552,Nabeul,نابل,,,TN15,North East,الشمال الشرقي,,,TN1,Tunisie,,,,TN,2022-11-15,,v01,fr,ar,,,POINT (10.75025542100002 36.472854074)
4,El Fehri,الفهري,,,10.75742735,36.45672335,El Fehri,الفهري,,,TN155252,Dar Chaabane El Fehri,دار شعبان الفهري,,,TN1552,Nabeul,نابل,,,TN15,North East,الشمال الشرقي,,,TN1,Tunisie,,,,TN,2022-11-15,,v01,fr,ar,,,POINT (10.75742735199998 36.45672335400002)
4,El Frinine,الفرينين,,,10.66200553,36.55480603,El Frinine,الفرينين,,,TN155253,Dar Chaabane El Fehri,دار شعبان الفهري,,,TN1552,Nabeul,نابل,,,TN15,North East,الشمال الشرقي,,,TN1,Tunisie,,,,TN,2022-11-15,,v01,fr,ar,,,POINT (10.662005533000013 36.55480602799997)
4,Amroun,عمرون,,,10.71898511,36.51407761,Amroun,عمرون,,,TN155254,Dar Chaabane El Fehri,دار شعبان الفهري,,,TN1552,Nabeul,نابل,,,TN15,North East,الشمال الشرقي,,,TN1,Tunisie,,,,TN,2022-11-15,,v01,fr,ar,,,POINT (10.718985109000016 36.51407760799998)
4,Beni Khiar,بني خيار,,,10.75980178,36.50789302,Beni Khiar,بني خيار,,,TN155351,Beni Khiar,بني خيار,,,TN1553,Nabeul,نابل,,,TN15,North East,الشمال الشرقي,,,TN1,Tunisie,,,,TN,2022-11-15,,v01,fr,ar,,,POINT (10.759801775000028 36.50789302200002)
4,Diar Ben Salem,ديار بن سالم,,,10.79844348,36.50448575,Diar Ben Salem,ديار بن سالم,,,TN155352,Beni Khiar,بني خيار,,,TN1553,Nabeul,نابل,,,TN15,North East,الشمال الشرقي,,,TN1,Tunisie,,,,TN,2022-11-15,,v01,fr,ar,,,POINT (10.798443476999978 36.50448574699999)
4,El Maamoura,المعمورة,,,10.80839034,36.48488413,El Maamoura,المعمورة,,,TN155353,Beni Khiar,بني خيار,,,TN1553,Nabeul,نابل,,,TN15,North East,الشمال الشرقي,,,TN1,Tunisie,,,,TN,2022-11-15,,v01,fr,ar,,,POINT (10.808390337999981 36.484884126)
4,Somaa,الصمعة,,,10.77073495,36.5524511,Somaa,الصمعة,,,TN155354,Beni Khiar,بني خيار,,,TN1553,Nabeul,نابل,,,TN15,North East,الشمال الشرقي,,,TN1,Tunisie,,,,TN,2022-11-15,,v01,fr,ar,,,POINT (10.770734951000009 36.55245109700002)
4,Halfa,حلفاء,,,10.71362977,36.57708474,Halfa,حلفاء,,,TN155355,Beni Khiar,بني خيار,,,TN1553,Nabeul,نابل,,,TN15,North East,الشمال الشرقي,,,TN1,Tunisie,,,,TN,2022-11-15,,v01,fr,ar,,,POINT (10.71362977299998 36.577084739999975)
4,Beni Ayache,بني عياش,,,10.78082336,36.66225331,Beni Ayache,بني عياش,,,TN155451,Korba,قربة,,,TN1554,Nabeul,نابل,,,TN15,North East,الشمال الشرقي,,,TN1,Tunisie,,,,TN,2022-11-15,,v01,fr,ar,,,POINT (10.780823364000014 36.662253306000025)
4,Garaet Sassi,قرعة ساسي,,,10.85760972,36.64811273,Garaet Sassi,قرعة ساسي,,,TN155452,Korba,قربة,,,TN1554,Nabeul,نابل,,,TN15,North East,الشمال الشرقي,,,TN1,Tunisie,,,,TN,2022-11-15,,v01,fr,ar,,,POINT (10.857609716000013 36.648112724999976)
4,Diar El Hojaj,ديار الحجاج,,,10.88203735,36.62895945,Diar El Hojaj,ديار الحجاج,,,TN155453,Korba,قربة,,,TN1554,Nabeul,نابل,,,TN15,North East,الشمال الشرقي,,,TN1,Tunisie,,,,TN,2022-11-15,,v01,fr,ar,,,POINT (10.882037350000019 36.62895944899998)
4,Korba Est,قربة الشرقية,,,10.85661466,36.59820562,Korba Est,قربة الشرقية,,,TN155454,Korba,قربة,,,TN1554,Nabeul,نابل,,,TN15,North East,الشمال الشرقي,,,TN1,Tunisie,,,,TN,2022-11-15,,v01,fr,ar,,,POINT (10.856614663000016 36.59820561999999)
4,Korba Ouest,قربة الغربية,,,10.83260468,36.57772226,Korba Ouest,قربة الغربية,,,TN155455,Korba,قربة,,,TN1554,Nabeul,نابل,,,TN15,North East,الشمال الشرقي,,,TN1,Tunisie,,,,TN,2022-11-15,,v01,fr,ar,,,POINT (10.832604683999989 36.577722258999984)
4,Tazerka,تازركة,,,10.82739191,36.53819444,Tazerka,تازركة,,,TN155456,Korba,قربة,,,TN1554,Nabeul,نابل,,,TN15,North East,الشمال الشرقي,,,TN1,Tunisie,,,,TN,2022-11-15,,v01,fr,ar,,,POINT (10.827391910000017 36.53819444200002)
4,Bou-Jerida,بوجريدة,,,10.74215074,36.60430985,Bou-Jerida,بوجريدة,,,TN155457,Korba,قربة,,,TN1554,Nabeul,نابل,,,TN15,North East,الشمال الشرقي,,,TN1,Tunisie,,,,TN,2022-11-15,,v01,fr,ar,,,POINT (10.742150734999996 36.60430985099998)
4,Boulidine,بولدين,,,10.80068797,36.60671109,Boulidine,بولدين,,,TN155458,Korba,قربة,,,TN1554,Nabeul,نابل,,,TN15,North East,الشمال الشرقي,,,TN1,Tunisie,,,,TN,2022-11-15,,v01,fr,ar,,,POINT (10.800687965999998 36.60671109399999)
4,El Ouediane,الوديان,,,10.82427414,36.80683173,El Ouediane,الوديان,,,TN155551,Menzel Temime,منزل تميم,,,TN1555,Nabeul,نابل,,,TN15,North East,الشمال الشرقي,,,TN1,Tunisie,,,,TN,2022-11-15,,v01,fr,ar,,,POINT (10.824274136999975 36.806831725999984)
4,Erainine,الرعينين,,,10.9183394,36.86057617,Erainine,الرعينين,,,TN155552,Menzel Temime,منزل تميم,,,TN1555,Nabeul,نابل,,,TN15,North East,الشمال الشرقي,,,TN1,Tunisie,,,,TN,2022-11-15,,v01,fr,ar,,,POINT (10.91833939999998 36.86057616599999)
4,Beni-Abdelaziz,بني عبد العزيز,,,10.97299738,36.83422709,Beni-Abdelaziz,بني عبد العزيز,,,TN155553,Menzel Temime,منزل تميم,,,TN1555,Nabeul,نابل,,,TN15,North East,الشمال الشرقي,,,TN1,Tunisie,,,,TN,2022-11-15,,v01,fr,ar,,,POINT (10.972997379999981 36.83422709000001)
4,Skalba,الصقالبة,,,10.93309988,36.79300123,Skalba,الصقالبة,,,TN155554,Menzel Temime,منزل تميم,,,TN1555,Nabeul,نابل,,,TN15,North East,الشمال الشرقي,,,TN1,Tunisie,,,,TN,2022-11-15,,v01,fr,ar,,,POINT (10.933099879999986 36.79300123500002)
4,Ali Belhaouene,علي البلهوان,,,10.99803884,36.79022343,Ali Belhaouene,علي البلهوان,,,TN155555,Menzel Temime,منزل تميم,,,TN1555,Nabeul,نابل,,,TN15,North East,الشمال الشرقي,,,TN1,Tunisie,,,,TN,2022-11-15,,v01,fr,ar,,,POINT (10.998038844999996 36.79022342799999)
4,Taieb Mehiri,الطيب المهيري,,,10.99927744,36.77800761,Taieb Mehiri,الطيب المهيري,,,TN155556,Menzel Temime,منزل تميم,,,TN1555,Nabeul,نابل,,,TN15,North East,الشمال الشرقي,,,TN1,Tunisie,,,,TN,2022-11-15,,v01,fr,ar,,,POINT (10.999277443999972 36.77800761100002)
4,Menzel Horr,منزل حر,,,10.96994549,36.74234087,Menzel Horr,منزل حر,,,TN155557,Menzel Temime,منزل تميم,,,TN1555,Nabeul,نابل,,,TN15,North East,الشمال الشرقي,,,TN1,Tunisie,,,,TN,2022-11-15,,v01,fr,ar,,,POINT (10.969945492000022 36.74234087299999)
4,El Asfour,عصفور,,,10.91236689,36.75806323,El Asfour,عصفور,,,TN155558,Menzel Temime,منزل تميم,,,TN1555,Nabeul,نابل,,,TN15,North East,الشمال الشرقي,,,TN1,Tunisie,,,,TN,2022-11-15,,v01,fr,ar,,,POINT (10.912366888000008 36.758063231999984)
4,Lezdine,لزيدين,,,10.89437411,36.81726954,Lezdine,لزيدين,,,TN155559,Menzel Temime,منزل تميم,,,TN1555,Nabeul,نابل,,,TN15,North East,الشمال الشرقي,,,TN1,Tunisie,,,,TN,2022-11-15,,v01,fr,ar,,,POINT (10.894374114000016 36.817269538999994)
4,Tafelloum,تافلون,,,10.90989591,36.68514817,Tafelloum,تافلون,,,TN155651,El Mida,الميدة,,,TN1556,Nabeul,نابل,,,TN15,North East,الشمال الشرقي,,,TN1,Tunisie,,,,TN,2022-11-15,,v01,fr,ar,,,POINT (10.909895913000014 36.685148169)
4,El Mida,الميدة,,,10.84946784,36.74038503,El Mida,الميدة,,,TN155652,El Mida,الميدة,,,TN1556,Nabeul,نابل,,,TN15,North East,الشمال الشرقي,,,TN1,Tunisie,,,,TN,2022-11-15,,v01,fr,ar,,,POINT (10.849467835999974 36.74038502500002)
4,Fartouna,فرتونة,,,10.77698151,36.76066443,Fartouna,فرتونة,,,TN155653,El Mida,الميدة,,,TN1556,Nabeul,نابل,,,TN15,North East,الشمال الشرقي,,,TN1,Tunisie,,,,TN,2022-11-15,,v01,fr,ar,,,POINT (10.776981508000006 36.760664435000024)
4,Oum Dhouil,أم ذويل,,,10.80390697,36.71705581,Oum Dhouil,أم ذويل,,,TN155654,El Mida,الميدة,,,TN1556,Nabeul,نابل,,,TN15,North East,الشمال الشرقي,,,TN1,Tunisie,,,,TN,2022-11-15,,v01,fr,ar,,,POINT (10.803906967999978 36.71705581100002)
4,Lebna,لبنة,,,10.93731487,36.71279032,Lebna,لبنة,,,TN155655,El Mida,الميدة,,,TN1556,Nabeul,نابل,,,TN15,North East,الشمال الشرقي,,,TN1,Tunisie,,,,TN,2022-11-15,,v01,fr,ar,,,POINT (10.93731487399998 36.71279032199999)
4,Korchine,القرشيين,,,10.85382624,36.6855176,Korchine,القرشيين,,,TN155656,El Mida,الميدة,,,TN1556,Nabeul,نابل,,,TN15,North East,الشمال الشرقي,,,TN1,Tunisie,,,,TN,2022-11-15,,v01,fr,ar,,,POINT (10.853826243000015 36.685517601000015)
4,Oued El Khatf,وادي الخطف,,,11.03384575,36.84860907,Oued El Khatf,وادي الخطف,,,TN155751,Kelibia,قليبية,,,TN1557,Nabeul,نابل,,,TN15,North East,الشمال الشرقي,,,TN1,Tunisie,,,,TN,2022-11-15,,v01,fr,ar,,,POINT (11.033845751000001 36.848609065999995)
4,Melloul,ملول,,,10.97242015,36.89895242,Melloul,ملول,,,TN155752,Kelibia,قليبية,,,TN1557,Nabeul,نابل,,,TN15,North East,الشمال الشرقي,,,TN1,Tunisie,,,,TN,2022-11-15,,v01,fr,ar,,,POINT (10.97242014699998 36.898952424000015)
4,Azmour,أزمور,,,11.01204649,36.92233791,Azmour,أزمور,,,TN155753,Kelibia,قليبية,,,TN1557,Nabeul,نابل,,,TN15,North East,الشمال الشرقي,,,TN1,Tunisie,,,,TN,2022-11-15,,v01,fr,ar,,,POINT (11.012046490999978 36.92233791299998)
4,Kelibia Est,قليبية الشرقية,,,11.09066674,36.85736548,Kelibia Est,قليبية الشرقية,,,TN155754,Kelibia,قليبية,,,TN1557,Nabeul,نابل,,,TN15,North East,الشمال الشرقي,,,TN1,Tunisie,,,,TN,2022-11-15,,v01,fr,ar,,,POINT (11.090666736000003 36.85736547699997)
4,Kelibia Ouest,قليبية الغربية,,,11.05635803,36.82857517,Kelibia Ouest,قليبية الغربية,,,TN155755,Kelibia,قليبية,,,TN1557,Nabeul,نابل,,,TN15,North East,الشمال الشرقي,,,TN1,Tunisie,,,,TN,2022-11-15,,v01,fr,ar,,,POINT (11.056358029000023 36.828575172)
4,Hammam El Guezaz,حمام الغزاز,,,11.06711528,36.88926407,Hammam El Guezaz,حمام الغزاز,,,TN155851,Hammam Ghezaz,حمام الأغزاز,,,TN1558,Nabeul,نابل,,,TN15,North East,الشمال الشرقي,,,TN1,Tunisie,,,,TN,2022-11-15,,v01,fr,ar,,,POINT (11.06711528400001 36.889264072)
4,Dar Allouch,دار علوش,,,11.06462615,36.9577366,Dar Allouch,دار علوش,,,TN155852,Hammam Ghezaz,حمام الأغزاز,,,TN1558,Nabeul,نابل,,,TN15,North East,الشمال الشرقي,,,TN1,Tunisie,,,,TN,2022-11-15,,v01,fr,ar,,,POINT (11.064626153000006 36.95773659600002)
4,Harat Ech-Choara,حارة الشعراء,,,11.02411088,36.9598169,Harat Ech-Choara,حارة الشعراء,,,TN155853,Hammam Ghezaz,حمام الأغزاز,,,TN1558,Nabeul,نابل,,,TN15,North East,الشمال الشرقي,,,TN1,Tunisie,,,,TN,2022-11-15,,v01,fr,ar,,,POINT (11.024110882999992 36.95981690399998)
4,Ouezdra,وزدرة,,,11.09850819,36.89513585,Ouezdra,وزدرة,,,TN155854,Hammam Ghezaz,حمام الأغزاز,,,TN1558,Nabeul,نابل,,,TN15,North East,الشمال الشرقي,,,TN1,Tunisie,,,,TN,2022-11-15,,v01,fr,ar,,,POINT (11.098508187999983 36.895135847000006)
4,El Haouaria Nord,الهوارية الجوفية,,,11.02556042,37.04680174,El Haouaria Nord,الهوارية الجوفية,,,TN155951,Haouaria,الهوارية,,,TN1559,Nabeul,نابل,,,TN15,North East,الشمال الشرقي,,,TN1,Tunisie,,,,TN,2022-11-15,,v01,fr,ar,,,POINT (11.025560423999991 37.04680173700001)
4,El Haouaria Sud,الهوارية القبلية,,,11.00788466,36.99667371,El Haouaria Sud,الهوارية القبلية,,,TN155952,Haouaria,الهوارية,,,TN1559,Nabeul,نابل,,,TN15,North East,الشمال الشرقي,,,TN1,Tunisie,,,,TN,2022-11-15,,v01,fr,ar,,,POINT (11.007884655999987 36.996673706000024)
4,Saheb El Jebel Nord,صاحب الجبل الشمالية,,,10.94640957,37.02175831,Saheb El Jebel Nord,صاحب الجبل الشمالية,,,TN155953,Haouaria,الهوارية,,,TN1559,Nabeul,نابل,,,TN15,North East,الشمال الشرقي,,,TN1,Tunisie,,,,TN,2022-11-15,,v01,fr,ar,,,POINT (10.946409572999983 37.02175830599998)
4,Saheb El Jebel Sud,صاحب الجبل القبلية,,,10.96900512,36.96795547,Saheb El Jebel Sud,صاحب الجبل القبلية,,,TN155954,Haouaria,الهوارية,,,TN1559,Nabeul,نابل,,,TN15,North East,الشمال الشرقي,,,TN1,Tunisie,,,,TN,2022-11-15,,v01,fr,ar,,,POINT (10.969005115000016 36.967955467000024)
4,Bou Krim,بوكريم,,,10.91642463,36.95150221,Bou Krim,بوكريم,,,TN155955,Haouaria,الهوارية,,,TN1559,Nabeul,نابل,,,TN15,North East,الشمال الشرقي,,,TN1,Tunisie,,,,TN,2022-11-15,,v01,fr,ar,,,POINT (10.916424629000005 36.951502213000026)
4,Tazaghrane Est,تزغران الشرقية,,,10.89241392,36.90566904,Tazaghrane Est,تزغران الشرقية,,,TN155956,Haouaria,الهوارية,,,TN1559,Nabeul,نابل,,,TN15,North East,الشمال الشرقي,,,TN1,Tunisie,,,,TN,2022-11-15,,v01,fr,ar,,,POINT (10.892413923999982 36.905669037999985)
4,Tazaghrane Ouest,تزغران الغربية,,,10.83578904,36.87944318,Tazaghrane Ouest,تزغران الغربية,,,TN155957,Haouaria,الهوارية,,,TN1559,Nabeul,نابل,,,TN15,North East,الشمال الشرقي,,,TN1,Tunisie,,,,TN,2022-11-15,,v01,fr,ar,,,POINT (10.835789044000023 36.87944317900002)
4,Zaouiet El Megaiez,زاوية المقايز,,,10.84690435,36.93668773,Zaouiet El Megaiez,زاوية المقايز,,,TN155958,Haouaria,الهوارية,,,TN1559,Nabeul,نابل,,,TN15,North East,الشمال الشرقي,,,TN1,Tunisie,,,,TN,2022-11-15,,v01,fr,ar,,,POINT (10.84690434700002 36.93668773000002)
4,Oued El Abid,وادي العبيد,,,10.72291813,36.8566415,Oued El Abid,وادي العبيد,,,TN156051,Takelsa,تاكلسة,,,TN1560,Nabeul,نابل,,,TN15,North East,الشمال الشرقي,,,TN1,Tunisie,,,,TN,2022-11-15,,v01,fr,ar,,,POINT (10.722918133999997 36.85664150000002)
4,Bir Ezzit,بئر الزيت,,,10.69481887,36.78563276,Bir Ezzit,بئر الزيت,,,TN156052,Takelsa,تاكلسة,,,TN1560,Nabeul,نابل,,,TN15,North East,الشمال الشرقي,,,TN1,Tunisie,,,,TN,2022-11-15,,v01,fr,ar,,,POINT (10.694818868000027 36.785632754999995)
4,El Arima,العريمة,,,10.65347002,36.72920994,El Arima,العريمة,,,TN156053,Takelsa,تاكلسة,,,TN1560,Nabeul,نابل,,,TN15,North East,الشمال الشرقي,,,TN1,Tunisie,,,,TN,2022-11-15,,v01,fr,ar,,,POINT (10.653470016000028 36.729209943)
4,Takelsa Nord,تاكلسة الجوفية,,,10.62235745,36.83854441,Takelsa Nord,تاكلسة الجوفية,,,TN156054,Takelsa,تاكلسة,,,TN1560,Nabeul,نابل,,,TN15,North East,الشمال الشرقي,,,TN1,Tunisie,,,,TN,2022-11-15,,v01,fr,ar,,,POINT (10.622357453000006 36.83854441099999)
4,Takelsa Centre,تاكلسة الوسطى,,,10.61513742,36.78937523,Takelsa Centre,تاكلسة الوسطى,,,TN156055,Takelsa,تاكلسة,,,TN1560,Nabeul,نابل,,,TN15,North East,الشمال الشرقي,,,TN1,Tunisie,,,,TN,2022-11-15,,v01,fr,ar,,,POINT (10.615137418000018 36.78937523299999)
4,El Mraissa,المريسة,,,10.57416163,36.79402224,El Mraissa,المريسة,,,TN156151,Soliman,سليمان,,,TN1561,Nabeul,نابل,,,TN15,North East,الشمال الشرقي,,,TN1,Tunisie,,,,TN,2022-11-15,,v01,fr,ar,,,POINT (10.574161634000006 36.794022240000004)
4,Ech-Cherifet,الشريفات,,,10.53321685,36.71268261,Ech-Cherifet,الشريفات,,,TN156152,Soliman,سليمان,,,TN1561,Nabeul,نابل,,,TN15,North East,الشمال الشرقي,,,TN1,Tunisie,,,,TN,2022-11-15,,v01,fr,ar,,,POINT (10.533216852999999 36.71268261099999)
4,Bou Charray,بوشراي,,,10.52404355,36.66273734,Bou Charray,بوشراي,,,TN156153,Soliman,سليمان,,,TN1561,Nabeul,نابل,,,TN15,North East,الشمال الشرقي,,,TN1,Tunisie,,,,TN,2022-11-15,,v01,fr,ar,,,POINT (10.524043550999977 36.662737341000025)
4,Soliman,سليمان,,,10.48065228,36.71972899,Soliman,سليمان,,,TN156154,Soliman,سليمان,,,TN1561,Nabeul,نابل,,,TN15,North East,الشمال الشرقي,,,TN1,Tunisie,,,,TN,2022-11-15,,v01,fr,ar,,,POINT (10.480652276 36.71972898500002)
4,Soliman Sud,سليمان الجنوبية,,,10.49783904,36.69442421,Soliman Sud,سليمان الجنوبية,,,TN156155,Soliman,سليمان,,,TN1561,Nabeul,نابل,,,TN15,North East,الشمال الشرقي,,,TN1,Tunisie,,,,TN,2022-11-15,,v01,fr,ar,,,POINT (10.497839035000027 36.694424208999976)
4,Damous El Hajja,داموس الحاجة,,,10.73930153,36.74113268,Damous El Hajja,داموس الحاجة,,,TN156251,Menzel Bouzelfa,منزل بوزلفة,,,TN1562,Nabeul,نابل,,,TN15,North East,الشمال الشرقي,,,TN1,Tunisie,,,,TN,2022-11-15,,v01,fr,ar,,,POINT (10.739301533000003 36.74113268100001)
4,Errahma,الرحمة,,,10.72830646,36.69795846,Errahma,الرحمة,,,TN156252,Menzel Bouzelfa,منزل بوزلفة,,,TN1562,Nabeul,نابل,,,TN15,North East,الشمال الشرقي,,,TN1,Tunisie,,,,TN,2022-11-15,,v01,fr,ar,,,POINT (10.728306460999988 36.697958459000006)
4,Menzel Bou Zelfa Nord,منزل بوزلفة الجوفية,,,10.63057842,36.68309465,Menzel Bou Zelfa Nord,منزل بوزلفة الجوفية,,,TN156253,Menzel Bouzelfa,منزل بوزلفة,,,TN1562,Nabeul,نابل,,,TN15,North East,الشمال الشرقي,,,TN1,Tunisie,,,,TN,2022-11-15,,v01,fr,ar,,,POINT (10.630578415999992 36.683094649)
4,Menzel Bou Zelfa Sud,منزل بوزلفة القبلية,,,10.58333539,36.67657649,Menzel Bou Zelfa Sud,منزل بوزلفة القبلية,,,TN156254,Menzel Bouzelfa,منزل بوزلفة,,,TN1562,Nabeul,نابل,,,TN15,North East,الشمال الشرقي,,,TN1,Tunisie,,,,TN,2022-11-15,,v01,fr,ar,,,POINT (10.583335389000013 36.67657649)
4,Menzel Bou Zelfa Ouest,منزل بوزلفة الغربية,,,10.5735506,36.70603491,Menzel Bou Zelfa Ouest,منزل بوزلفة الغربية,,,TN156255,Menzel Bouzelfa,منزل بوزلفة,,,TN1562,Nabeul,نابل,,,TN15,North East,الشمال الشرقي,,,TN1,Tunisie,,,,TN,2022-11-15,,v01,fr,ar,,,POINT (10.573550601000022 36.70603490799999)
4,Beni Khalled Nord,بني خلاد الجوفية,,,10.58520041,36.64942152,Beni Khalled Nord,بني خلاد الجوفية,,,TN156351,Beni Khalled,بني خلاد,,,TN1563,Nabeul,نابل,,,TN15,North East,الشمال الشرقي,,,TN1,Tunisie,,,,TN,2022-11-15,,v01,fr,ar,,,POINT (10.585200406000013 36.64942151600002)
4,Beni Khalled Sud (Toumi),بني خلاد القبلية تومي,,,10.61476484,36.62571357,Beni Khalled Sud (Toumi),بني خلاد القبلية تومي,,,TN156352,Beni Khalled,بني خلاد,,,TN1563,Nabeul,نابل,,,TN15,North East,الشمال الشرقي,,,TN1,Tunisie,,,,TN,2022-11-15,,v01,fr,ar,,,POINT (10.614764842999989 36.625713570000016)
4,Zaouiet Djedidi,زاوية الجديدي,,,10.56656447,36.64286007,Zaouiet Djedidi,زاوية الجديدي,,,TN156353,Beni Khalled,بني خلاد,,,TN1563,Nabeul,نابل,,,TN15,North East,الشمال الشرقي,,,TN1,Tunisie,,,,TN,2022-11-15,,v01,fr,ar,,,POINT (10.566564464999999 36.642860068000005)
4,Kobba El Kebira,القبة الكبيرة,,,10.5922356,36.60347017,Kobba El Kebira,القبة الكبيرة,,,TN156354,Beni Khalled,بني خلاد,,,TN1563,Nabeul,نابل,,,TN15,North East,الشمال الشرقي,,,TN1,Tunisie,,,,TN,2022-11-15,,v01,fr,ar,,,POINT (10.59223559999998 36.60347016999998)
4,Bir Drassen,بئر دراسن,,,10.68645383,36.62426368,Bir Drassen,بئر دراسن,,,TN156355,Beni Khalled,بني خلاد,,,TN1563,Nabeul,نابل,,,TN15,North East,الشمال الشرقي,,,TN1,Tunisie,,,,TN,2022-11-15,,v01,fr,ar,,,POINT (10.686453831999984 36.62426367699999)
4,Bni Khaled Echarkya,بني خلاد الشرقية,,,10.62463596,36.65123575,Bni Khaled Echarkya,بني خلاد الشرقية,,,TN156356,Beni Khalled,بني خلاد,,,TN1563,Nabeul,نابل,,,TN15,North East,الشمال الشرقي,,,TN1,Tunisie,,,,TN,2022-11-15,,v01,fr,ar,,,POINT (10.624635958999988 36.65123575299998)
4,Fondouk Djedid,فندق الجديد,,,10.43452566,36.66715719,Fondouk Djedid,فندق الجديد,,,TN156451,Grombalia,قرمبالية,,,TN1564,Nabeul,نابل,,,TN15,North East,الشمال الشرقي,,,TN1,Tunisie,,,,TN,2022-11-15,,v01,fr,ar,,,POINT (10.43452566100001 36.667157195000016)
4,Chammes,شماس,,,10.46801234,36.64150394,Chammes,شماس,,,TN156452,Grombalia,قرمبالية,,,TN1564,Nabeul,نابل,,,TN15,North East,الشمال الشرقي,,,TN1,Tunisie,,,,TN,2022-11-15,,v01,fr,ar,,,POINT (10.468012343999987 36.64150394000001)
4,Nianou,نيانو,,,10.56384976,36.60112361,Nianou,نيانو,,,TN156453,Grombalia,قرمبالية,,,TN1564,Nabeul,نابل,,,TN15,North East,الشمال الشرقي,,,TN1,Tunisie,,,,TN,2022-11-15,,v01,fr,ar,,,POINT (10.563849759999982 36.60112360599999)
4,Turki,تركي,,,10.51256312,36.5728744,Turki,تركي,,,TN156454,Grombalia,قرمبالية,,,TN1564,Nabeul,نابل,,,TN15,North East,الشمال الشرقي,,,TN1,Tunisie,,,,TN,2022-11-15,,v01,fr,ar,,,POINT (10.512563124999986 36.572874394999985)
4,Khanguet El Hojjej,خنقة الحجاج,,,10.39775273,36.59862115,Khanguet El Hojjej,خنقة الحجاج,,,TN156455,Grombalia,قرمبالية,,,TN1564,Nabeul,نابل,,,TN15,North East,الشمال الشرقي,,,TN1,Tunisie,,,,TN,2022-11-15,,v01,fr,ar,,,POINT (10.397752732000015 36.598621149999985)
4,Grombalia Est,قرنبالية الشرقية,,,10.51284803,36.6257473,Grombalia Est,قرنبالية الشرقية,,,TN156456,Grombalia,قرمبالية,,,TN1564,Nabeul,نابل,,,TN15,North East,الشمال الشرقي,,,TN1,Tunisie,,,,TN,2022-11-15,,v01,fr,ar,,,POINT (10.512848032000022 36.625747303000026)
4,Grombalia Ouest,قرنبالية الغربية,,,10.47114233,36.59315969,Grombalia Ouest,قرنبالية الغربية,,,TN156457,Grombalia,قرمبالية,,,TN1564,Nabeul,نابل,,,TN15,North East,الشمال الشرقي,,,TN1,Tunisie,,,,TN,2022-11-15,,v01,fr,ar,,,POINT (10.47114233100001 36.593159695)
4,Djebel Terif,جبل طريف,,,10.39775336,36.51711038,Djebel Terif,جبل طريف,,,TN156458,Grombalia,قرمبالية,,,TN1564,Nabeul,نابل,,,TN15,North East,الشمال الشرقي,,,TN1,Tunisie,,,,TN,2022-11-15,,v01,fr,ar,,,POINT (10.397753357 36.51711038299999)
4,Ain Tebournouk,عين طبرنق,,,10.44526097,36.53321598,Ain Tebournouk,عين طبرنق,,,TN156459,Grombalia,قرمبالية,,,TN1564,Nabeul,نابل,,,TN15,North East,الشمال الشرقي,,,TN1,Tunisie,,,,TN,2022-11-15,,v01,fr,ar,,,POINT (10.445260969999993 36.53321598399998)
4,Sidi Dhaher,سيدي الظاهر,,,10.55800332,36.55252986,Sidi Dhaher,سيدي الظاهر,,,TN156551,Bou Argoub,بوعرقوب,,,TN1565,Nabeul,نابل,,,TN15,North East,الشمال الشرقي,,,TN1,Tunisie,,,,TN,2022-11-15,,v01,fr,ar,,,POINT (10.558003320000012 36.552529857000025)
4,El Machrouha,المشروحة,,,10.59950049,36.53115846,El Machrouha,المشروحة,,,TN156552,Bou Argoub,بوعرقوب,,,TN1565,Nabeul,نابل,,,TN15,North East,الشمال الشرقي,,,TN1,Tunisie,,,,TN,2022-11-15,,v01,fr,ar,,,POINT (10.59950048600001 36.531158455000025)
4,Borj Hefaied,برج حفيظ,,,10.6051972,36.49594849,Borj Hefaied,برج حفيظ,,,TN156553,Bou Argoub,بوعرقوب,,,TN1565,Nabeul,نابل,,,TN15,North East,الشمال الشرقي,,,TN1,Tunisie,,,,TN,2022-11-15,,v01,fr,ar,,,POINT (10.60519720000002 36.495948494000004)
4,Bou Argoub Nord,بوعرقوب الجوفية,,,10.53400436,36.53155576,Bou Argoub Nord,بوعرقوب الجوفية,,,TN156554,Bou Argoub,بوعرقوب,,,TN1565,Nabeul,نابل,,,TN15,North East,الشمال الشرقي,,,TN1,Tunisie,,,,TN,2022-11-15,,v01,fr,ar,,,POINT (10.534004358999994 36.53155575699998)
4,Bou Argoub Sud,بوعرقوب القبلية,,,10.5337448,36.50189186,Bou Argoub Sud,بوعرقوب القبلية,,,TN156555,Bou Argoub,بوعرقوب,,,TN1565,Nabeul,نابل,,,TN15,North East,الشمال الشرقي,,,TN1,Tunisie,,,,TN,2022-11-15,,v01,fr,ar,,,POINT (10.533744802000001 36.501891864000015)
4,Belli,بلي,,,10.60822628,36.5514001,Belli,بلي,,,TN156556,Bou Argoub,بوعرقوب,,,TN1565,Nabeul,نابل,,,TN15,North East,الشمال الشرقي,,,TN1,Tunisie,,,,TN,2022-11-15,,v01,fr,ar,,,POINT (10.608226283000022 36.55140009500002)
4,El Kharrouba,الخروبة,,,10.62652537,36.5719703,El Kharrouba,الخروبة,,,TN156557,Bou Argoub,بوعرقوب,,,TN1565,Nabeul,نابل,,,TN15,North East,الشمال الشرقي,,,TN1,Tunisie,,,,TN,2022-11-15,,v01,fr,ar,,,POINT (10.626525375000028 36.571970298999986)
4,Sidi Djedidi,سيدي الجديدي,,,10.42743448,36.42636343,Sidi Djedidi,سيدي الجديدي,,,TN156651,Hammamet,الحمامات,,,TN1566,Nabeul,نابل,,,TN15,North East,الشمال الشرقي,,,TN1,Tunisie,,,,TN,2022-11-15,,v01,fr,ar,,,POINT (10.427434475999974 36.426363433000006)
4,Latrach,الأطرش,,,10.48461973,36.47366521,Latrach,الأطرش,,,TN156652,Hammamet,الحمامات,,,TN1566,Nabeul,نابل,,,TN15,North East,الشمال الشرقي,,,TN1,Tunisie,,,,TN,2022-11-15,,v01,fr,ar,,,POINT (10.484619733999978 36.47366520700001)
4,Bir Bou Regba,بئر بورقبة,,,10.5590718,36.4549955,Bir Bou Regba,بئر بورقبة,,,TN156653,Hammamet,الحمامات,,,TN1566,Nabeul,نابل,,,TN15,North East,الشمال الشرقي,,,TN1,Tunisie,,,,TN,2022-11-15,,v01,fr,ar,,,POINT (10.559071796000012 36.45499549499999)
4,Baraket Es-Sahel,براكة الساحل,,,10.55494266,36.40409706,Baraket Es-Sahel,براكة الساحل,,,TN156654,Hammamet,الحمامات,,,TN1566,Nabeul,نابل,,,TN15,North East,الشمال الشرقي,,,TN1,Tunisie,,,,TN,2022-11-15,,v01,fr,ar,,,POINT (10.55494265499999 36.404097063999984)
4,Hammamet Nord,الحمامات الجوفية,,,10.63344233,36.43637229,Hammamet Nord,الحمامات الجوفية,,,TN156655,Hammamet,الحمامات,,,TN1566,Nabeul,نابل,,,TN15,North East,الشمال الشرقي,,,TN1,Tunisie,,,,TN,2022-11-15,,v01,fr,ar,,,POINT (10.633442328000001 36.43637228799997)
4,Hammamet Est,الحمامات الشرقية,,,10.6229359,36.40077084,Hammamet Est,الحمامات الشرقية,,,TN156656,Hammamet,الحمامات,,,TN1566,Nabeul,نابل,,,TN15,North East,الشمال الشرقي,,,TN1,Tunisie,,,,TN,2022-11-15,,v01,fr,ar,,,POINT (10.622935902999984 36.40077084000001)
4,Hammamet Ouest,الحمامات الغربية,,,10.58233322,36.41199775,Hammamet Ouest,الحمامات الغربية,,,TN156657,Hammamet,الحمامات,,,TN1566,Nabeul,نابل,,,TN15,North East,الشمال الشرقي,,,TN1,Tunisie,,,,TN,2022-11-15,,v01,fr,ar,,,POINT (10.582333215000006 36.41199775299998)
4,Mrezga,المرازقة,,,10.66200079,36.42203675,Mrezga,المرازقة,,,TN156658,Hammamet,الحمامات,,,TN1566,Nabeul,نابل,,,TN15,North East,الشمال الشرقي,,,TN1,Tunisie,,,,TN,2022-11-15,,v01,fr,ar,,,POINT (10.662000793000004 36.422036752999986)
4,Yasmin Hammamet,ياسمين الحمامات,,,10.51596606,36.33895618,Yasmin Hammamet,ياسمين الحمامات,,,TN156659,Hammamet,الحمامات,,,TN1566,Nabeul,نابل,,,TN15,North East,الشمال الشرقي,,,TN1,Tunisie,,,,TN,2022-11-15,,v01,fr,ar,,,POINT (10.515966063000008 36.33895617500002)
4,Zaghouan Ville,زغوان المدينة,,,10.14388406,36.39765789,Zaghouan Ville,زغوان المدينة,,,TN165151,Zaghouan,زغوان,,,TN1651,Zaghouan,زغوان,,,TN16,North East,الشمال الشرقي,,,TN1,Tunisie,,,,TN,2022-11-15,,v01,fr,ar,,,POINT (10.14388406400002 36.397657889000016)
4,Zaghouan Nord,زغوان الشمالية,,,10.14025672,36.41060202,Zaghouan Nord,زغوان الشمالية,,,TN165152,Zaghouan,زغوان,,,TN1651,Zaghouan,زغوان,,,TN16,North East,الشمال الشرقي,,,TN1,Tunisie,,,,TN,2022-11-15,,v01,fr,ar,,,POINT (10.14025671799999 36.410602014999995)
4,Zaghouan Sud,زغوان الجنوبية,,,10.1615288,36.39850905,Zaghouan Sud,زغوان الجنوبية,,,TN165153,Zaghouan,زغوان,,,TN1651,Zaghouan,زغوان,,,TN16,North East,الشمال الشرقي,,,TN1,Tunisie,,,,TN,2022-11-15,,v01,fr,ar,,,POINT (10.161528798000006 36.39850904999997)
4,Bir Halima,بئر حليمة,,,10.06827499,36.36088598,Bir Halima,بئر حليمة,,,TN165154,Zaghouan,زغوان,,,TN1651,Zaghouan,زغوان,,,TN16,North East,الشمال الشرقي,,,TN1,Tunisie,,,,TN,2022-11-15,,v01,fr,ar,,,POINT (10.068274986999995 36.36088598200001)
4,Mograne,مقرن,,,10.09721531,36.42413339,Mograne,مقرن,,,TN165155,Zaghouan,زغوان,,,TN1651,Zaghouan,زغوان,,,TN16,North East,الشمال الشرقي,,,TN1,Tunisie,,,,TN,2022-11-15,,v01,fr,ar,,,POINT (10.097215312000003 36.42413339299998)
4,Jimla,جيملة,,,10.19670589,36.47397934,Jimla,جيملة,,,TN165156,Zaghouan,زغوان,,,TN1651,Zaghouan,زغوان,,,TN16,North East,الشمال الشرقي,,,TN1,Tunisie,,,,TN,2022-11-15,,v01,fr,ar,,,POINT (10.196705888999986 36.473979337)
4,El Aitha,العيثة,,,10.19453314,36.40878116,El Aitha,العيثة,,,TN165157,Zaghouan,زغوان,,,TN1651,Zaghouan,زغوان,,,TN16,North East,الشمال الشرقي,,,TN1,Tunisie,,,,TN,2022-11-15,,v01,fr,ar,,,POINT (10.194533139999976 36.408781155999975)
4,Oued Erremel,وادي الرمل,,,10.25346182,36.41045607,Oued Erremel,وادي الرمل,,,TN165158,Zaghouan,زغوان,,,TN1651,Zaghouan,زغوان,,,TN16,North East,الشمال الشرقي,,,TN1,Tunisie,,,,TN,2022-11-15,,v01,fr,ar,,,POINT (10.253461817000016 36.41045607500001)
4,Oued Ezzit,وادي الزيت,,,10.32877309,36.40595896,Oued Ezzit,وادي الزيت,,,TN165159,Zaghouan,زغوان,,,TN1651,Zaghouan,زغوان,,,TN16,North East,الشمال الشرقي,,,TN1,Tunisie,,,,TN,2022-11-15,,v01,fr,ar,,,POINT (10.328773093999985 36.40595895500002)
4,El Jouf Est,الجوف الشرقية,,,10.14848524,36.33297721,El Jouf Est,الجوف الشرقية,,,TN165251,Zriba,الزريبة,,,TN1652,Zaghouan,زغوان,,,TN16,North East,الشمال الشرقي,,,TN1,Tunisie,,,,TN,2022-11-15,,v01,fr,ar,,,POINT (10.148485236999989 36.33297721399998)
4,El Jouf Ouest,الجوف الغربية,,,10.10437797,36.2976722,El Jouf Ouest,الجوف الغربية,,,TN165252,Zriba,الزريبة,,,TN1652,Zaghouan,زغوان,,,TN16,North East,الشمال الشرقي,,,TN1,Tunisie,,,,TN,2022-11-15,,v01,fr,ar,,,POINT (10.104377968999984 36.29767220299999)
4,Ez-Zeriba Hammam Sud,الزريبة الحمام الجنوبية,,,10.20291469,36.31512221,Ez-Zeriba Hammam Sud,الزريبة الحمام الجنوبية,,,TN165253,Zriba,الزريبة,,,TN1652,Zaghouan,زغوان,,,TN16,North East,الشمال الشرقي,,,TN1,Tunisie,,,,TN,2022-11-15,,v01,fr,ar,,,POINT (10.202914693000025 36.315122207)
4,Ez-Zriba Hammam Nord,الزريبة الحمام الشمالية,,,10.2532255,36.35712268,Ez-Zriba Hammam Nord,الزريبة الحمام الشمالية,,,TN165254,Zriba,الزريبة,,,TN1652,Zaghouan,زغوان,,,TN16,North East,الشمال الشرقي,,,TN1,Tunisie,,,,TN,2022-11-15,,v01,fr,ar,,,POINT (10.25322550300001 36.357122678999986)
4,Ez-Zeriba Village,الزريبة القرية,,,10.25842349,36.32846794,Ez-Zeriba Village,الزريبة القرية,,,TN165255,Zriba,الزريبة,,,TN1652,Zaghouan,زغوان,,,TN16,North East,الشمال الشرقي,,,TN1,Tunisie,,,,TN,2022-11-15,,v01,fr,ar,,,POINT (10.258423486000027 36.328467939999996)
4,Bou Achir,بوعشير,,,10.32732073,36.32896443,Bou Achir,بوعشير,,,TN165256,Zriba,الزريبة,,,TN1652,Zaghouan,زغوان,,,TN16,North East,الشمال الشرقي,,,TN1,Tunisie,,,,TN,2022-11-15,,v01,fr,ar,,,POINT (10.327320729000007 36.32896442700002)
4,Jeradou,جرادو,,,10.32919974,36.26910713,Jeradou,جرادو,,,TN165257,Zriba,الزريبة,,,TN1652,Zaghouan,زغوان,,,TN16,North East,الشمال الشرقي,,,TN1,Tunisie,,,,TN,2022-11-15,,v01,fr,ar,,,POINT (10.329199736000021 36.26910713299998)
4,Ain El Batria,عين الباطريية,,,10.25353574,36.26798313,Ain El Batria,عين الباطريية,,,TN165258,Zriba,الزريبة,,,TN1652,Zaghouan,زغوان,,,TN16,North East,الشمال الشرقي,,,TN1,Tunisie,,,,TN,2022-11-15,,v01,fr,ar,,,POINT (10.253535740000018 36.26798313400002)
4,Bir M'Chergua,بئر مشارقة,,,9.9612483,36.50442274,Bir M'Chergua,بئر مشارقة,,,TN165351,Bir Mchergua,بئر مشارقة,,,TN1653,Zaghouan,زغوان,,,TN16,North East,الشمال الشرقي,,,TN1,Tunisie,,,,TN,2022-11-15,,v01,fr,ar,,,POINT (9.961248305000026 36.50442273700003)
4,Bir M'Chergua Gare,بئر مشارقة المحطة,,,10.05478463,36.49498051,Bir M'Chergua Gare,بئر مشارقة المحطة,,,TN165352,Bir Mchergua,بئر مشارقة,,,TN1653,Zaghouan,زغوان,,,TN16,North East,الشمال الشرقي,,,TN1,Tunisie,,,,TN,2022-11-15,,v01,fr,ar,,,POINT (10.054784626000014 36.494980510000005)
4,Daleil El Arous,دلائل العروس,,,9.89601156,36.50493463,Daleil El Arous,دلائل العروس,,,TN165353,Bir Mchergua,بئر مشارقة,,,TN1653,Zaghouan,زغوان,,,TN16,North East,الشمال الشرقي,,,TN1,Tunisie,,,,TN,2022-11-15,,v01,fr,ar,,,POINT (9.896011563000002 36.504934634999984)
4,Smenja,سمنجة,,,10.01008484,36.44780365,Smenja,سمنجة,,,TN165354,Bir Mchergua,بئر مشارقة,,,TN1653,Zaghouan,زغوان,,,TN16,North East,الشمال الشرقي,,,TN1,Tunisie,,,,TN,2022-11-15,,v01,fr,ar,,,POINT (10.010084843000016 36.447803651000015)
4,Jebel Oust,جبل الوسط,,,10.0666766,36.5672876,Jebel Oust,جبل الوسط,,,TN165355,Bir Mchergua,بئر مشارقة,,,TN1653,Zaghouan,زغوان,,,TN16,North East,الشمال الشرقي,,,TN1,Tunisie,,,,TN,2022-11-15,,v01,fr,ar,,,POINT (10.066676604000008 36.56728759700002)
4,Ain Essafsaf,عين الصفصاف,,,10.1581404,36.52487897,Ain Essafsaf,عين الصفصاف,,,TN165356,Bir Mchergua,بئر مشارقة,,,TN1653,Zaghouan,زغوان,,,TN16,North East,الشمال الشرقي,,,TN1,Tunisie,,,,TN,2022-11-15,,v01,fr,ar,,,POINT (10.158140403999994 36.524878967999996)
4,Boucha,بوشة,,,9.83599229,36.51103945,Boucha,بوشة,,,TN165357,Bir Mchergua,بئر مشارقة,,,TN1653,Zaghouan,زغوان,,,TN16,North East,الشمال الشرقي,,,TN1,Tunisie,,,,TN,2022-11-15,,v01,fr,ar,,,POINT (9.835992284999975 36.51103944699997)
4,Ain Asker,عين عسكر,,,9.98246693,36.59847629,Ain Asker,عين عسكر,,,TN165358,Bir Mchergua,بئر مشارقة,,,TN1653,Zaghouan,زغوان,,,TN16,North East,الشمال الشرقي,,,TN1,Tunisie,,,,TN,2022-11-15,,v01,fr,ar,,,POINT (9.982466928999997 36.59847628599999)
4,Banlieu D'El Fahs,أحواز الفحص,,,9.91624539,36.37673298,Banlieu D'El Fahs,أحواز الفحص,,,TN165451,Fahs,الفحص,,,TN1654,Zaghouan,زغوان,,,TN16,North East,الشمال الشرقي,,,TN1,Tunisie,,,,TN,2022-11-15,,v01,fr,ar,,,POINT (9.916245386000014 36.37673298200002)
4,Jouguar,جوقار,,,10.02953875,36.26032013,Jouguar,جوقار,,,TN165452,Fahs,الفحص,,,TN1654,Zaghouan,زغوان,,,TN16,North East,الشمال الشرقي,,,TN1,Tunisie,,,,TN,2022-11-15,,v01,fr,ar,,,POINT (10.029538747999993 36.260320130000025)
4,Bir Magra,بئر مقرة,,,9.75796656,36.33256228,Bir Magra,بئر مقرة,,,TN165453,Fahs,الفحص,,,TN1654,Zaghouan,زغوان,,,TN16,North East,الشمال الشرقي,,,TN1,Tunisie,,,,TN,2022-11-15,,v01,fr,ar,,,POINT (9.75796655900001 36.332562275999976)
4,Oum El Abouab,أم الأبواب,,,9.82109152,36.18170416,Oum El Abouab,أم الأبواب,,,TN165454,Fahs,الفحص,,,TN1654,Zaghouan,زغوان,,,TN16,North East,الشمال الشرقي,,,TN1,Tunisie,,,,TN,2022-11-15,,v01,fr,ar,,,POINT (9.821091514999978 36.18170416200002)
4,Ouled Ezzouabi,أولاد الزوابي,,,9.84005309,36.09236379,Ouled Ezzouabi,أولاد الزوابي,,,TN165455,Fahs,الفحص,,,TN1654,Zaghouan,زغوان,,,TN16,North East,الشمال الشرقي,,,TN1,Tunisie,,,,TN,2022-11-15,,v01,fr,ar,,,POINT (9.84005308899998 36.092363793000004)
4,El Fahs,الفحص,,,9.89984163,36.36317533,El Fahs,الفحص,,,TN165456,Fahs,الفحص,,,TN1654,Zaghouan,زغوان,,,TN16,North East,الشمال الشرقي,,,TN1,Tunisie,,,,TN,2022-11-15,,v01,fr,ar,,,POINT (9.89984162799999 36.36317532999999)
4,Ed-Droua,الدروع,,,9.75476547,36.23640062,Ed-Droua,الدروع,,,TN165457,Fahs,الفحص,,,TN1654,Zaghouan,زغوان,,,TN16,North East,الشمال الشرقي,,,TN1,Tunisie,,,,TN,2022-11-15,,v01,fr,ar,,,POINT (9.75476547400001 36.23640062200002)
4,El Ghrifet,الغريفات,,,9.85677484,36.42471089,El Ghrifet,الغريفات,,,TN165458,Fahs,الفحص,,,TN1654,Zaghouan,زغوان,,,TN16,North East,الشمال الشرقي,,,TN1,Tunisie,,,,TN,2022-11-15,,v01,fr,ar,,,POINT (9.856774842999982 36.424710893)
4,Bent Saidane,بنت سعيدان,,,9.95185668,36.27670315,Bent Saidane,بنت سعيدان,,,TN165459,Fahs,الفحص,,,TN1654,Zaghouan,زغوان,,,TN16,North East,الشمال الشرقي,,,TN1,Tunisie,,,,TN,2022-11-15,,v01,fr,ar,,,POINT (9.951856674999988 36.27670315400002)
4,El Amiem Nord,العمايم الشمالية,,,9.86882648,36.32971224,El Amiem Nord,العمايم الشمالية,,,TN165460,Fahs,الفحص,,,TN1654,Zaghouan,زغوان,,,TN16,North East,الشمال الشرقي,,,TN1,Tunisie,,,,TN,2022-11-15,,v01,fr,ar,,,POINT (9.868826479000006 36.32971223999999)
4,El Amiem Sud,العمايم الجنوبية,,,9.86615087,36.27901756,El Amiem Sud,العمايم الجنوبية,,,TN165461,Fahs,الفحص,,,TN1654,Zaghouan,زغوان,,,TN16,North East,الشمال الشرقي,,,TN1,Tunisie,,,,TN,2022-11-15,,v01,fr,ar,,,POINT (9.866150866999988 36.279017563000025)
4,Oued El Khadhra,وادي الخضراء,,,9.97733518,36.34833029,Oued El Khadhra,وادي الخضراء,,,TN165462,Fahs,الفحص,,,TN1654,Zaghouan,زغوان,,,TN16,North East,الشمال الشرقي,,,TN1,Tunisie,,,,TN,2022-11-15,,v01,fr,ar,,,POINT (9.977335175999997 36.34833029399999)
4,Telil Essalhi,تليل الصالحي,,,9.66773982,36.26081517,Telil Essalhi,تليل الصالحي,,,TN165463,Fahs,الفحص,,,TN1654,Zaghouan,زغوان,,,TN16,North East,الشمال الشرقي,,,TN1,Tunisie,,,,TN,2022-11-15,,v01,fr,ar,,,POINT (9.667739820000008 36.26081516800002)
4,En Nadhour,الناظور,,,10.08889454,36.11560359,En Nadhour,الناظور,,,TN165551,Nadhour,الناظور,,,TN1655,Zaghouan,زغوان,,,TN16,North East,الشمال الشرقي,,,TN1,Tunisie,,,,TN,2022-11-15,,v01,fr,ar,,,POINT (10.088894540000013 36.115603593)
4,Ain El Batthoum,عين البطوم,,,10.00621923,36.06287901,Ain El Batthoum,عين البطوم,,,TN165552,Nadhour,الناظور,,,TN1655,Zaghouan,زغوان,,,TN16,North East,الشمال الشرقي,,,TN1,Tunisie,,,,TN,2022-11-15,,v01,fr,ar,,,POINT (10.00621922800002 36.06287900799998)
4,Saouar,صوار,,,9.96486205,36.16833151,Saouar,صوار,,,TN165553,Nadhour,الناظور,,,TN1655,Zaghouan,زغوان,,,TN16,North East,الشمال الشرقي,,,TN1,Tunisie,,,,TN,2022-11-15,,v01,fr,ar,,,POINT (9.964862052 36.168331507000005)
4,Bir Chaouch,بئر الشاوش,,,10.04295272,36.0792899,Bir Chaouch,بئر الشاوش,,,TN165554,Nadhour,الناظور,,,TN1655,Zaghouan,زغوان,,,TN16,North East,الشمال الشرقي,,,TN1,Tunisie,,,,TN,2022-11-15,,v01,fr,ar,,,POINT (10.042952721000006 36.07928989499999)
4,Sougas,سوغاس,,,9.91261936,36.10604954,Sougas,سوغاس,,,TN165555,Nadhour,الناظور,,,TN1655,Zaghouan,زغوان,,,TN16,North East,الشمال الشرقي,,,TN1,Tunisie,,,,TN,2022-11-15,,v01,fr,ar,,,POINT (9.912619357999972 36.10604953699999)
4,Saouef Est,صواف الشرقية,,,10.16392215,36.25089559,Saouef Est,صواف الشرقية,,,TN165651,Saouaf,صواف,,,TN1656,Zaghouan,زغوان,,,TN16,North East,الشمال الشرقي,,,TN1,Tunisie,,,,TN,2022-11-15,,v01,fr,ar,,,POINT (10.163922151999998 36.25089558899998)
4,Saouef Ouest,صواف الغربية,,,10.15794251,36.19460672,Saouef Ouest,صواف الغربية,,,TN165652,Saouaf,صواف,,,TN1656,Zaghouan,زغوان,,,TN16,North East,الشمال الشرقي,,,TN1,Tunisie,,,,TN,2022-11-15,,v01,fr,ar,,,POINT (10.157942510999987 36.19460672399998)
4,El Hamira,الحميرة,,,10.23260565,36.20986157,El Hamira,الحميرة,,,TN165653,Saouaf,صواف,,,TN1656,Zaghouan,زغوان,,,TN16,North East,الشمال الشرقي,,,TN1,Tunisie,,,,TN,2022-11-15,,v01,fr,ar,,,POINT (10.232605653999997 36.20986156999999)
4,Deghafla Est,الدغافلة الشرقية,,,10.11478677,36.19124628,Deghafla Est,الدغافلة الشرقية,,,TN165654,Saouaf,صواف,,,TN1656,Zaghouan,زغوان,,,TN16,North East,الشمال الشرقي,,,TN1,Tunisie,,,,TN,2022-11-15,,v01,fr,ar,,,POINT (10.114786772000002 36.19124628200001)
4,Deghafla Ouest,الدغافلة الغربية,,,10.07198235,36.19643801,Deghafla Ouest,الدغافلة الغربية,,,TN165655,Saouaf,صواف,,,TN1656,Zaghouan,زغوان,,,TN16,North East,الشمال الشرقي,,,TN1,Tunisie,,,,TN,2022-11-15,,v01,fr,ar,,,POINT (10.071982349999985 36.19643801299998)
4,Hassen Nouri,حسن النوري,,,9.87485345,37.28414043,Hassen Nouri,حسن النوري,,,TN175151,Bizerte Nord,بنزرت الشمالية,,,TN1751,Bizerte,بنزرت,,,TN17,North East,الشمال الشرقي,,,TN1,Tunisie,,,,TN,2022-11-15,,v01,fr,ar,,,POINT (9.874853445999975 37.284140424999975)
4,Habib Bouguatfa,الحبيب بوقطفة,,,9.8653965,37.27275542,Habib Bouguatfa,الحبيب بوقطفة,,,TN175152,Bizerte Nord,بنزرت الشمالية,,,TN1751,Bizerte,بنزرت,,,TN17,North East,الشمال الشرقي,,,TN1,Tunisie,,,,TN,2022-11-15,,v01,fr,ar,,,POINT (9.865396503999989 37.272755415999995)
4,El Korniche,الكرنيش,,,9.86539439,37.31096047,El Korniche,الكرنيش,,,TN175153,Bizerte Nord,بنزرت الشمالية,,,TN1751,Bizerte,بنزرت,,,TN17,North East,الشمال الشرقي,,,TN1,Tunisie,,,,TN,2022-11-15,,v01,fr,ar,,,POINT (9.86539439400002 37.31096046900001)
4,La Medina,المدينة,,,9.87457049,37.27737319,La Medina,المدينة,,,TN175154,Bizerte Nord,بنزرت الشمالية,,,TN1751,Bizerte,بنزرت,,,TN17,North East,الشمال الشرقي,,,TN1,Tunisie,,,,TN,2022-11-15,,v01,fr,ar,,,POINT (9.874570484999992 37.27737318599998)
4,Cheik Driss,الشيخ إدريس,,,9.87147381,37.27438289,Cheik Driss,الشيخ إدريس,,,TN175155,Bizerte Nord,بنزرت الشمالية,,,TN1751,Bizerte,بنزرت,,,TN17,North East,الشمال الشرقي,,,TN1,Tunisie,,,,TN,2022-11-15,,v01,fr,ar,,,POINT (9.871473811999977 37.274382893999984)
4,El Canal,القنال,,,9.87563483,37.27287976,El Canal,القنال,,,TN175156,Bizerte Nord,بنزرت الشمالية,,,TN1751,Bizerte,بنزرت,,,TN17,North East,الشمال الشرقي,,,TN1,Tunisie,,,,TN,2022-11-15,,v01,fr,ar,,,POINT (9.875634832000003 37.27287976000002)
4,Bou Baker Bakir,بوبكر باكير,,,9.86762695,37.26813176,Bou Baker Bakir,بوبكر باكير,,,TN175157,Bizerte Nord,بنزرت الشمالية,,,TN1751,Bizerte,بنزرت,,,TN17,North East,الشمال الشرقي,,,TN1,Tunisie,,,,TN,2022-11-15,,v01,fr,ar,,,POINT (9.867626945999973 37.26813176500002)
4,Ain Mariam,عين مريم,,,9.81263251,37.30895481,Ain Mariam,عين مريم,,,TN175158,Bizerte Nord,بنزرت الشمالية,,,TN1751,Bizerte,بنزرت,,,TN17,North East,الشمال الشرقي,,,TN1,Tunisie,,,,TN,2022-11-15,,v01,fr,ar,,,POINT (9.812632509000025 37.308954809)
4,Habib Haddad,الحبيب الحداد,,,9.85909882,37.2874713,Habib Haddad,الحبيب الحداد,,,TN175159,Bizerte Nord,بنزرت الشمالية,,,TN1751,Bizerte,بنزرت,,,TN17,North East,الشمال الشرقي,,,TN1,Tunisie,,,,TN,2022-11-15,,v01,fr,ar,,,POINT (9.859098816000028 37.28747130199997)
4,El Motamar,المؤتمر,,,9.85901928,37.27474993,El Motamar,المؤتمر,,,TN175160,Bizerte Nord,بنزرت الشمالية,,,TN1751,Bizerte,بنزرت,,,TN17,North East,الشمال الشرقي,,,TN1,Tunisie,,,,TN,2022-11-15,,v01,fr,ar,,,POINT (9.859019284999988 37.27474993499999)
4,El Hana,الهناء,,,9.86606176,37.28425388,El Hana,الهناء,,,TN175161,Bizerte Nord,بنزرت الشمالية,,,TN1751,Bizerte,بنزرت,,,TN17,North East,الشمال الشرقي,,,TN1,Tunisie,,,,TN,2022-11-15,,v01,fr,ar,,,POINT (9.866061761000026 37.284253879000005)
4,15 Octobre,15أكتوبر,,,9.84799575,37.28485532,15 Octobre,15أكتوبر,,,TN175162,Bizerte Nord,بنزرت الشمالية,,,TN1751,Bizerte,بنزرت,,,TN17,North East,الشمال الشرقي,,,TN1,Tunisie,,,,TN,2022-11-15,,v01,fr,ar,,,POINT (9.84799575300002 37.28485532399998)
4,L'Ile De La Gualite,جزيرة جالطة,,,8.93441696,37.52800956,L'Ile De La Gualite,جزيرة جالطة,,,TN175163,Bizerte Nord,بنزرت الشمالية,,,TN1751,Bizerte,بنزرت,,,TN17,North East,الشمال الشرقي,,,TN1,Tunisie,,,,TN,2022-11-15,,v01,fr,ar,,,POINT (8.934416958999975 37.52800956499999)
4,Zarzouna Ouest,جرزونة الغربية,,,9.87357451,37.25776472,Zarzouna Ouest,جرزونة الغربية,,,TN175251,Jarzouna,جرزونة,,,TN1752,Bizerte,بنزرت,,,TN17,North East,الشمال الشرقي,,,TN1,Tunisie,,,,TN,2022-11-15,,v01,fr,ar,,,POINT (9.873574512999994 37.257764717999976)
4,Zarzouna Est,جرزونة الشرقية,,,9.89026645,37.25784254,Zarzouna Est,جرزونة الشرقية,,,TN175252,Jarzouna,جرزونة,,,TN1752,Bizerte,بنزرت,,,TN17,North East,الشمال الشرقي,,,TN1,Tunisie,,,,TN,2022-11-15,,v01,fr,ar,,,POINT (9.890266445000009 37.257842536)
4,Zarzouna Nord,جرزونة الشمالية,,,9.87589947,37.26207974,Zarzouna Nord,جرزونة الشمالية,,,TN175253,Jarzouna,جرزونة,,,TN1752,Bizerte,بنزرت,,,TN17,North East,الشمال الشرقي,,,TN1,Tunisie,,,,TN,2022-11-15,,v01,fr,ar,,,POINT (9.875899464999975 37.26207974099998)
4,Zarzouna Sud,جرزونة الجنوبية,,,9.87871868,37.2524267,Zarzouna Sud,جرزونة الجنوبية,,,TN175254,Jarzouna,جرزونة,,,TN1752,Bizerte,بنزرت,,,TN17,North East,الشمال الشرقي,,,TN1,Tunisie,,,,TN,2022-11-15,,v01,fr,ar,,,POINT (9.87871868000002 37.252426695)
4,Teskraia,تسكراية,,,9.51887248,37.24943935,Teskraia,تسكراية,,,TN175351,Bizerte Sud,بنزرت الجنوبية,,,TN1753,Bizerte,بنزرت,,,TN17,North East,الشمال الشرقي,,,TN1,Tunisie,,,,TN,2022-11-15,,v01,fr,ar,,,POINT (9.518872477000002 37.249439353000014)
4,Farhat Hached,فرحات حشاد,,,9.79259367,37.28005179,Farhat Hached,فرحات حشاد,,,TN175352,Bizerte Sud,بنزرت الجنوبية,,,TN1753,Bizerte,بنزرت,,,TN17,North East,الشمال الشرقي,,,TN1,Tunisie,,,,TN,2022-11-15,,v01,fr,ar,,,POINT (9.792593668999984 37.280051790000016)
4,Marnissa,مرنيصة,,,9.72654084,37.31133029,Marnissa,مرنيصة,,,TN175353,Bizerte Sud,بنزرت الجنوبية,,,TN1753,Bizerte,بنزرت,,,TN17,North East,الشمال الشرقي,,,TN1,Tunisie,,,,TN,2022-11-15,,v01,fr,ar,,,POINT (9.726540838000005 37.31133029199998)
4,Hicher,هيشر,,,9.64350712,37.28561339,Hicher,هيشر,,,TN175354,Bizerte Sud,بنزرت الجنوبية,,,TN1753,Bizerte,بنزرت,,,TN17,North East,الشمال الشرقي,,,TN1,Tunisie,,,,TN,2022-11-15,,v01,fr,ar,,,POINT (9.643507122000017 37.28561338600002)
4,Sidi Ameur,سيدي عامر,,,9.61511645,37.21655377,Sidi Ameur,سيدي عامر,,,TN175355,Bizerte Sud,بنزرت الجنوبية,,,TN1753,Bizerte,بنزرت,,,TN17,North East,الشمال الشرقي,,,TN1,Tunisie,,,,TN,2022-11-15,,v01,fr,ar,,,POINT (9.615116446000002 37.216553766000004)
4,Louata,اللواتة,,,9.71975002,37.21442198,Louata,اللواتة,,,TN175356,Bizerte Sud,بنزرت الجنوبية,,,TN1753,Bizerte,بنزرت,,,TN17,North East,الشمال الشرقي,,,TN1,Tunisie,,,,TN,2022-11-15,,v01,fr,ar,,,POINT (9.719750019000003 37.21442198300002)
4,Bab Mateur,باب ماطر,,,9.84212682,37.26848735,Bab Mateur,باب ماطر,,,TN175357,Bizerte Sud,بنزرت الجنوبية,,,TN1753,Bizerte,بنزرت,,,TN17,North East,الشمال الشرقي,,,TN1,Tunisie,,,,TN,2022-11-15,,v01,fr,ar,,,POINT (9.842126816000018 37.26848735499999)
4,Cite El Jala,حي الجلاء,,,9.84926731,37.27232484,Cite El Jala,حي الجلاء,,,TN175358,Bizerte Sud,بنزرت الجنوبية,,,TN1753,Bizerte,بنزرت,,,TN17,North East,الشمال الشرقي,,,TN1,Tunisie,,,,TN,2022-11-15,,v01,fr,ar,,,POINT (9.849267313999974 37.27232484000001)
4,El Massida,المصيدة,,,9.82575875,37.25516383,El Massida,المصيدة,,,TN175359,Bizerte Sud,بنزرت الجنوبية,,,TN1753,Bizerte,بنزرت,,,TN17,North East,الشمال الشرقي,,,TN1,Tunisie,,,,TN,2022-11-15,,v01,fr,ar,,,POINT (9.825758744999973 37.25516382699999)
4,Sidi Ahmed,سيدي أحمد,,,9.74940085,37.25138866,Sidi Ahmed,سيدي أحمد,,,TN175360,Bizerte Sud,بنزرت الجنوبية,,,TN1753,Bizerte,بنزرت,,,TN17,North East,الشمال الشرقي,,,TN1,Tunisie,,,,TN,2022-11-15,,v01,fr,ar,,,POINT (9.749400851000019 37.251388663)
4,Sedjnane,سجنان,,,9.24034803,37.04595777,Sedjnane,سجنان,,,TN175451,Sejnane,سجنان,,,TN1754,Bizerte,بنزرت,,,TN17,North East,الشمال الشرقي,,,TN1,Tunisie,,,,TN,2022-11-15,,v01,fr,ar,,,POINT (9.240348030999996 37.04595777399999)
4,El Maalia,المعالية,,,9.3123545,37.06588215,El Maalia,المعالية,,,TN175452,Sejnane,سجنان,,,TN1754,Bizerte,بنزرت,,,TN17,North East,الشمال الشرقي,,,TN1,Tunisie,,,,TN,2022-11-15,,v01,fr,ar,,,POINT (9.31235449799999 37.065882155)
4,El Ababssa,العبابسة,,,9.374739,37.15372282,El Ababssa,العبابسة,,,TN175453,Sejnane,سجنان,,,TN1754,Bizerte,بنزرت,,,TN17,North East,الشمال الشرقي,,,TN1,Tunisie,,,,TN,2022-11-15,,v01,fr,ar,,,POINT (9.374739003000002 37.15372281499998)
4,El Hachachna,الحشاشنة,,,9.28578788,37.12935842,El Hachachna,الحشاشنة,,,TN175454,Sejnane,سجنان,,,TN1754,Bizerte,بنزرت,,,TN17,North East,الشمال الشرقي,,,TN1,Tunisie,,,,TN,2022-11-15,,v01,fr,ar,,,POINT (9.285787882000022 37.129358421000006)
4,Sehabna,السحابنة,,,9.14108632,37.09392281,Sehabna,السحابنة,,,TN175455,Sejnane,سجنان,,,TN1754,Bizerte,بنزرت,,,TN17,North East,الشمال الشرقي,,,TN1,Tunisie,,,,TN,2022-11-15,,v01,fr,ar,,,POINT (9.14108631900001 37.09392280600002)
4,Sidi Mechrek,سيدي مشرق,,,9.15525045,37.16287083,Sidi Mechrek,سيدي مشرق,,,TN175456,Sejnane,سجنان,,,TN1754,Bizerte,بنزرت,,,TN17,North East,الشمال الشرقي,,,TN1,Tunisie,,,,TN,2022-11-15,,v01,fr,ar,,,POINT (9.155250453000008 37.16287083499998)
4,Amaden,أمادن,,,9.35376604,37.21220809,Amaden,أمادن,,,TN175457,Sejnane,سجنان,,,TN1754,Bizerte,بنزرت,,,TN17,North East,الشمال الشرقي,,,TN1,Tunisie,,,,TN,2022-11-15,,v01,fr,ar,,,POINT (9.353766037000014 37.212208093000015)
4,Mechargua,المشارقة,,,9.20881851,37.13602868,Mechargua,المشارقة,,,TN175458,Sejnane,سجنان,,,TN1754,Bizerte,بنزرت,,,TN17,North East,الشمال الشرقي,,,TN1,Tunisie,,,,TN,2022-11-15,,v01,fr,ar,,,POINT (9.208818511999993 37.13602867999998)
4,Ouled Ghanem,أولاد غانم,,,9.36518074,36.99000841,Ouled Ghanem,أولاد غانم,,,TN175551,Joumine,جومين,,,TN1755,Bizerte,بنزرت,,,TN17,North East,الشمال الشرقي,,,TN1,Tunisie,,,,TN,2022-11-15,,v01,fr,ar,,,POINT (9.365180735000024 36.990008406000015)
4,Essemman,السمان,,,9.37900997,36.91365167,Essemman,السمان,,,TN175552,Joumine,جومين,,,TN1755,Bizerte,بنزرت,,,TN17,North East,الشمال الشرقي,,,TN1,Tunisie,,,,TN,2022-11-15,,v01,fr,ar,,,POINT (9.379009970000027 36.913651664999975)
4,Chenana,الشنانة,,,9.33135539,36.93663609,Chenana,الشنانة,,,TN175553,Joumine,جومين,,,TN1755,Bizerte,بنزرت,,,TN17,North East,الشمال الشرقي,,,TN1,Tunisie,,,,TN,2022-11-15,,v01,fr,ar,,,POINT (9.331355391999978 36.93663608999998)
4,Tahent,تاهنت,,,9.50014401,36.89733405,Tahent,تاهنت,,,TN175554,Joumine,جومين,,,TN1755,Bizerte,بنزرت,,,TN17,North East,الشمال الشرقي,,,TN1,Tunisie,,,,TN,2022-11-15,,v01,fr,ar,,,POINT (9.500144014 36.897334049999984)
4,Kef Ghrab,كاف غراب,,,9.44264876,36.86912657,Kef Ghrab,كاف غراب,,,TN175555,Joumine,جومين,,,TN1755,Bizerte,بنزرت,,,TN17,North East,الشمال الشرقي,,,TN1,Tunisie,,,,TN,2022-11-15,,v01,fr,ar,,,POINT (9.442648758000018 36.86912657200003)
4,Berraies,بالرايس,,,9.43622102,36.79183846,Berraies,بالرايس,,,TN175556,Joumine,جومين,,,TN1755,Bizerte,بنزرت,,,TN17,North East,الشمال الشرقي,,,TN1,Tunisie,,,,TN,2022-11-15,,v01,fr,ar,,,POINT (9.436221021999984 36.791838462999976)
4,Touajnia,الطواجنية,,,9.24007695,36.97493279,Touajnia,الطواجنية,,,TN175557,Joumine,جومين,,,TN1755,Bizerte,بنزرت,,,TN17,North East,الشمال الشرقي,,,TN1,Tunisie,,,,TN,2022-11-15,,v01,fr,ar,,,POINT (9.240076949000013 36.97493279399998)
4,Bazina,بازينة,,,9.29869171,36.95821075,Bazina,بازينة,,,TN175558,Joumine,جومين,,,TN1755,Bizerte,بنزرت,,,TN17,North East,الشمال الشرقي,,,TN1,Tunisie,,,,TN,2022-11-15,,v01,fr,ar,,,POINT (9.298691713999972 36.95821074700001)
4,Rouaha,رواحة,,,9.3000742,36.90656308,Rouaha,رواحة,,,TN175559,Joumine,جومين,,,TN1755,Bizerte,بنزرت,,,TN17,North East,الشمال الشرقي,,,TN1,Tunisie,,,,TN,2022-11-15,,v01,fr,ar,,,POINT (9.300074199999983 36.90656308400003)
4,Mateur,ماطر,,,9.68122493,37.03706206,Mateur,ماطر,,,TN175651,Mateur,ماطر,,,TN1756,Bizerte,بنزرت,,,TN17,North East,الشمال الشرقي,,,TN1,Tunisie,,,,TN,2022-11-15,,v01,fr,ar,,,POINT (9.681224934 37.037062058000004)
4,Banlieue De Mateur,أحواز ماطر,,,9.6726091,37.07826852,Banlieue De Mateur,أحواز ماطر,,,TN175652,Mateur,ماطر,,,TN1756,Bizerte,بنزرت,,,TN17,North East,الشمال الشرقي,,,TN1,Tunisie,,,,TN,2022-11-15,,v01,fr,ar,,,POINT (9.672609100999978 37.078268525)
4,Mateur Sud,ماطر الجنوبية,,,9.660135,37.03962384,Mateur Sud,ماطر الجنوبية,,,TN175653,Mateur,ماطر,,,TN1756,Bizerte,بنزرت,,,TN17,North East,الشمال الشرقي,,,TN1,Tunisie,,,,TN,2022-11-15,,v01,fr,ar,,,POINT (9.660134995000021 37.039623843000015)
4,Cite En Nasr,حي النصر,,,9.61950769,37.05337463,Cite En Nasr,حي النصر,,,TN175654,Mateur,ماطر,,,TN1756,Bizerte,بنزرت,,,TN17,North East,الشمال الشرقي,,,TN1,Tunisie,,,,TN,2022-11-15,,v01,fr,ar,,,POINT (9.619507689999978 37.05337462900002)
4,Nefat,نفات,,,9.74935895,37.04771264,Nefat,نفات,,,TN175655,Mateur,ماطر,,,TN1756,Bizerte,بنزرت,,,TN17,North East,الشمال الشرقي,,,TN1,Tunisie,,,,TN,2022-11-15,,v01,fr,ar,,,POINT (9.749358948999998 37.04771263700002)
4,Cite Essadaka,حي الصداقة,,,9.65316779,37.04527763,Cite Essadaka,حي الصداقة,,,TN175656,Mateur,ماطر,,,TN1756,Bizerte,بنزرت,,,TN17,North East,الشمال الشرقي,,,TN1,Tunisie,,,,TN,2022-11-15,,v01,fr,ar,,,POINT (9.653167793000023 37.04527763300001)
4,Targuellache,ترقلاش,,,9.76252937,36.95589289,Targuellache,ترقلاش,,,TN175657,Mateur,ماطر,,,TN1756,Bizerte,بنزرت,,,TN17,North East,الشمال الشرقي,,,TN1,Tunisie,,,,TN,2022-11-15,,v01,fr,ar,,,POINT (9.762529367000013 36.955892886000015)
4,Arab Majour,عرب ماجور,,,9.67225697,36.95408124,Arab Majour,عرب ماجور,,,TN175658,Mateur,ماطر,,,TN1756,Bizerte,بنزرت,,,TN17,North East,الشمال الشرقي,,,TN1,Tunisie,,,,TN,2022-11-15,,v01,fr,ar,,,POINT (9.67225696700001 36.95408124099998)
4,Behaya,بهاية,,,9.56743022,36.94364405,Behaya,بهاية,,,TN175659,Mateur,ماطر,,,TN1756,Bizerte,بنزرت,,,TN17,North East,الشمال الشرقي,,,TN1,Tunisie,,,,TN,2022-11-15,,v01,fr,ar,,,POINT (9.56743021699998 36.94364405099998)
4,Boumkhila,بومخيلة,,,9.56701746,37.00427371,Boumkhila,بومخيلة,,,TN175660,Mateur,ماطر,,,TN1756,Bizerte,بنزرت,,,TN17,North East,الشمال الشرقي,,,TN1,Tunisie,,,,TN,2022-11-15,,v01,fr,ar,,,POINT (9.567017454999984 37.004273705)
4,Ghezala,غزالة,,,9.5838744,37.10645557,Ghezala,غزالة,,,TN175751,Ghazala,غزالة,,,TN1757,Bizerte,بنزرت,,,TN17,North East,الشمال الشرقي,,,TN1,Tunisie,,,,TN,2022-11-15,,v01,fr,ar,,,POINT (9.583874401999992 37.106455568)
4,El Arab,العرب,,,9.54808834,37.15582771,El Arab,العرب,,,TN175752,Ghazala,غزالة,,,TN1757,Bizerte,بنزرت,,,TN17,North East,الشمال الشرقي,,,TN1,Tunisie,,,,TN,2022-11-15,,v01,fr,ar,,,POINT (9.548088334999989 37.15582771099997)
4,Dheouaouda,الذواودة,,,9.402942,37.02088409,Dheouaouda,الذواودة,,,TN175753,Ghazala,غزالة,,,TN1757,Bizerte,بنزرت,,,TN17,North East,الشمال الشرقي,,,TN1,Tunisie,,,,TN,2022-11-15,,v01,fr,ar,,,POINT (9.402942005 37.020884088)
4,Hached,حشاد,,,9.57443825,37.05711639,Hached,حشاد,,,TN175754,Ghazala,غزالة,,,TN1757,Bizerte,بنزرت,,,TN17,North East,الشمال الشرقي,,,TN1,Tunisie,,,,TN,2022-11-15,,v01,fr,ar,,,POINT (9.574438250000014 37.05711638499997)
4,Ouled El May,أولاد الماي,,,9.43404664,37.14162691,Ouled El May,أولاد الماي,,,TN175755,Ghazala,غزالة,,,TN1757,Bizerte,بنزرت,,,TN17,North East,الشمال الشرقي,,,TN1,Tunisie,,,,TN,2022-11-15,,v01,fr,ar,,,POINT (9.434046637999984 37.14162691299998)
4,Sidi Aissa,سيدي عيسى,,,9.48265166,37.11291121,Sidi Aissa,سيدي عيسى,,,TN175756,Ghazala,غزالة,,,TN1757,Bizerte,بنزرت,,,TN17,North East,الشمال الشرقي,,,TN1,Tunisie,,,,TN,2022-11-15,,v01,fr,ar,,,POINT (9.482651658000009 37.11291120599998)
4,Rakb,ركب,,,9.49041879,37.04272416,Rakb,ركب,,,TN175757,Ghazala,غزالة,,,TN1757,Bizerte,بنزرت,,,TN17,North East,الشمال الشرقي,,,TN1,Tunisie,,,,TN,2022-11-15,,v01,fr,ar,,,POINT (9.49041878700001 37.042724163)
4,Bou Jerir,بوجرير,,,9.38095317,37.06406071,Bou Jerir,بوجرير,,,TN175758,Ghazala,غزالة,,,TN1757,Bizerte,بنزرت,,,TN17,North East,الشمال الشرقي,,,TN1,Tunisie,,,,TN,2022-11-15,,v01,fr,ar,,,POINT (9.380953169000009 37.06406070899999)
4,Sidi Mansour,سيدي منصور,,,9.47561812,36.99305585,Sidi Mansour,سيدي منصور,,,TN175759,Ghazala,غزالة,,,TN1757,Bizerte,بنزرت,,,TN17,North East,الشمال الشرقي,,,TN1,Tunisie,,,,TN,2022-11-15,,v01,fr,ar,,,POINT (9.475618123999993 36.99305585100001)
4,En-Najah (1),النجاح 1,,,9.77885198,37.15207219,En-Najah (1),النجاح 1,,,TN175851,Menzel Bourguiba,منزل بورقيبة,,,TN1758,Bizerte,بنزرت,,,TN17,North East,الشمال الشرقي,,,TN1,Tunisie,,,,TN,2022-11-15,,v01,fr,ar,,,POINT (9.778851984000028 37.15207219400003)
4,Gabtna (1),قبطنة 1,,,9.88004973,37.12000286,Gabtna (1),قبطنة 1,,,TN175852,Menzel Bourguiba,منزل بورقيبة,,,TN1758,Bizerte,بنزرت,,,TN17,North East,الشمال الشرقي,,,TN1,Tunisie,,,,TN,2022-11-15,,v01,fr,ar,,,POINT (9.880049731999975 37.120002856999974)
4,Gabtna (2),قبطنة 2,,,9.82388559,37.08552845,Gabtna (2),قبطنة 2,,,TN175853,Menzel Bourguiba,منزل بورقيبة,,,TN1758,Bizerte,بنزرت,,,TN17,North East,الشمال الشرقي,,,TN1,Tunisie,,,,TN,2022-11-15,,v01,fr,ar,,,POINT (9.823885587000007 37.08552844500002)
4,Cite Etthaoura,حي الثورة,,,9.79422322,37.14637912,Cite Etthaoura,حي الثورة,,,TN175854,Menzel Bourguiba,منزل بورقيبة,,,TN1758,Bizerte,بنزرت,,,TN17,North East,الشمال الشرقي,,,TN1,Tunisie,,,,TN,2022-11-15,,v01,fr,ar,,,POINT (9.794223218000013 37.14637911900002)
4,En-Najah (2),النجاح 2,,,9.77712276,37.14212921,En-Najah (2),النجاح 2,,,TN175855,Menzel Bourguiba,منزل بورقيبة,,,TN1758,Bizerte,بنزرت,,,TN17,North East,الشمال الشرقي,,,TN1,Tunisie,,,,TN,2022-11-15,,v01,fr,ar,,,POINT (9.777122755999983 37.14212920799997)
4,El Medina,المدينة,,,9.80264485,37.14981121,El Medina,المدينة,,,TN175856,Menzel Bourguiba,منزل بورقيبة,,,TN1758,Bizerte,بنزرت,,,TN17,North East,الشمال الشرقي,,,TN1,Tunisie,,,,TN,2022-11-15,,v01,fr,ar,,,POINT (9.802644851000025 37.149811209000006)
4,Chelagmia,الشلاغمية,,,9.79291031,37.13483394,Chelagmia,الشلاغمية,,,TN175857,Menzel Bourguiba,منزل بورقيبة,,,TN1758,Bizerte,بنزرت,,,TN17,North East,الشمال الشرقي,,,TN1,Tunisie,,,,TN,2022-11-15,,v01,fr,ar,,,POINT (9.79291030600001 37.134833936999996)
4,Cite Jardins,حي الحدائق,,,9.78750725,37.16298825,Cite Jardins,حي الحدائق,,,TN175858,Menzel Bourguiba,منزل بورقيبة,,,TN1758,Bizerte,بنزرت,,,TN17,North East,الشمال الشرقي,,,TN1,Tunisie,,,,TN,2022-11-15,,v01,fr,ar,,,POINT (9.787507252000012 37.16298824900002)
4,Tinja,تينجة,,,9.76198217,37.14847483,Tinja,تينجة,,,TN175951,Tinja,تينجة,,,TN1759,Bizerte,بنزرت,,,TN17,North East,الشمال الشرقي,,,TN1,Tunisie,,,,TN,2022-11-15,,v01,fr,ar,,,POINT (9.761982166999985 37.14847483099999)
4,Guengla,قنقلة,,,9.77787433,37.17308089,Guengla,قنقلة,,,TN175952,Tinja,تينجة,,,TN1759,Bizerte,بنزرت,,,TN17,North East,الشمال الشرقي,,,TN1,Tunisie,,,,TN,2022-11-15,,v01,fr,ar,,,POINT (9.777874327000006 37.173080888000015)
4,Ez-Zarour,الزعرور,,,9.74716611,37.10789306,Ez-Zarour,الزعرور,,,TN175953,Tinja,تينجة,,,TN1759,Bizerte,بنزرت,,,TN17,North East,الشمال الشرقي,,,TN1,Tunisie,,,,TN,2022-11-15,,v01,fr,ar,,,POINT (9.747166108999977 37.10789305899999)
4,Utique,أوتيك,,,10.05492746,37.05821447,Utique,أوتيك,,,TN176051,Utique,أوتيك,,,TN1760,Bizerte,بنزرت,,,TN17,North East,الشمال الشرقي,,,TN1,Tunisie,,,,TN,2022-11-15,,v01,fr,ar,,,POINT (10.054927463000013 37.05821447300002)
4,Nouvelle Utique,أوتيك الجديدة,,,10.11786189,37.11601917,Nouvelle Utique,أوتيك الجديدة,,,TN176052,Utique,أوتيك,,,TN1760,Bizerte,بنزرت,,,TN17,North East,الشمال الشرقي,,,TN1,Tunisie,,,,TN,2022-11-15,,v01,fr,ar,,,POINT (10.117861891000018 37.116019170000015)
4,Besbassia,البسباسية,,,9.92594035,37.06778741,Besbassia,البسباسية,,,TN176053,Utique,أوتيك,,,TN1760,Bizerte,بنزرت,,,TN17,North East,الشمال الشرقي,,,TN1,Tunisie,,,,TN,2022-11-15,,v01,fr,ar,,,POINT (9.925940352999987 37.06778741400001)
4,El Houidh,الحويض,,,9.97668558,37.07311886,El Houidh,الحويض,,,TN176054,Utique,أوتيك,,,TN1760,Bizerte,بنزرت,,,TN17,North East,الشمال الشرقي,,,TN1,Tunisie,,,,TN,2022-11-15,,v01,fr,ar,,,POINT (9.976685583000005 37.07311886399998)
4,El Mabtouh,المطبوح,,,9.93786819,36.97890098,El Mabtouh,المطبوح,,,TN176055,Utique,أوتيك,,,TN1760,Bizerte,بنزرت,,,TN17,North East,الشمال الشرقي,,,TN1,Tunisie,,,,TN,2022-11-15,,v01,fr,ar,,,POINT (9.937868190000017 36.97890097700002)
4,Ain Ghelal,عين غلال,,,9.86478504,37.03217782,Ain Ghelal,عين غلال,,,TN176056,Utique,أوتيك,,,TN1760,Bizerte,بنزرت,,,TN17,North East,الشمال الشرقي,,,TN1,Tunisie,,,,TN,2022-11-15,,v01,fr,ar,,,POINT (9.864785041999994 37.032177820000015)
4,Sidi Othman,سيدي عثمان,,,9.87174314,36.97271921,Sidi Othman,سيدي عثمان,,,TN176057,Utique,أوتيك,,,TN1760,Bizerte,بنزرت,,,TN17,North East,الشمال الشرقي,,,TN1,Tunisie,,,,TN,2022-11-15,,v01,fr,ar,,,POINT (9.871743134999974 36.972719211000026)
4,Bach Hamba,باش حانبة,,,9.98611186,36.95823207,Bach Hamba,باش حانبة,,,TN176058,Utique,أوتيك,,,TN1760,Bizerte,بنزرت,,,TN17,North East,الشمال الشرقي,,,TN1,Tunisie,,,,TN,2022-11-15,,v01,fr,ar,,,POINT (9.986111864999998 36.95823207500001)
4,Ghar El Meleh,غار الملح,,,10.23719928,37.16775046,Ghar El Meleh,غار الملح,,,TN176151,Ghar El Melh,غار الملح,,,TN1761,Bizerte,بنزرت,,,TN17,North East,الشمال الشرقي,,,TN1,Tunisie,,,,TN,2022-11-15,,v01,fr,ar,,,POINT (10.23719927899998 37.167750458)
4,Bajou,باجو,,,10.13022546,37.16451242,Bajou,باجو,,,TN176152,Ghar El Melh,غار الملح,,,TN1761,Bizerte,بنزرت,,,TN17,North East,الشمال الشرقي,,,TN1,Tunisie,,,,TN,2022-11-15,,v01,fr,ar,,,POINT (10.130225462999988 37.164512418000015)
4,Ousja,عوسجة,,,10.07853868,37.16881354,Ousja,عوسجة,,,TN176153,Ghar El Melh,غار الملح,,,TN1761,Bizerte,بنزرت,,,TN17,North East,الشمال الشرقي,,,TN1,Tunisie,,,,TN,2022-11-15,,v01,fr,ar,,,POINT (10.078538682999977 37.16881354200001)
4,Zouaouine,الزواوين,,,10.02719355,37.11580826,Zouaouine,الزواوين,,,TN176154,Ghar El Melh,غار الملح,,,TN1761,Bizerte,بنزرت,,,TN17,North East,الشمال الشرقي,,,TN1,Tunisie,,,,TN,2022-11-15,,v01,fr,ar,,,POINT (10.027193548000014 37.115808259000005)
4,Menzel Djemil Est,منزل جميل الشرقية,,,9.98570838,37.22094563,Menzel Djemil Est,منزل جميل الشرقية,,,TN176251,Menzel Jemil,منزل جميل,,,TN1762,Bizerte,بنزرت,,,TN17,North East,الشمال الشرقي,,,TN1,Tunisie,,,,TN,2022-11-15,,v01,fr,ar,,,POINT (9.985708380999995 37.22094562699999)
4,Menzel Djemil Ouest,منزل جميل الغربية,,,9.90162796,37.23453839,Menzel Djemil Ouest,منزل جميل الغربية,,,TN176252,Menzel Jemil,منزل جميل,,,TN1762,Bizerte,بنزرت,,,TN17,North East,الشمال الشرقي,,,TN1,Tunisie,,,,TN,2022-11-15,,v01,fr,ar,,,POINT (9.90162796200002 37.23453839199999)
4,Menzel Abderrahmen Est,منزل عبد الرحمان الشرقية,,,9.8700406,37.24342438,Menzel Abderrahmen Est,منزل عبد الرحمان الشرقية,,,TN176253,Menzel Jemil,منزل جميل,,,TN1762,Bizerte,بنزرت,,,TN17,North East,الشمال الشرقي,,,TN1,Tunisie,,,,TN,2022-11-15,,v01,fr,ar,,,POINT (9.870040598999992 37.243424377999986)
4,Menzel Abderrahmen Ouest,منزل عبد الرحمان الغربية,,,9.85021432,37.23841838,Menzel Abderrahmen Ouest,منزل عبد الرحمان الغربية,,,TN176254,Menzel Jemil,منزل جميل,,,TN1762,Bizerte,بنزرت,,,TN17,North East,الشمال الشرقي,,,TN1,Tunisie,,,,TN,2022-11-15,,v01,fr,ar,,,POINT (9.85021432100001 37.238418378999995)
4,El Azib,العزيب,,,9.9475419,37.18679508,El Azib,العزيب,,,TN176255,Menzel Jemil,منزل جميل,,,TN1762,Bizerte,بنزرت,,,TN17,North East,الشمال الشرقي,,,TN1,Tunisie,,,,TN,2022-11-15,,v01,fr,ar,,,POINT (9.947541897999997 37.186795080000024)
4,Sidi Ali Chabab,سيدي علي الشباب,,,10.04562364,37.19810104,Sidi Ali Chabab,سيدي علي الشباب,,,TN176351,El Alia,العالية,,,TN1763,Bizerte,بنزرت,,,TN17,North East,الشمال الشرقي,,,TN1,Tunisie,,,,TN,2022-11-15,,v01,fr,ar,,,POINT (10.04562364200001 37.198101038000004)
4,El Alia Nord,العالية الشمالية,,,10.0018036,37.17592851,El Alia Nord,العالية الشمالية,,,TN176352,El Alia,العالية,,,TN1763,Bizerte,بنزرت,,,TN17,North East,الشمال الشرقي,,,TN1,Tunisie,,,,TN,2022-11-15,,v01,fr,ar,,,POINT (10.001803596999991 37.175928509000016)
4,El Alia Sud,العالية الجنوبية,,,10.03340294,37.16023142,El Alia Sud,العالية الجنوبية,,,TN176353,El Alia,العالية,,,TN1763,Bizerte,بنزرت,,,TN17,North East,الشمال الشرقي,,,TN1,Tunisie,,,,TN,2022-11-15,,v01,fr,ar,,,POINT (10.033402944999978 37.16023142300003)
4,El Khetmine,الختمين,,,9.97184567,37.13817703,El Khetmine,الختمين,,,TN176354,El Alia,العالية,,,TN1763,Bizerte,بنزرت,,,TN17,North East,الشمال الشرقي,,,TN1,Tunisie,,,,TN,2022-11-15,,v01,fr,ar,,,POINT (9.971845669000004 37.138177031)
4,Ras El Djebel Nord,رأس الجبل الشمالية,,,10.14453814,37.21658756,Ras El Djebel Nord,رأس الجبل الشمالية,,,TN176451,Ras Jebel,راس الجبل,,,TN1764,Bizerte,بنزرت,,,TN17,North East,الشمال الشرقي,,,TN1,Tunisie,,,,TN,2022-11-15,,v01,fr,ar,,,POINT (10.14453813900002 37.21658756400001)
4,Ras El Djebel Sud,رأس الجبل الجنوبية,,,10.10538785,37.21200672,Ras El Djebel Sud,رأس الجبل الجنوبية,,,TN176452,Ras Jebel,راس الجبل,,,TN1764,Bizerte,بنزرت,,,TN17,North East,الشمال الشرقي,,,TN1,Tunisie,,,,TN,2022-11-15,,v01,fr,ar,,,POINT (10.105387850999989 37.21200672399999)
4,Metline,الماتلين,,,10.06773968,37.2422061,Metline,الماتلين,,,TN176453,Ras Jebel,راس الجبل,,,TN1764,Bizerte,بنزرت,,,TN17,North East,الشمال الشرقي,,,TN1,Tunisie,,,,TN,2022-11-15,,v01,fr,ar,,,POINT (10.06773967700002 37.242206098999986)
4,Metline Ouest,الماتلين الغربية,,,10.03117293,37.24021032,Metline Ouest,الماتلين الغربية,,,TN176454,Ras Jebel,راس الجبل,,,TN1764,Bizerte,بنزرت,,,TN17,North East,الشمال الشرقي,,,TN1,Tunisie,,,,TN,2022-11-15,,v01,fr,ar,,,POINT (10.031172928999979 37.240210323999975)
4,Sounine,صونين,,,10.16298594,37.20470494,Sounine,صونين,,,TN176455,Ras Jebel,راس الجبل,,,TN1764,Bizerte,بنزرت,,,TN17,North East,الشمال الشرقي,,,TN1,Tunisie,,,,TN,2022-11-15,,v01,fr,ar,,,POINT (10.162985939999999 37.20470493800002)
4,Rafraf,رفراف,,,10.16939789,37.19238495,Rafraf,رفراف,,,TN176456,Ras Jebel,راس الجبل,,,TN1764,Bizerte,بنزرت,,,TN17,North East,الشمال الشرقي,,,TN1,Tunisie,,,,TN,2022-11-15,,v01,fr,ar,,,POINT (10.169397893999985 37.19238495000002)
4,El Garia,القرية,,,10.03459974,37.21877288,El Garia,القرية,,,TN176457,Ras Jebel,راس الجبل,,,TN1764,Bizerte,بنزرت,,,TN17,North East,الشمال الشرقي,,,TN1,Tunisie,,,,TN,2022-11-15,,v01,fr,ar,,,POINT (10.034599742000012 37.21877288100001)
4,Beja,باجة,,,9.18282886,36.72578038,Beja,باجة,,,TN215151,Béja Nord,باجة الشمالية,,,TN2151,Béja,باجة,,,TN21,North West,الشمال الغربي,,,TN2,Tunisie,,,,TN,2022-11-15,,v01,fr,ar,,,POINT (9.182828855000025 36.72578038199998)
4,El Mzara,المزارة,,,9.19019379,36.73618531,El Mzara,المزارة,,,TN215152,Béja Nord,باجة الشمالية,,,TN2151,Béja,باجة,,,TN21,North West,الشمال الغربي,,,TN2,Tunisie,,,,TN,2022-11-15,,v01,fr,ar,,,POINT (9.190193787999988 36.73618530499999)
4,Ksar Bardo,قصر باردو,,,9.17520877,36.73510877,Ksar Bardo,قصر باردو,,,TN215153,Béja Nord,باجة الشمالية,,,TN2151,Béja,باجة,,,TN21,North West,الشمال الغربي,,,TN2,Tunisie,,,,TN,2022-11-15,,v01,fr,ar,,,POINT (9.175208773000008 36.73510876900002)
4,Zouabi,الزوابي,,,9.17458904,36.72787939,Zouabi,الزوابي,,,TN215154,Béja Nord,باجة الشمالية,,,TN2151,Béja,باجة,,,TN21,North West,الشمال الغربي,,,TN2,Tunisie,,,,TN,2022-11-15,,v01,fr,ar,,,POINT (9.174589043000026 36.72787938800002)
4,El Manar,المنار,,,9.16961819,36.7338835,El Manar,المنار,,,TN215155,Béja Nord,باجة الشمالية,,,TN2151,Béja,باجة,,,TN21,North West,الشمال الغربي,,,TN2,Tunisie,,,,TN,2022-11-15,,v01,fr,ar,,,POINT (9.169618194000009 36.733883495999976)
4,El Kasba,القصبة,,,9.17563535,36.7207632,El Kasba,القصبة,,,TN215156,Béja Nord,باجة الشمالية,,,TN2151,Béja,باجة,,,TN21,North West,الشمال الغربي,,,TN2,Tunisie,,,,TN,2022-11-15,,v01,fr,ar,,,POINT (9.175635353000018 36.720763202)
4,Azra,عزرة,,,9.15608094,36.75223373,Azra,عزرة,,,TN215157,Béja Nord,باجة الشمالية,,,TN2151,Béja,باجة,,,TN21,North West,الشمال الغربي,,,TN2,Tunisie,,,,TN,2022-11-15,,v01,fr,ar,,,POINT (9.156080938999992 36.752233726999975)
4,El Ghriria,الغيرية,,,9.10905518,36.71803953,El Ghriria,الغيرية,,,TN215158,Béja Nord,باجة الشمالية,,,TN2151,Béja,باجة,,,TN21,North West,الشمال الغربي,,,TN2,Tunisie,,,,TN,2022-11-15,,v01,fr,ar,,,POINT (9.109055178999995 36.71803953199998)
4,El Mounchar,المنشار,,,9.28698924,36.74037416,El Mounchar,المنشار,,,TN215159,Béja Nord,باجة الشمالية,,,TN2151,Béja,باجة,,,TN21,North West,الشمال الغربي,,,TN2,Tunisie,,,,TN,2022-11-15,,v01,fr,ar,,,POINT (9.286989244999972 36.74037415999999)
4,Ksar Mezouar,قصر مزوار,,,9.33540159,36.82826643,Ksar Mezouar,قصر مزوار,,,TN215160,Béja Nord,باجة الشمالية,,,TN2151,Béja,باجة,,,TN21,North West,الشمال الغربي,,,TN2,Tunisie,,,,TN,2022-11-15,,v01,fr,ar,,,POINT (9.335401586999978 36.828266428000006)
4,Bou Hzam,بوحزام,,,9.23253943,36.79578698,Bou Hzam,بوحزام,,,TN215161,Béja Nord,باجة الشمالية,,,TN2151,Béja,باجة,,,TN21,North West,الشمال الغربي,,,TN2,Tunisie,,,,TN,2022-11-15,,v01,fr,ar,,,POINT (9.232539426000017 36.79578698400002)
4,En-Nakachia,النقاشية,,,9.25417644,36.85785204,En-Nakachia,النقاشية,,,TN215162,Béja Nord,باجة الشمالية,,,TN2151,Béja,باجة,,,TN21,North West,الشمال الغربي,,,TN2,Tunisie,,,,TN,2022-11-15,,v01,fr,ar,,,POINT (9.254176438000002 36.85785203699999)
4,El Ghraba,الغرابة,,,9.20634023,36.89208907,El Ghraba,الغرابة,,,TN215163,Béja Nord,باجة الشمالية,,,TN2151,Béja,باجة,,,TN21,North West,الشمال الغربي,,,TN2,Tunisie,,,,TN,2022-11-15,,v01,fr,ar,,,POINT (9.206340226999998 36.89208907400001)
4,Ain Soltane,عين سلطان,,,9.15680349,36.81429448,Ain Soltane,عين سلطان,,,TN215164,Béja Nord,باجة الشمالية,,,TN2151,Béja,باجة,,,TN21,North West,الشمال الغربي,,,TN2,Tunisie,,,,TN,2022-11-15,,v01,fr,ar,,,POINT (9.156803492999984 36.81429448)
4,Sidi Fredj,سيدي فرج,,,9.19605448,36.72203792,Sidi Fredj,سيدي فرج,,,TN215251,Béja Sud,باجة الجنوبية,,,TN2152,Béja,باجة,,,TN21,North West,الشمال الغربي,,,TN2,Tunisie,,,,TN,2022-11-15,,v01,fr,ar,,,POINT (9.196054474999983 36.72203792099998)
4,El Haouari,الهواري,,,9.18524791,36.71837219,El Haouari,الهواري,,,TN215252,Béja Sud,باجة الجنوبية,,,TN2152,Béja,باجة,,,TN21,North West,الشمال الغربي,,,TN2,Tunisie,,,,TN,2022-11-15,,v01,fr,ar,,,POINT (9.185247913000012 36.718372191000014)
4,El Maagoula,المعقولة,,,9.20302964,36.7073778,El Maagoula,المعقولة,,,TN215253,Béja Sud,باجة الجنوبية,,,TN2152,Béja,باجة,,,TN21,North West,الشمال الغربي,,,TN2,Tunisie,,,,TN,2022-11-15,,v01,fr,ar,,,POINT (9.203029641 36.70737780000002)
4,Hammam Siala,حمام سيالة,,,9.16609269,36.67751609,Hammam Siala,حمام سيالة,,,TN215254,Béja Sud,باجة الجنوبية,,,TN2152,Béja,باجة,,,TN21,North West,الشمال الغربي,,,TN2,Tunisie,,,,TN,2022-11-15,,v01,fr,ar,,,POINT (9.166092687999992 36.67751609200002)
4,Sidi Smail,سيدي إسماعيل,,,9.15188225,36.5784013,Sidi Smail,سيدي إسماعيل,,,TN215255,Béja Sud,باجة الجنوبية,,,TN2152,Béja,باجة,,,TN21,North West,الشمال الغربي,,,TN2,Tunisie,,,,TN,2022-11-15,,v01,fr,ar,,,POINT (9.151882252000007 36.57840129700003)
4,Mekhachbia,المخشبية,,,9.28126102,36.67662045,Mekhachbia,المخشبية,,,TN215256,Béja Sud,باجة الجنوبية,,,TN2152,Béja,باجة,,,TN21,North West,الشمال الغربي,,,TN2,Tunisie,,,,TN,2022-11-15,,v01,fr,ar,,,POINT (9.28126101700002 36.676620448999984)
4,Sidi Es-Shili,سيدي السهيلي,,,9.11270199,36.62533146,Sidi Es-Shili,سيدي السهيلي,,,TN215257,Béja Sud,باجة الجنوبية,,,TN2152,Béja,باجة,,,TN21,North West,الشمال الغربي,,,TN2,Tunisie,,,,TN,2022-11-15,,v01,fr,ar,,,POINT (9.112701985000001 36.62533146300001)
4,Zouagha,زواغة,,,9.07470589,36.65787858,Zouagha,زواغة,,,TN215258,Béja Sud,باجة الجنوبية,,,TN2152,Béja,باجة,,,TN21,North West,الشمال الغربي,,,TN2,Tunisie,,,,TN,2022-11-15,,v01,fr,ar,,,POINT (9.074705893999976 36.65787858099998)
4,Mestouta,مستوتة,,,9.21758024,36.60467014,Mestouta,مستوتة,,,TN215259,Béja Sud,باجة الجنوبية,,,TN2152,Béja,باجة,,,TN21,North West,الشمال الغربي,,,TN2,Tunisie,,,,TN,2022-11-15,,v01,fr,ar,,,POINT (9.217580237999982 36.60467013700003)
4,Zahret Medien,زهرة مدين,,,9.08896788,36.78193976,Zahret Medien,زهرة مدين,,,TN215351,Amdoun,عمدون,,,TN2153,Béja,باجة,,,TN21,North West,الشمال الغربي,,,TN2,Tunisie,,,,TN,2022-11-15,,v01,fr,ar,,,POINT (9.088967876000027 36.781939756999975)
4,Zahret Medien Sud,زهرة مدين الجنوبية,,,9.0877087,36.76025852,Zahret Medien Sud,زهرة مدين الجنوبية,,,TN215352,Amdoun,عمدون,,,TN2153,Béja,باجة,,,TN21,North West,الشمال الغربي,,,TN2,Tunisie,,,,TN,2022-11-15,,v01,fr,ar,,,POINT (9.087708697999972 36.76025851600002)
4,El Fraijia,الفرايجية,,,8.98306965,36.82260387,El Fraijia,الفرايجية,,,TN215353,Amdoun,عمدون,,,TN2153,Béja,باجة,,,TN21,North West,الشمال الغربي,,,TN2,Tunisie,,,,TN,2022-11-15,,v01,fr,ar,,,POINT (8.983069651999983 36.82260387500003)
4,El Ghorfa,الغرفة,,,8.95721926,36.81657894,El Ghorfa,الغرفة,,,TN215354,Amdoun,عمدون,,,TN2153,Béja,باجة,,,TN21,North West,الشمال الغربي,,,TN2,Tunisie,,,,TN,2022-11-15,,v01,fr,ar,,,POINT (8.957219263000013 36.81657894199998)
4,Romadhnia,الرماضنية,,,8.99947984,36.77939441,Romadhnia,الرماضنية,,,TN215355,Amdoun,عمدون,,,TN2153,Béja,باجة,,,TN21,North West,الشمال الغربي,,,TN2,Tunisie,,,,TN,2022-11-15,,v01,fr,ar,,,POINT (8.999479844000007 36.77939441400002)
4,Maghraoua,مغراوة,,,8.94870795,36.77865142,Maghraoua,مغراوة,,,TN215356,Amdoun,عمدون,,,TN2153,Béja,باجة,,,TN21,North West,الشمال الغربي,,,TN2,Tunisie,,,,TN,2022-11-15,,v01,fr,ar,,,POINT (8.948707950000028 36.77865142000002)
4,Sabah,صباح,,,9.07665098,36.80032151,Sabah,صباح,,,TN215357,Amdoun,عمدون,,,TN2153,Béja,باجة,,,TN21,North West,الشمال الغربي,,,TN2,Tunisie,,,,TN,2022-11-15,,v01,fr,ar,,,POINT (9.076650975000007 36.80032151400002)
4,El Mejaless,المجالس,,,9.05789577,36.81946901,El Mejaless,المجالس,,,TN215358,Amdoun,عمدون,,,TN2153,Béja,باجة,,,TN21,North West,الشمال الغربي,,,TN2,Tunisie,,,,TN,2022-11-15,,v01,fr,ar,,,POINT (9.057895772999984 36.819469013)
4,El Hamra,الحمراء,,,9.04066092,36.86642573,El Hamra,الحمراء,,,TN215359,Amdoun,عمدون,,,TN2153,Béja,باجة,,,TN21,North West,الشمال الغربي,,,TN2,Tunisie,,,,TN,2022-11-15,,v01,fr,ar,,,POINT (9.040660924000008 36.866425729000014)
4,Ghazia,غزية,,,9.10799652,36.81666265,Ghazia,غزية,,,TN215360,Amdoun,عمدون,,,TN2153,Béja,باجة,,,TN21,North West,الشمال الغربي,,,TN2,Tunisie,,,,TN,2022-11-15,,v01,fr,ar,,,POINT (9.107996518999983 36.816662655000016)
4,Malek,مالك,,,9.03794991,36.79724057,Malek,مالك,,,TN215361,Amdoun,عمدون,,,TN2153,Béja,باجة,,,TN21,North West,الشمال الغربي,,,TN2,Tunisie,,,,TN,2022-11-15,,v01,fr,ar,,,POINT (9.037949905000005 36.797240569999985)
4,Tarhouni,الطرهوني,,,9.05337638,36.6934043,Tarhouni,الطرهوني,,,TN215362,Amdoun,عمدون,,,TN2153,Béja,باجة,,,TN21,North West,الشمال الغربي,,,TN2,Tunisie,,,,TN,2022-11-15,,v01,fr,ar,,,POINT (9.053376378999985 36.6934043)
4,El Goussa,القوسة,,,9.04009043,36.75367229,El Goussa,القوسة,,,TN215363,Amdoun,عمدون,,,TN2153,Béja,باجة,,,TN21,North West,الشمال الغربي,,,TN2,Tunisie,,,,TN,2022-11-15,,v01,fr,ar,,,POINT (9.040090427999985 36.75367228499999)
4,El Djouza,الجوزة,,,9.01245442,36.85044981,El Djouza,الجوزة,,,TN215364,Amdoun,عمدون,,,TN2153,Béja,باجة,,,TN21,North West,الشمال الغربي,,,TN2,Tunisie,,,,TN,2022-11-15,,v01,fr,ar,,,POINT (9.012454423000008 36.85044981499999)
4,Nefza Est,نفزة الشرقية,,,9.08343128,36.98889181,Nefza Est,نفزة الشرقية,,,TN215451,Nefza,نفزة,,,TN2154,Béja,باجة,,,TN21,North West,الشمال الغربي,,,TN2,Tunisie,,,,TN,2022-11-15,,v01,fr,ar,,,POINT (9.083431275999999 36.988891814)
4,Nefza Ouest,نفزة الغربية,,,9.04811473,36.98212704,Nefza Ouest,نفزة الغربية,,,TN215452,Nefza,نفزة,,,TN2154,Béja,باجة,,,TN21,North West,الشمال الغربي,,,TN2,Tunisie,,,,TN,2022-11-15,,v01,fr,ar,,,POINT (9.048114735000013 36.98212704100001)
4,Ouachtata,وشتاتة,,,8.95794271,36.93530098,Ouachtata,وشتاتة,,,TN215453,Nefza,نفزة,,,TN2154,Béja,باجة,,,TN21,North West,الشمال الغربي,,,TN2,Tunisie,,,,TN,2022-11-15,,v01,fr,ar,,,POINT (8.957942714000012 36.935300977)
4,Kap Negro,كاب النيقرو,,,9.03176508,37.09036414,Kap Negro,كاب النيقرو,,,TN215454,Nefza,نفزة,,,TN2154,Béja,باجة,,,TN21,North West,الشمال الغربي,,,TN2,Tunisie,,,,TN,2022-11-15,,v01,fr,ar,,,POINT (9.031765077999978 37.090364136000005)
4,Ezzouaraa,الزوارع,,,8.96061628,36.99584566,Ezzouaraa,الزوارع,,,TN215455,Nefza,نفزة,,,TN2154,Béja,باجة,,,TN21,North West,الشمال الغربي,,,TN2,Tunisie,,,,TN,2022-11-15,,v01,fr,ar,,,POINT (8.96061628000001 36.995845664)
4,Bou-Zenna,بوزنة,,,9.16863212,36.98293569,Bou-Zenna,بوزنة,,,TN215456,Nefza,نفزة,,,TN2154,Béja,باجة,,,TN21,North West,الشمال الغربي,,,TN2,Tunisie,,,,TN,2022-11-15,,v01,fr,ar,,,POINT (9.168632118000005 36.98293568600002)
4,Maktaa Hadid,مقطع حديد,,,8.99547765,37.05191248,Maktaa Hadid,مقطع حديد,,,TN215457,Nefza,نفزة,,,TN2154,Béja,باجة,,,TN21,North West,الشمال الغربي,,,TN2,Tunisie,,,,TN,2022-11-15,,v01,fr,ar,,,POINT (8.995477650999987 37.05191247699997)
4,Bellif,بالليف,,,9.06917979,37.02396109,Bellif,بالليف,,,TN215458,Nefza,نفزة,,,TN2154,Béja,باجة,,,TN21,North West,الشمال الغربي,,,TN2,Tunisie,,,,TN,2022-11-15,,v01,fr,ar,,,POINT (9.069179788999975 37.023961094000015)
4,Djebel Ediss,جبل الديس,,,9.15508298,37.02018555,Djebel Ediss,جبل الديس,,,TN215459,Nefza,نفزة,,,TN2154,Béja,باجة,,,TN21,North West,الشمال الغربي,,,TN2,Tunisie,,,,TN,2022-11-15,,v01,fr,ar,,,POINT (9.155082976000017 37.02018555000001)
4,Fatnassa,فطناسة,,,9.21521809,36.94000034,Fatnassa,فطناسة,,,TN215460,Nefza,نفزة,,,TN2154,Béja,باجة,,,TN21,North West,الشمال الغربي,,,TN2,Tunisie,,,,TN,2022-11-15,,v01,fr,ar,,,POINT (9.215218087999972 36.94000033999998)
4,Ghayadha,غياضة,,,9.15363051,36.93581961,Ghayadha,غياضة,,,TN215461,Nefza,نفزة,,,TN2154,Béja,باجة,,,TN21,North West,الشمال الغربي,,,TN2,Tunisie,,,,TN,2022-11-15,,v01,fr,ar,,,POINT (9.153630506000013 36.935819605999995)
4,Zaga,زاقة,,,9.02606942,36.92420369,Zaga,زاقة,,,TN215462,Nefza,نفزة,,,TN2154,Béja,باجة,,,TN21,North West,الشمال الغربي,,,TN2,Tunisie,,,,TN,2022-11-15,,v01,fr,ar,,,POINT (9.026069420999988 36.924203689000024)
4,Tebaba,الطبابة,,,9.07640104,36.88852812,Tebaba,الطبابة,,,TN215463,Nefza,نفزة,,,TN2154,Béja,باجة,,,TN21,North West,الشمال الغربي,,,TN2,Tunisie,,,,TN,2022-11-15,,v01,fr,ar,,,POINT (9.076401039000018 36.888528122000025)
4,Oued El Maaden,وادي المعدن,,,9.11922843,36.85611163,Oued El Maaden,وادي المعدن,,,TN215464,Nefza,نفزة,,,TN2154,Béja,باجة,,,TN21,North West,الشمال الغربي,,,TN2,Tunisie,,,,TN,2022-11-15,,v01,fr,ar,,,POINT (9.119228427999985 36.856111629)
4,Djamila,الجميلة,,,9.07196435,36.9442963,Djamila,الجميلة,,,TN215465,Nefza,نفزة,,,TN2154,Béja,باجة,,,TN21,North West,الشمال الغربي,,,TN2,Tunisie,,,,TN,2022-11-15,,v01,fr,ar,,,POINT (9.071964346000016 36.944296296999994)
4,Dehiret,الظهيرات,,,9.11958757,36.94310055,Dehiret,الظهيرات,,,TN215466,Nefza,نفزة,,,TN2154,Béja,باجة,,,TN21,North West,الشمال الغربي,,,TN2,Tunisie,,,,TN,2022-11-15,,v01,fr,ar,,,POINT (9.119587566999996 36.94310054599998)
4,Teboursouk Ville,تبرسق المدينة,,,9.25855367,36.456397,Teboursouk Ville,تبرسق المدينة,,,TN215551,Téboursouk,تبرسق,,,TN2155,Béja,باجة,,,TN21,North West,الشمال الغربي,,,TN2,Tunisie,,,,TN,2022-11-15,,v01,fr,ar,,,POINT (9.258553671000016 36.456397003000006)
4,Ain El Karma,عين الكرمة,,,9.25171307,36.46810498,Ain El Karma,عين الكرمة,,,TN215552,Téboursouk,تبرسق,,,TN2155,Béja,باجة,,,TN21,North West,الشمال الغربي,,,TN2,Tunisie,,,,TN,2022-11-15,,v01,fr,ar,,,POINT (9.251713073000019 36.46810498399998)
4,El Menchia,المنشية,,,9.2033133,36.45377896,El Menchia,المنشية,,,TN215553,Téboursouk,تبرسق,,,TN2155,Béja,باجة,,,TN21,North West,الشمال الغربي,,,TN2,Tunisie,,,,TN,2022-11-15,,v01,fr,ar,,,POINT (9.20331330099998 36.45377895500002)
4,Dougga,دقة,,,9.24582908,36.39060297,Dougga,دقة,,,TN215554,Téboursouk,تبرسق,,,TN2155,Béja,باجة,,,TN21,North West,الشمال الغربي,,,TN2,Tunisie,,,,TN,2022-11-15,,v01,fr,ar,,,POINT (9.245829080000021 36.390602969999975)
4,Rihana,ريحانة,,,9.13116851,36.42733372,Rihana,ريحانة,,,TN215555,Téboursouk,تبرسق,,,TN2155,Béja,باجة,,,TN21,North West,الشمال الغربي,,,TN2,Tunisie,,,,TN,2022-11-15,,v01,fr,ar,,,POINT (9.131168511999988 36.42733371999998)
4,Ain El Melliti,عين المليتي,,,9.19340781,36.50430682,Ain El Melliti,عين المليتي,,,TN215556,Téboursouk,تبرسق,,,TN2155,Béja,باجة,,,TN21,North West,الشمال الغربي,,,TN2,Tunisie,,,,TN,2022-11-15,,v01,fr,ar,,,POINT (9.193407811999975 36.504306815999996)
4,Fadden Es-Souk,فدان السوق,,,9.31651844,36.4128479,Fadden Es-Souk,فدان السوق,,,TN215557,Téboursouk,تبرسق,,,TN2155,Béja,باجة,,,TN21,North West,الشمال الغربي,,,TN2,Tunisie,,,,TN,2022-11-15,,v01,fr,ar,,,POINT (9.316518444999986 36.412847898999985)
4,Ain El Hammam,عين الحمام,,,9.15665606,36.40138051,Ain El Hammam,عين الحمام,,,TN215558,Téboursouk,تبرسق,,,TN2155,Béja,باجة,,,TN21,North West,الشمال الغربي,,,TN2,Tunisie,,,,TN,2022-11-15,,v01,fr,ar,,,POINT (9.156656054999985 36.401380512)
4,Ain Djammala,عين جمالة,,,9.29890697,36.48305389,Ain Djammala,عين جمالة,,,TN215559,Téboursouk,تبرسق,,,TN2155,Béja,باجة,,,TN21,North West,الشمال الغربي,,,TN2,Tunisie,,,,TN,2022-11-15,,v01,fr,ar,,,POINT (9.298906966000004 36.48305388799997)
4,Bir Ettouta,بئر التوتة,,,9.25896143,36.52583432,Bir Ettouta,بئر التوتة,,,TN215560,Téboursouk,تبرسق,,,TN2155,Béja,باجة,,,TN21,North West,الشمال الغربي,,,TN2,Tunisie,,,,TN,2022-11-15,,v01,fr,ar,,,POINT (9.258961434000014 36.52583431900001)
4,Tibar,تيبار,,,9.12192431,36.52822238,Tibar,تيبار,,,TN215651,Thibar,تيبار,,,TN2156,Béja,باجة,,,TN21,North West,الشمال الغربي,,,TN2,Tunisie,,,,TN,2022-11-15,,v01,fr,ar,,,POINT (9.121924314000012 36.52822238300001)
4,Djebba,دجبة,,,9.11503722,36.48099404,Djebba,دجبة,,,TN215652,Thibar,تيبار,,,TN2156,Béja,باجة,,,TN21,North West,الشمال الغربي,,,TN2,Tunisie,,,,TN,2022-11-15,,v01,fr,ar,,,POINT (9.115037219999977 36.480994040999974)
4,Ain Ed-Defali,عين الدفالي,,,9.06637809,36.47510164,Ain Ed-Defali,عين الدفالي,,,TN215653,Thibar,تيبار,,,TN2156,Béja,باجة,,,TN21,North West,الشمال الغربي,,,TN2,Tunisie,,,,TN,2022-11-15,,v01,fr,ar,,,POINT (9.06637809199998 36.47510163999999)
4,En-Nechima,النشيمة,,,9.08743267,36.5724926,En-Nechima,النشيمة,,,TN215654,Thibar,تيبار,,,TN2156,Béja,باجة,,,TN21,North West,الشمال الغربي,,,TN2,Tunisie,,,,TN,2022-11-15,,v01,fr,ar,,,POINT (9.08743266800002 36.572492598)
4,Testour,تستور,,,9.45967794,36.54657215,Testour,تستور,,,TN215751,Testour,تستور,,,TN2157,Béja,باجة,,,TN21,North West,الشمال الغربي,,,TN2,Tunisie,,,,TN,2022-11-15,,v01,fr,ar,,,POINT (9.459677935999991 36.54657215100002)
4,Ibn Zeydoun,إبن زيدون,,,9.42359795,36.54041125,Ibn Zeydoun,إبن زيدون,,,TN215752,Testour,تستور,,,TN2157,Béja,باجة,,,TN21,North West,الشمال الغربي,,,TN2,Tunisie,,,,TN,2022-11-15,,v01,fr,ar,,,POINT (9.423597948999998 36.540411253)
4,Cite 26 Fevrier,حي 26 فيفري,,,9.44475984,36.54657029,Cite 26 Fevrier,حي 26 فيفري,,,TN215753,Testour,تستور,,,TN2157,Béja,باجة,,,TN21,North West,الشمال الغربي,,,TN2,Tunisie,,,,TN,2022-11-15,,v01,fr,ar,,,POINT (9.444759842999986 36.54657028600002)
4,Mezougha,مزوغة,,,9.33822533,36.6089611,Mezougha,مزوغة,,,TN215754,Testour,تستور,,,TN2157,Béja,باجة,,,TN21,North West,الشمال الغربي,,,TN2,Tunisie,,,,TN,2022-11-15,,v01,fr,ar,,,POINT (9.338225326999975 36.60896110099998)
4,Zeldou,زلدو,,,9.29583984,36.58147971,Zeldou,زلدو,,,TN215755,Testour,تستور,,,TN2157,Béja,باجة,,,TN21,North West,الشمال الغربي,,,TN2,Tunisie,,,,TN,2022-11-15,,v01,fr,ar,,,POINT (9.295839844999989 36.58147970900001)
4,Ouled Salama,أولاد سلامة,,,9.51131508,36.49282622,Ouled Salama,أولاد سلامة,,,TN215756,Testour,تستور,,,TN2157,Béja,باجة,,,TN21,North West,الشمال الغربي,,,TN2,Tunisie,,,,TN,2022-11-15,,v01,fr,ar,,,POINT (9.511315077000006 36.49282622200002)
4,Es-Slouguia,السلوقية,,,9.5420567,36.56372664,Es-Slouguia,السلوقية,,,TN215757,Testour,تستور,,,TN2157,Béja,باجة,,,TN21,North West,الشمال الغربي,,,TN2,Tunisie,,,,TN,2022-11-15,,v01,fr,ar,,,POINT (9.542056702000025 36.56372663899998)
4,Ain Younes,عين يونس,,,9.40405376,36.49989093,Ain Younes,عين يونس,,,TN215758,Testour,تستور,,,TN2157,Béja,باجة,,,TN21,North West,الشمال الغربي,,,TN2,Tunisie,,,,TN,2022-11-15,,v01,fr,ar,,,POINT (9.404053759000021 36.49989092599998)
4,Es-Sekhira,الصخيرة,,,9.43014504,36.59806594,Es-Sekhira,الصخيرة,,,TN215759,Testour,تستور,,,TN2157,Béja,باجة,,,TN21,North West,الشمال الغربي,,,TN2,Tunisie,,,,TN,2022-11-15,,v01,fr,ar,,,POINT (9.430145044000028 36.598065942000005)
4,Oued Ezzargua,وادي الزرقاء,,,9.43353173,36.64995177,Oued Ezzargua,وادي الزرقاء,,,TN215760,Testour,تستور,,,TN2157,Béja,باجة,,,TN21,North West,الشمال الغربي,,,TN2,Tunisie,,,,TN,2022-11-15,,v01,fr,ar,,,POINT (9.433531732000006 36.64995177100002)
4,Sidi Abdelaziz,سيدي عبد العزيز,,,9.49702661,36.64920362,Sidi Abdelaziz,سيدي عبد العزيز,,,TN215761,Testour,تستور,,,TN2157,Béja,باجة,,,TN21,North West,الشمال الغربي,,,TN2,Tunisie,,,,TN,2022-11-15,,v01,fr,ar,,,POINT (9.497026609999978 36.64920361899999)
4,Sidi Ameur,سيدي عامر,,,9.39445941,36.68628961,Sidi Ameur,سيدي عامر,,,TN215762,Testour,تستور,,,TN2157,Béja,باجة,,,TN21,North West,الشمال الغربي,,,TN2,Tunisie,,,,TN,2022-11-15,,v01,fr,ar,,,POINT (9.394459407 36.68628961000002)
4,Goubellat,قبلاط,,,9.68537299,36.54635434,Goubellat,قبلاط,,,TN215851,Goubellat,قبلاط,,,TN2158,Béja,باجة,,,TN21,North West,الشمال الغربي,,,TN2,Tunisie,,,,TN,2022-11-15,,v01,fr,ar,,,POINT (9.685372991999998 36.54635434400001)
4,El Gammarthi,القمرتي,,,9.63789146,36.54552049,El Gammarthi,القمرتي,,,TN215852,Goubellat,قبلاط,,,TN2158,Béja,باجة,,,TN21,North West,الشمال الغربي,,,TN2,Tunisie,,,,TN,2022-11-15,,v01,fr,ar,,,POINT (9.637891463000017 36.54552049099999)
4,Guerram,قرام,,,9.58058901,36.49645593,Guerram,قرام,,,TN215853,Goubellat,قبلاط,,,TN2158,Béja,باجة,,,TN21,North West,الشمال الغربي,,,TN2,Tunisie,,,,TN,2022-11-15,,v01,fr,ar,,,POINT (9.580589013999997 36.496455932)
4,Dour Esmail,دور إسماعيل,,,9.78180548,36.54747286,Dour Esmail,دور إسماعيل,,,TN215854,Goubellat,قبلاط,,,TN2158,Béja,باجة,,,TN21,North West,الشمال الغربي,,,TN2,Tunisie,,,,TN,2022-11-15,,v01,fr,ar,,,POINT (9.781805481999982 36.54747286000003)
4,Bir El Euch,بئر العش,,,9.62993101,36.45958653,Bir El Euch,بئر العش,,,TN215855,Goubellat,قبلاط,,,TN2158,Béja,باجة,,,TN21,North West,الشمال الغربي,,,TN2,Tunisie,,,,TN,2022-11-15,,v01,fr,ar,,,POINT (9.629931014000022 36.459586530000024)
4,Kheniguet Ed-Dahane,خنقية الدهان,,,9.69985465,36.46333138,Kheniguet Ed-Dahane,خنقية الدهان,,,TN215856,Goubellat,قبلاط,,,TN2158,Béja,باجة,,,TN21,North West,الشمال الغربي,,,TN2,Tunisie,,,,TN,2022-11-15,,v01,fr,ar,,,POINT (9.699854646000006 36.46333138099999)
4,Khacheb,خشاب,,,9.71421764,36.59172605,Khacheb,خشاب,,,TN215857,Goubellat,قبلاط,,,TN2158,Béja,باجة,,,TN21,North West,الشمال الغربي,,,TN2,Tunisie,,,,TN,2022-11-15,,v01,fr,ar,,,POINT (9.714217641999994 36.59172604600002)
4,Cheikh El Ouediane,شيخ الوديان,,,9.71426215,36.50237336,Cheikh El Ouediane,شيخ الوديان,,,TN215858,Goubellat,قبلاط,,,TN2158,Béja,باجة,,,TN21,North West,الشمال الغربي,,,TN2,Tunisie,,,,TN,2022-11-15,,v01,fr,ar,,,POINT (9.714262148999978 36.502373358)
4,Medjez El Bab Ville,مجاز الباب المدينة,,,9.58943792,36.61686152,Medjez El Bab Ville,مجاز الباب المدينة,,,TN215951,Mejez El Bab,مجاز الباب,,,TN2159,Béja,باجة,,,TN21,North West,الشمال الغربي,,,TN2,Tunisie,,,,TN,2022-11-15,,v01,fr,ar,,,POINT (9.589437916000008 36.61686151800001)
4,Medjez El Bab Sud,مجاز الباب الجنوبية,,,9.57985116,36.63337558,Medjez El Bab Sud,مجاز الباب الجنوبية,,,TN215952,Mejez El Bab,مجاز الباب,,,TN2159,Béja,باجة,,,TN21,North West,الشمال الغربي,,,TN2,Tunisie,,,,TN,2022-11-15,,v01,fr,ar,,,POINT (9.579851157000007 36.63337557900002)
4,Sidi Medien,سيدي مدين,,,9.74821321,36.63957563,Sidi Medien,سيدي مدين,,,TN215953,Mejez El Bab,مجاز الباب,,,TN2159,Béja,باجة,,,TN21,North West,الشمال الغربي,,,TN2,Tunisie,,,,TN,2022-11-15,,v01,fr,ar,,,POINT (9.748213209000028 36.63957562799999)
4,El Ksar,القصر,,,9.52916208,36.78357461,El Ksar,القصر,,,TN215954,Mejez El Bab,مجاز الباب,,,TN2159,Béja,باجة,,,TN21,North West,الشمال الغربي,,,TN2,Tunisie,,,,TN,2022-11-15,,v01,fr,ar,,,POINT (9.529162078000013 36.78357461000002)
4,El Heri,الهري,,,9.64336883,36.7167902,El Heri,الهري,,,TN215955,Mejez El Bab,مجاز الباب,,,TN2159,Béja,باجة,,,TN21,North West,الشمال الغربي,,,TN2,Tunisie,,,,TN,2022-11-15,,v01,fr,ar,,,POINT (9.643368828000007 36.71679019999999)
4,Tokaber,توكابر,,,9.51407844,36.70586949,Tokaber,توكابر,,,TN215956,Mejez El Bab,مجاز الباب,,,TN2159,Béja,باجة,,,TN21,North West,الشمال الغربي,,,TN2,Tunisie,,,,TN,2022-11-15,,v01,fr,ar,,,POINT (9.514078435999977 36.70586949300002)
4,Chaouach,شواش,,,9.56074733,36.71907513,Chaouach,شواش,,,TN215957,Mejez El Bab,مجاز الباب,,,TN2159,Béja,باجة,,,TN21,North West,الشمال الغربي,,,TN2,Tunisie,,,,TN,2022-11-15,,v01,fr,ar,,,POINT (9.56074732799999 36.71907513299999)
4,Sidi Nasr,سيدي نصر,,,9.58565393,36.6933028,Sidi Nasr,سيدي نصر,,,TN215958,Mejez El Bab,مجاز الباب,,,TN2159,Béja,باجة,,,TN21,North West,الشمال الغربي,,,TN2,Tunisie,,,,TN,2022-11-15,,v01,fr,ar,,,POINT (9.585653931000024 36.693302797)
4,Sidi Ahmed El Jedidi,سيدي أحمد الجديدي,,,9.54603227,36.65820696,Sidi Ahmed El Jedidi,سيدي أحمد الجديدي,,,TN215959,Mejez El Bab,مجاز الباب,,,TN2159,Béja,باجة,,,TN21,North West,الشمال الغربي,,,TN2,Tunisie,,,,TN,2022-11-15,,v01,fr,ar,,,POINT (9.546032267999976 36.65820696499998)
4,El Gueriaat,القريعات,,,9.75215905,36.69120387,El Gueriaat,القريعات,,,TN215960,Mejez El Bab,مجاز الباب,,,TN2159,Béja,باجة,,,TN21,North West,الشمال الغربي,,,TN2,Tunisie,,,,TN,2022-11-15,,v01,fr,ar,,,POINT (9.752159050999978 36.69120387200002)
4,Hidouss,حيدوس,,,9.57409988,36.75720942,Hidouss,حيدوس,,,TN215961,Mejez El Bab,مجاز الباب,,,TN2159,Béja,باجة,,,TN21,North West,الشمال الغربي,,,TN2,Tunisie,,,,TN,2022-11-15,,v01,fr,ar,,,POINT (9.574099880000006 36.75720942100003)
4,El Mouatiss,المواطيس,,,9.64914936,36.66491738,El Mouatiss,المواطيس,,,TN215962,Mejez El Bab,مجاز الباب,,,TN2159,Béja,باجة,,,TN21,North West,الشمال الغربي,,,TN2,Tunisie,,,,TN,2022-11-15,,v01,fr,ar,,,POINT (9.649149363999982 36.66491738100001)
4,Guerich El Ouedi,قريش الوادي,,,9.70396954,36.69474426,Guerich El Ouedi,قريش الوادي,,,TN215963,Mejez El Bab,مجاز الباب,,,TN2159,Béja,باجة,,,TN21,North West,الشمال الغربي,,,TN2,Tunisie,,,,TN,2022-11-15,,v01,fr,ar,,,POINT (9.703969540000003 36.69474425999999)
4,Sidi Erraies,سيدي الرايس,,,9.63134093,36.61337259,Sidi Erraies,سيدي الرايس,,,TN215964,Mejez El Bab,مجاز الباب,,,TN2159,Béja,باجة,,,TN21,North West,الشمال الغربي,,,TN2,Tunisie,,,,TN,2022-11-15,,v01,fr,ar,,,POINT (9.63134093399998 36.613372588000004)
4,Ezzeghaida,الزغايدة,,,8.77408286,36.50341454,Ezzeghaida,الزغايدة,,,TN225151,Jendouba Sud,جندوبة,,,TN2251,Jendouba,جندوبة,,,TN22,North West,الشمال الغربي,,,TN2,Tunisie,,,,TN,2022-11-15,,v01,fr,ar,,,POINT (8.77408286299999 36.50341454199997)
4,Jendouba Sud,جندوبة الجنوبية,,,8.78222189,36.49691992,Jendouba Sud,جندوبة الجنوبية,,,TN225152,Jendouba Sud,جندوبة,,,TN2251,Jendouba,جندوبة,,,TN22,North West,الشمال الغربي,,,TN2,Tunisie,,,,TN,2022-11-15,,v01,fr,ar,,,POINT (8.782221886999992 36.49691992300001)
4,En-Nour,النور,,,8.78750464,36.50826436,En-Nour,النور,,,TN225153,Jendouba Sud,جندوبة,,,TN2251,Jendouba,جندوبة,,,TN22,North West,الشمال الغربي,,,TN2,Tunisie,,,,TN,2022-11-15,,v01,fr,ar,,,POINT (8.787504637999973 36.508264365)
4,Es-Saada,السعادة,,,8.76111797,36.45352692,Es-Saada,السعادة,,,TN225154,Jendouba Sud,جندوبة,,,TN2251,Jendouba,جندوبة,,,TN22,North West,الشمال الغربي,,,TN2,Tunisie,,,,TN,2022-11-15,,v01,fr,ar,,,POINT (8.761117965999972 36.45352692)
4,El Malga,الملقى,,,8.82944948,36.50301335,El Malga,الملقى,,,TN225155,Jendouba Sud,جندوبة,,,TN2251,Jendouba,جندوبة,,,TN22,North West,الشمال الغربي,,,TN2,Tunisie,,,,TN,2022-11-15,,v01,fr,ar,,,POINT (8.829449479000004 36.50301335400002)
4,Ettataouer,التطور,,,8.80146121,36.47353833,Ettataouer,التطور,,,TN225156,Jendouba Sud,جندوبة,,,TN2251,Jendouba,جندوبة,,,TN22,North West,الشمال الغربي,,,TN2,Tunisie,,,,TN,2022-11-15,,v01,fr,ar,,,POINT (8.801461206999988 36.47353833400001)
4,Souk Es-Sebt,سوق السبت,,,8.89992151,36.47982946,Souk Es-Sebt,سوق السبت,,,TN225157,Jendouba Sud,جندوبة,,,TN2251,Jendouba,جندوبة,,,TN22,North West,الشمال الغربي,,,TN2,Tunisie,,,,TN,2022-11-15,,v01,fr,ar,,,POINT (8.899921514000027 36.47982945799998)
4,El Aitha,العيثة,,,8.87797153,36.46998543,El Aitha,العيثة,,,TN225158,Jendouba Sud,جندوبة,,,TN2251,Jendouba,جندوبة,,,TN22,North West,الشمال الغربي,,,TN2,Tunisie,,,,TN,2022-11-15,,v01,fr,ar,,,POINT (8.877971532999993 36.469985425999994)
4,Ain Karima,عين الكريمة,,,8.85929706,36.4472094,Ain Karima,عين الكريمة,,,TN225159,Jendouba Sud,جندوبة,,,TN2251,Jendouba,جندوبة,,,TN22,North West,الشمال الغربي,,,TN2,Tunisie,,,,TN,2022-11-15,,v01,fr,ar,,,POINT (8.859297057999981 36.44720940399998)
4,Maalla,معلة,,,8.80638568,36.42270622,Maalla,معلة,,,TN225160,Jendouba Sud,جندوبة,,,TN2251,Jendouba,جندوبة,,,TN22,North West,الشمال الغربي,,,TN2,Tunisie,,,,TN,2022-11-15,,v01,fr,ar,,,POINT (8.806385679000016 36.42270622299998)
4,El-Jerif,الجريف,,,8.71276692,36.43078399,El-Jerif,الجريف,,,TN225161,Jendouba Sud,جندوبة,,,TN2251,Jendouba,جندوبة,,,TN22,North West,الشمال الغربي,,,TN2,Tunisie,,,,TN,2022-11-15,,v01,fr,ar,,,POINT (8.712766923000004 36.43078399500001)
4,El Azima,العزيمة,,,8.87241106,36.54464419,El Azima,العزيمة,,,TN225162,Jendouba Sud,جندوبة,,,TN2251,Jendouba,جندوبة,,,TN22,North West,الشمال الغربي,,,TN2,Tunisie,,,,TN,2022-11-15,,v01,fr,ar,,,POINT (8.872411063000015 36.54464418800001)
4,El Ferdous,الفردوس,,,8.72491008,36.51150282,El Ferdous,الفردوس,,,TN225251,Jendouba Nord,جندوبة الشمالية,,,TN2252,Jendouba,جندوبة,,,TN22,North West,الشمال الغربي,,,TN2,Tunisie,,,,TN,2022-11-15,,v01,fr,ar,,,POINT (8.724910083999987 36.51150282100002)
4,El Hedi Ben Hassine,الهادي بن حسين,,,8.76955908,36.52046878,El Hedi Ben Hassine,الهادي بن حسين,,,TN225252,Jendouba Nord,جندوبة الشمالية,,,TN2252,Jendouba,جندوبة,,,TN22,North West,الشمال الغربي,,,TN2,Tunisie,,,,TN,2022-11-15,,v01,fr,ar,,,POINT (8.76955908299999 36.52046878300001)
4,Ezzouhour,الزهور,,,8.83833476,36.57196285,Ezzouhour,الزهور,,,TN225253,Jendouba Nord,جندوبة الشمالية,,,TN2252,Jendouba,جندوبة,,,TN22,North West,الشمال الغربي,,,TN2,Tunisie,,,,TN,2022-11-15,,v01,fr,ar,,,POINT (8.838334760999999 36.57196284600002)
4,El Khadhra,الخضراء,,,8.70495856,36.48223464,El Khadhra,الخضراء,,,TN225254,Jendouba Nord,جندوبة الشمالية,,,TN2252,Jendouba,جندوبة,,,TN22,North West,الشمال الغربي,,,TN2,Tunisie,,,,TN,2022-11-15,,v01,fr,ar,,,POINT (8.704958561000012 36.48223464)
4,Es-Souani,السواني,,,8.66932975,36.52827516,Es-Souani,السواني,,,TN225255,Jendouba Nord,جندوبة الشمالية,,,TN2252,Jendouba,جندوبة,,,TN22,North West,الشمال الغربي,,,TN2,Tunisie,,,,TN,2022-11-15,,v01,fr,ar,,,POINT (8.669329747999996 36.52827515600001)
4,Bulla-Regja,بلاريجيا,,,8.7737946,36.55216012,Bulla-Regja,بلاريجيا,,,TN225256,Jendouba Nord,جندوبة الشمالية,,,TN2252,Jendouba,جندوبة,,,TN22,North West,الشمال الغربي,,,TN2,Tunisie,,,,TN,2022-11-15,,v01,fr,ar,,,POINT (8.773794598999984 36.55216012300002)
4,Zatfoura,زطفورة,,,8.68095648,36.57096677,Zatfoura,زطفورة,,,TN225257,Jendouba Nord,جندوبة الشمالية,,,TN2252,Jendouba,جندوبة,,,TN22,North West,الشمال الغربي,,,TN2,Tunisie,,,,TN,2022-11-15,,v01,fr,ar,,,POINT (8.680956476999995 36.57096677499999)
4,Chemtou,شمتو,,,8.58322048,36.52451408,Chemtou,شمتو,,,TN225258,Jendouba Nord,جندوبة الشمالية,,,TN2252,Jendouba,جندوبة,,,TN22,North West,الشمال الغربي,,,TN2,Tunisie,,,,TN,2022-11-15,,v01,fr,ar,,,POINT (8.583220476999998 36.52451407799998)
4,Ed-Dir,الدير,,,8.54295814,36.57626007,Ed-Dir,الدير,,,TN225259,Jendouba Nord,جندوبة الشمالية,,,TN2252,Jendouba,جندوبة,,,TN22,North West,الشمال الغربي,,,TN2,Tunisie,,,,TN,2022-11-15,,v01,fr,ar,,,POINT (8.542958141999975 36.576260065999975)
4,Souk Djemaa,سوق الجمعة,,,8.59404591,36.57955164,Souk Djemaa,سوق الجمعة,,,TN225260,Jendouba Nord,جندوبة الشمالية,,,TN2252,Jendouba,جندوبة,,,TN22,North West,الشمال الغربي,,,TN2,Tunisie,,,,TN,2022-11-15,,v01,fr,ar,,,POINT (8.594045907999998 36.57955163899999)
4,Bou Salem Nord,بوسالم الشمالية,,,8.95329124,36.60466935,Bou Salem Nord,بوسالم الشمالية,,,TN225351,Bousalem,بوسالم,,,TN2253,Jendouba,جندوبة,,,TN22,North West,الشمال الغربي,,,TN2,Tunisie,,,,TN,2022-11-15,,v01,fr,ar,,,POINT (8.953291244000013 36.60466935300002)
4,Bou Salem Sud,بوسالم الجنوبية,,,8.98008741,36.60842433,Bou Salem Sud,بوسالم الجنوبية,,,TN225352,Bousalem,بوسالم,,,TN2253,Jendouba,جندوبة,,,TN22,North West,الشمال الغربي,,,TN2,Tunisie,,,,TN,2022-11-15,,v01,fr,ar,,,POINT (8.980087411 36.60842433099998)
4,Erroumani,الروماني,,,9.02722779,36.62455081,Erroumani,الروماني,,,TN225353,Bousalem,بوسالم,,,TN2253,Jendouba,جندوبة,,,TN22,North West,الشمال الغربي,,,TN2,Tunisie,,,,TN,2022-11-15,,v01,fr,ar,,,POINT (9.027227793000009 36.62455081000002)
4,El Brahmi,البراهمي,,,8.88284309,36.61029416,El Brahmi,البراهمي,,,TN225354,Bousalem,بوسالم,,,TN2253,Jendouba,جندوبة,,,TN22,North West,الشمال الغربي,,,TN2,Tunisie,,,,TN,2022-11-15,,v01,fr,ar,,,POINT (8.882843094000009 36.61029416299999)
4,El Marja,المرجى,,,8.93029955,36.53069186,El Marja,المرجى,,,TN225355,Bousalem,بوسالم,,,TN2253,Jendouba,جندوبة,,,TN22,North West,الشمال الغربي,,,TN2,Tunisie,,,,TN,2022-11-15,,v01,fr,ar,,,POINT (8.930299545000025 36.530691862000026)
4,Bir Lakhdar,البئر الأخضر,,,8.95023745,36.56819832,Bir Lakhdar,البئر الأخضر,,,TN225356,Bousalem,بوسالم,,,TN2253,Jendouba,جندوبة,,,TN22,North West,الشمال الغربي,,,TN2,Tunisie,,,,TN,2022-11-15,,v01,fr,ar,,,POINT (8.950237449999975 36.568198322)
4,El Koudia,الكدية,,,8.9962027,36.5479692,El Koudia,الكدية,,,TN225357,Bousalem,بوسالم,,,TN2253,Jendouba,جندوبة,,,TN22,North West,الشمال الغربي,,,TN2,Tunisie,,,,TN,2022-11-15,,v01,fr,ar,,,POINT (8.99620269799999 36.54796920299998)
4,El Msanghouche,المنقوش,,,9.04639033,36.55545484,El Msanghouche,المنقوش,,,TN225358,Bousalem,بوسالم,,,TN2253,Jendouba,جندوبة,,,TN22,North West,الشمال الغربي,,,TN2,Tunisie,,,,TN,2022-11-15,,v01,fr,ar,,,POINT (9.046390332999977 36.555454838)
4,Sidi Abid,سيدي عبيد,,,8.98700865,36.48447235,Sidi Abid,سيدي عبيد,,,TN225359,Bousalem,بوسالم,,,TN2253,Jendouba,جندوبة,,,TN22,North West,الشمال الغربي,,,TN2,Tunisie,,,,TN,2022-11-15,,v01,fr,ar,,,POINT (8.987008649000018 36.48447235399999)
4,Tabarka,طبرقة,,,8.74363889,36.94396764,Tabarka,طبرقة,,,TN225451,Tabarka,طبرقة,,,TN2254,Jendouba,جندوبة,,,TN22,North West,الشمال الغربي,,,TN2,Tunisie,,,,TN,2022-11-15,,v01,fr,ar,,,POINT (8.743638891999979 36.943967636000025)
4,Raihane,الريحان,,,8.74360907,36.88712849,Raihane,الريحان,,,TN225452,Tabarka,طبرقة,,,TN2254,Jendouba,جندوبة,,,TN22,North West,الشمال الغربي,,,TN2,Tunisie,,,,TN,2022-11-15,,v01,fr,ar,,,POINT (8.743609074999995 36.887128485999995)
4,El Hamdia,الحامدية,,,8.78391361,36.91782758,El Hamdia,الحامدية,,,TN225453,Tabarka,طبرقة,,,TN2254,Jendouba,جندوبة,,,TN22,North West,الشمال الغربي,,,TN2,Tunisie,,,,TN,2022-11-15,,v01,fr,ar,,,POINT (8.783913609000024 36.917827577000025)
4,El Hammam,الحمام,,,8.83745324,36.88714289,El Hammam,الحمام,,,TN225454,Tabarka,طبرقة,,,TN2254,Jendouba,جندوبة,,,TN22,North West,الشمال الغربي,,,TN2,Tunisie,,,,TN,2022-11-15,,v01,fr,ar,,,POINT (8.837453238000023 36.887142890999996)
4,Ain Es-Sobh,عين الصبح,,,8.87356824,36.96913009,Ain Es-Sobh,عين الصبح,,,TN225455,Tabarka,طبرقة,,,TN2254,Jendouba,جندوبة,,,TN22,North West,الشمال الغربي,,,TN2,Tunisie,,,,TN,2022-11-15,,v01,fr,ar,,,POINT (8.873568235999983 36.96913009399998)
4,Nadhour,الناظور,,,8.92198268,36.89618773,Nadhour,الناظور,,,TN225456,Tabarka,طبرقة,,,TN2254,Jendouba,جندوبة,,,TN22,North West,الشمال الغربي,,,TN2,Tunisie,,,,TN,2022-11-15,,v01,fr,ar,,,POINT (8.921982680999974 36.896187725000004)
4,Melloula,ملولة,,,8.68177542,36.93281666,Melloula,ملولة,,,TN225457,Tabarka,طبرقة,,,TN2254,Jendouba,جندوبة,,,TN22,North West,الشمال الغربي,,,TN2,Tunisie,,,,TN,2022-11-15,,v01,fr,ar,,,POINT (8.681775415999994 36.93281665699999)
4,Ain Es-Snoussi,عين السنوسي,,,8.92442009,36.84423212,Ain Es-Snoussi,عين السنوسي,,,TN225458,Tabarka,طبرقة,,,TN2254,Jendouba,جندوبة,,,TN22,North West,الشمال الغربي,,,TN2,Tunisie,,,,TN,2022-11-15,,v01,fr,ar,,,POINT (8.924420091999991 36.844232116)
4,Ain Drahem Ville,عين دراهم المدينة,,,8.68762711,36.77335783,Ain Drahem Ville,عين دراهم المدينة,,,TN225551,Aïn Draham,عين دراهم,,,TN2255,Jendouba,جندوبة,,,TN22,North West,الشمال الغربي,,,TN2,Tunisie,,,,TN,2022-11-15,,v01,fr,ar,,,POINT (8.687627108000015 36.773357826999984)
4,Ain Draham Banlieue,عين دراهم الأحواز,,,8.70757732,36.77095108,Ain Draham Banlieue,عين دراهم الأحواز,,,TN225552,Aïn Draham,عين دراهم,,,TN2255,Jendouba,جندوبة,,,TN22,North West,الشمال الغربي,,,TN2,Tunisie,,,,TN,2022-11-15,,v01,fr,ar,,,POINT (8.707577319999984 36.77095108100002)
4,Ouled Sedra,أولاد سدرة,,,8.69320321,36.84484666,Ouled Sedra,أولاد سدرة,,,TN225553,Aïn Draham,عين دراهم,,,TN2255,Jendouba,جندوبة,,,TN22,North West,الشمال الغربي,,,TN2,Tunisie,,,,TN,2022-11-15,,v01,fr,ar,,,POINT (8.69320320700001 36.84484666499998)
4,El Atatfa,العطاطفة,,,8.74297576,36.8176132,El Atatfa,العطاطفة,,,TN225554,Aïn Draham,عين دراهم,,,TN2255,Jendouba,جندوبة,,,TN22,North West,الشمال الغربي,,,TN2,Tunisie,,,,TN,2022-11-15,,v01,fr,ar,,,POINT (8.742975754999975 36.81761320200002)
4,El Homrane,الحمران,,,8.85660425,36.78457776,El Homrane,الحمران,,,TN225555,Aïn Draham,عين دراهم,,,TN2255,Jendouba,جندوبة,,,TN22,North West,الشمال الغربي,,,TN2,Tunisie,,,,TN,2022-11-15,,v01,fr,ar,,,POINT (8.856604251000022 36.784577755999976)
4,Etbainia,التباينية,,,8.74998653,36.76851232,Etbainia,التباينية,,,TN225556,Aïn Draham,عين دراهم,,,TN2255,Jendouba,جندوبة,,,TN22,North West,الشمال الغربي,,,TN2,Tunisie,,,,TN,2022-11-15,,v01,fr,ar,,,POINT (8.74998653199998 36.768512319000024)
4,Khemairia,الخمايرية,,,8.58655821,36.75138269,Khemairia,الخمايرية,,,TN225557,Aïn Draham,عين دراهم,,,TN2255,Jendouba,جندوبة,,,TN22,North West,الشمال الغربي,,,TN2,Tunisie,,,,TN,2022-11-15,,v01,fr,ar,,,POINT (8.586558208999975 36.75138268699999)
4,Selloul,سلول,,,8.64692661,36.71656123,Selloul,سلول,,,TN225558,Aïn Draham,عين دراهم,,,TN2255,Jendouba,جندوبة,,,TN22,North West,الشمال الغربي,,,TN2,Tunisie,,,,TN,2022-11-15,,v01,fr,ar,,,POINT (8.646926608000001 36.71656122899998)
4,Er-Rouii,الرويعي,,,8.53910798,36.74423097,Er-Rouii,الرويعي,,,TN225559,Aïn Draham,عين دراهم,,,TN2255,Jendouba,جندوبة,,,TN22,North West,الشمال الغربي,,,TN2,Tunisie,,,,TN,2022-11-15,,v01,fr,ar,,,POINT (8.539107978000004 36.74423096999999)
4,Tegma,تاقمة,,,8.50189814,36.72122848,Tegma,تاقمة,,,TN225560,Aïn Draham,عين دراهم,,,TN2255,Jendouba,جندوبة,,,TN22,North West,الشمال الغربي,,,TN2,Tunisie,,,,TN,2022-11-15,,v01,fr,ar,,,POINT (8.501898136000023 36.72122847700001)
4,Ain Salam,عين سلام,,,8.80114369,36.73660521,Ain Salam,عين سلام,,,TN225561,Aïn Draham,عين دراهم,,,TN2255,Jendouba,جندوبة,,,TN22,North West,الشمال الغربي,,,TN2,Tunisie,,,,TN,2022-11-15,,v01,fr,ar,,,POINT (8.801143685 36.73660520499999)
4,Oued Ezzan,وادي الزان,,,8.80553875,36.81096944,Oued Ezzan,وادي الزان,,,TN225562,Aïn Draham,عين دراهم,,,TN2255,Jendouba,جندوبة,,,TN22,North West,الشمال الغربي,,,TN2,Tunisie,,,,TN,2022-11-15,,v01,fr,ar,,,POINT (8.805538748999993 36.81096944400002)
4,Fernana,فرنانة,,,8.69155945,36.67401127,Fernana,فرنانة,,,TN225651,Fernana,فرنانة,,,TN2256,Jendouba,جندوبة,,,TN22,North West,الشمال الغربي,,,TN2,Tunisie,,,,TN,2022-11-15,,v01,fr,ar,,,POINT (8.691559445999985 36.674011269999994)
4,Oued Ghrib,وادي غريب,,,8.67169386,36.61084198,Oued Ghrib,وادي غريب,,,TN225652,Fernana,فرنانة,,,TN2256,Jendouba,جندوبة,,,TN22,North West,الشمال الغربي,,,TN2,Tunisie,,,,TN,2022-11-15,,v01,fr,ar,,,POINT (8.671693860999994 36.610841979999975)
4,Rabiaa,ربيعة,,,8.7577482,36.59398962,Rabiaa,ربيعة,,,TN225653,Fernana,فرنانة,,,TN2256,Jendouba,جندوبة,,,TN22,North West,الشمال الغربي,,,TN2,Tunisie,,,,TN,2022-11-15,,v01,fr,ar,,,POINT (8.75774819999998 36.59398962300003)
4,Ouled Mefada,أولاد مفدة,,,8.486346,36.65527098,Ouled Mefada,أولاد مفدة,,,TN225654,Fernana,فرنانة,,,TN2256,Jendouba,جندوبة,,,TN22,North West,الشمال الغربي,,,TN2,Tunisie,,,,TN,2022-11-15,,v01,fr,ar,,,POINT (8.48634599899998 36.65527097699999)
4,El Gouaidia,القوايدية,,,8.72042456,36.68620056,El Gouaidia,القوايدية,,,TN225655,Fernana,فرنانة,,,TN2256,Jendouba,جندوبة,,,TN22,North West,الشمال الغربي,,,TN2,Tunisie,,,,TN,2022-11-15,,v01,fr,ar,,,POINT (8.720424562000005 36.686200559999975)
4,Beni M'Tir,بني مطير,,,8.72593296,36.73095283,Beni M'Tir,بني مطير,,,TN225656,Fernana,فرنانة,,,TN2256,Jendouba,جندوبة,,,TN22,North West,الشمال الغربي,,,TN2,Tunisie,,,,TN,2022-11-15,,v01,fr,ar,,,POINT (8.72593296399998 36.73095282899999)
4,Gloub Ethirane,قلوب الثيران,,,8.60865544,36.63794528,Gloub Ethirane,قلوب الثيران,,,TN225657,Fernana,فرنانة,,,TN2256,Jendouba,جندوبة,,,TN22,North West,الشمال الغربي,,,TN2,Tunisie,,,,TN,2022-11-15,,v01,fr,ar,,,POINT (8.608655435000003 36.63794528400001)
4,Gloub Ethirane Nord,قلوب الثيران الشمالية,,,8.56349381,36.62885143,Gloub Ethirane Nord,قلوب الثيران الشمالية,,,TN225658,Fernana,فرنانة,,,TN2256,Jendouba,جندوبة,,,TN22,North West,الشمال الغربي,,,TN2,Tunisie,,,,TN,2022-11-15,,v01,fr,ar,,,POINT (8.563493807999976 36.62885142800002)
4,Hedhil,هذيل,,,8.62015228,36.6762664,Hedhil,هذيل,,,TN225659,Fernana,فرنانة,,,TN2256,Jendouba,جندوبة,,,TN22,North West,الشمال الغربي,,,TN2,Tunisie,,,,TN,2022-11-15,,v01,fr,ar,,,POINT (8.620152277999978 36.676266403)
4,El Adhar,العاذر,,,8.58475439,36.70301925,El Adhar,العاذر,,,TN225660,Fernana,فرنانة,,,TN2256,Jendouba,جندوبة,,,TN22,North West,الشمال الغربي,,,TN2,Tunisie,,,,TN,2022-11-15,,v01,fr,ar,,,POINT (8.584754385999986 36.703019247999976)
4,Jaouaouada,الجواودة,,,8.52169641,36.67988183,Jaouaouada,الجواودة,,,TN225661,Fernana,فرنانة,,,TN2256,Jendouba,جندوبة,,,TN22,North West,الشمال الغربي,,,TN2,Tunisie,,,,TN,2022-11-15,,v01,fr,ar,,,POINT (8.521696409000015 36.67988183099999)
4,Ain El Beya,عين البية,,,8.62741378,36.65532478,Ain El Beya,عين البية,,,TN225662,Fernana,فرنانة,,,TN2256,Jendouba,جندوبة,,,TN22,North West,الشمال الغربي,,,TN2,Tunisie,,,,TN,2022-11-15,,v01,fr,ar,,,POINT (8.627413777000015 36.65532477800002)
4,Bou Hertma,بوهرتمة,,,8.77707288,36.70183677,Bou Hertma,بوهرتمة,,,TN225663,Fernana,فرنانة,,,TN2256,Jendouba,جندوبة,,,TN22,North West,الشمال الغربي,,,TN2,Tunisie,,,,TN,2022-11-15,,v01,fr,ar,,,POINT (8.777072884000006 36.701836773000025)
4,Halima,حليمة,,,8.52492553,36.60984874,Halima,حليمة,,,TN225664,Fernana,فرنانة,,,TN2256,Jendouba,جندوبة,,,TN22,North West,الشمال الغربي,,,TN2,Tunisie,,,,TN,2022-11-15,,v01,fr,ar,,,POINT (8.524925532999987 36.60984873699999)
4,Sidi Ammar,سيدي عمار,,,8.73887919,36.62368981,Sidi Ammar,سيدي عمار,,,TN225665,Fernana,فرنانة,,,TN2256,Jendouba,جندوبة,,,TN22,North West,الشمال الغربي,,,TN2,Tunisie,,,,TN,2022-11-15,,v01,fr,ar,,,POINT (8.738879187000009 36.623689813)
4,Ghardimaou,غار الدماء,,,8.44454779,36.44677365,Ghardimaou,غار الدماء,,,TN225751,Ghardimaou,غار الدماء,,,TN2257,Jendouba,جندوبة,,,TN22,North West,الشمال الغربي,,,TN2,Tunisie,,,,TN,2022-11-15,,v01,fr,ar,,,POINT (8.444547795000005 36.446773647999976)
4,Ghardimaou Nord,غار الدماء الشمالية,,,8.43465567,36.45121628,Ghardimaou Nord,غار الدماء الشمالية,,,TN225752,Ghardimaou,غار الدماء,,,TN2257,Jendouba,جندوبة,,,TN22,North West,الشمال الغربي,,,TN2,Tunisie,,,,TN,2022-11-15,,v01,fr,ar,,,POINT (8.434655670999973 36.451216276000025)
4,El Maaden,المعدن,,,8.433102,36.58947391,El Maaden,المعدن,,,TN225753,Ghardimaou,غار الدماء,,,TN2257,Jendouba,جندوبة,,,TN22,North West,الشمال الغربي,,,TN2,Tunisie,,,,TN,2022-11-15,,v01,fr,ar,,,POINT (8.433101996999994 36.58947390700001)
4,Er-Rakha,الرخاء,,,8.42815925,36.43345835,Er-Rakha,الرخاء,,,TN225754,Ghardimaou,غار الدماء,,,TN2257,Jendouba,جندوبة,,,TN22,North West,الشمال الغربي,,,TN2,Tunisie,,,,TN,2022-11-15,,v01,fr,ar,,,POINT (8.42815925299999 36.43345835000002)
4,Ain Soltane,عين سلطان,,,8.33503005,36.52582785,Ain Soltane,عين سلطان,,,TN225755,Ghardimaou,غار الدماء,,,TN2257,Jendouba,جندوبة,,,TN22,North West,الشمال الغربي,,,TN2,Tunisie,,,,TN,2022-11-15,,v01,fr,ar,,,POINT (8.335030045999986 36.525827848999995)
4,Ouechtata,وشتاتة,,,8.24994227,36.50547069,Ouechtata,وشتاتة,,,TN225756,Ghardimaou,غار الدماء,,,TN2257,Jendouba,جندوبة,,,TN22,North West,الشمال الغربي,,,TN2,Tunisie,,,,TN,2022-11-15,,v01,fr,ar,,,POINT (8.249942275000024 36.50547069300001)
4,Ed-Daoura,الدورة,,,8.4584066,36.47232203,Ed-Daoura,الدورة,,,TN225757,Ghardimaou,غار الدماء,,,TN2257,Jendouba,جندوبة,,,TN22,North West,الشمال الغربي,,,TN2,Tunisie,,,,TN,2022-11-15,,v01,fr,ar,,,POINT (8.458406604999993 36.47232202700002)
4,Es-Sraia,الصرية,,,8.24963076,36.4606542,Es-Sraia,الصرية,,,TN225758,Ghardimaou,غار الدماء,,,TN2257,Jendouba,جندوبة,,,TN22,North West,الشمال الغربي,,,TN2,Tunisie,,,,TN,2022-11-15,,v01,fr,ar,,,POINT (8.249630761999981 36.46065420000002)
4,Forgassen,فرقصان,,,8.4184285,36.54880693,Forgassen,فرقصان,,,TN225759,Ghardimaou,غار الدماء,,,TN2257,Jendouba,جندوبة,,,TN22,North West,الشمال الغربي,,,TN2,Tunisie,,,,TN,2022-11-15,,v01,fr,ar,,,POINT (8.418428495 36.54880692900002)
4,Fej Hassine,فج حسين,,,8.4522339,36.3833626,Fej Hassine,فج حسين,,,TN225760,Ghardimaou,غار الدماء,,,TN2257,Jendouba,جندوبة,,,TN22,North West,الشمال الغربي,,,TN2,Tunisie,,,,TN,2022-11-15,,v01,fr,ar,,,POINT (8.452233895999996 36.38336259800002)
4,Mrassen,المراسن,,,8.41333241,36.49047325,Mrassen,المراسن,,,TN225761,Ghardimaou,غار الدماء,,,TN2257,Jendouba,جندوبة,,,TN22,North West,الشمال الغربي,,,TN2,Tunisie,,,,TN,2022-11-15,,v01,fr,ar,,,POINT (8.413332415000013 36.490473248)
4,El Galaa,القلعة,,,8.47398713,36.54977349,El Galaa,القلعة,,,TN225762,Ghardimaou,غار الدماء,,,TN2257,Jendouba,جندوبة,,,TN22,North West,الشمال الغربي,,,TN2,Tunisie,,,,TN,2022-11-15,,v01,fr,ar,,,POINT (8.47398713199999 36.54977348800003)
4,Oued Meliz Est,واد مليز الشرقية,,,8.56525609,36.44373272,Oued Meliz Est,واد مليز الشرقية,,,TN225851,Oued Mliz,وادي مليز,,,TN2258,Jendouba,جندوبة,,,TN22,North West,الشمال الغربي,,,TN2,Tunisie,,,,TN,2022-11-15,,v01,fr,ar,,,POINT (8.565256085999977 36.44373271500001)
4,Oued Meliz Ouest,واد مليز الغريبة,,,8.51591586,36.43676144,Oued Meliz Ouest,واد مليز الغريبة,,,TN225852,Oued Mliz,وادي مليز,,,TN2258,Jendouba,جندوبة,,,TN22,North West,الشمال الغربي,,,TN2,Tunisie,,,,TN,2022-11-15,,v01,fr,ar,,,POINT (8.515915855999992 36.43676143900001)
4,Dkhailia,الدخايلية,,,8.51948645,36.52958722,Dkhailia,الدخايلية,,,TN225853,Oued Mliz,وادي مليز,,,TN2258,Jendouba,جندوبة,,,TN22,North West,الشمال الغربي,,,TN2,Tunisie,,,,TN,2022-11-15,,v01,fr,ar,,,POINT (8.519486445999974 36.529587221999975)
4,Hakim Nord,حكيم الشمالية,,,8.64334134,36.48660092,Hakim Nord,حكيم الشمالية,,,TN225854,Oued Mliz,وادي مليز,,,TN2258,Jendouba,جندوبة,,,TN22,North West,الشمال الغربي,,,TN2,Tunisie,,,,TN,2022-11-15,,v01,fr,ar,,,POINT (8.643341340000006 36.486600915999986)
4,Hakim Sud,حكيم الجنوبية,,,8.63763092,36.44213688,Hakim Sud,حكيم الجنوبية,,,TN225855,Oued Mliz,وادي مليز,,,TN2258,Jendouba,جندوبة,,,TN22,North West,الشمال الغربي,,,TN2,Tunisie,,,,TN,2022-11-15,,v01,fr,ar,,,POINT (8.637630924000007 36.44213688100001)
4,Assila,عسيلة,,,8.9916014,36.63933242,Assila,عسيلة,,,TN225951,Balta Bou Aouane,بلطة بوعوان,,,TN2259,Jendouba,جندوبة,,,TN22,North West,الشمال الغربي,,,TN2,Tunisie,,,,TN,2022-11-15,,v01,fr,ar,,,POINT (8.991601398 36.639332421999995)
4,Ghezala,غزالة,,,8.86335018,36.65647037,Ghezala,غزالة,,,TN225952,Balta Bou Aouane,بلطة بوعوان,,,TN2259,Jendouba,جندوبة,,,TN22,North West,الشمال الغربي,,,TN2,Tunisie,,,,TN,2022-11-15,,v01,fr,ar,,,POINT (8.863350174999994 36.65647036600001)
4,El Aouaoudha,العواوضة,,,8.90834,36.69186686,El Aouaoudha,العواوضة,,,TN225953,Balta Bou Aouane,بلطة بوعوان,,,TN2259,Jendouba,جندوبة,,,TN22,North West,الشمال الغربي,,,TN2,Tunisie,,,,TN,2022-11-15,,v01,fr,ar,,,POINT (8.908340001 36.691866858000026)
4,El Baldia,البلدية,,,8.85735323,36.6811893,El Baldia,البلدية,,,TN225954,Balta Bou Aouane,بلطة بوعوان,,,TN2259,Jendouba,جندوبة,,,TN22,North West,الشمال الغربي,,,TN2,Tunisie,,,,TN,2022-11-15,,v01,fr,ar,,,POINT (8.85735323199998 36.681189297)
4,Cheouaoula,الشواولة,,,8.84871582,36.7099634,Cheouaoula,الشواولة,,,TN225955,Balta Bou Aouane,بلطة بوعوان,,,TN2259,Jendouba,جندوبة,,,TN22,North West,الشمال الغربي,,,TN2,Tunisie,,,,TN,2022-11-15,,v01,fr,ar,,,POINT (8.84871581599998 36.70996340200003)
4,Beni M'Hamed,بني محمد,,,8.91258954,36.75899547,Beni M'Hamed,بني محمد,,,TN225956,Balta Bou Aouane,بلطة بوعوان,,,TN2259,Jendouba,جندوبة,,,TN22,North West,الشمال الغربي,,,TN2,Tunisie,,,,TN,2022-11-15,,v01,fr,ar,,,POINT (8.912589535999984 36.75899547199998)
4,Somrane,السمران,,,8.95985991,36.66596445,Somrane,السمران,,,TN225957,Balta Bou Aouane,بلطة بوعوان,,,TN2259,Jendouba,جندوبة,,,TN22,North West,الشمال الغربي,,,TN2,Tunisie,,,,TN,2022-11-15,,v01,fr,ar,,,POINT (8.959859908999988 36.66596444999999)
4,Balta,بلطة,,,8.95446852,36.70341933,Balta,بلطة,,,TN225958,Balta Bou Aouane,بلطة بوعوان,,,TN2259,Jendouba,جندوبة,,,TN22,North West,الشمال الغربي,,,TN2,Tunisie,,,,TN,2022-11-15,,v01,fr,ar,,,POINT (8.954468524999982 36.703419329999974)
4,Abdeljaber,عبد الجبار,,,8.97864075,36.70075734,Abdeljaber,عبد الجبار,,,TN225959,Balta Bou Aouane,بلطة بوعوان,,,TN2259,Jendouba,جندوبة,,,TN22,North West,الشمال الغربي,,,TN2,Tunisie,,,,TN,2022-11-15,,v01,fr,ar,,,POINT (8.978640746999986 36.70075733700003)
4,Bou Aouane,بوعوان,,,9.0059999,36.69463171,Bou Aouane,بوعوان,,,TN225960,Balta Bou Aouane,بلطة بوعوان,,,TN2259,Jendouba,جندوبة,,,TN22,North West,الشمال الغربي,,,TN2,Tunisie,,,,TN,2022-11-15,,v01,fr,ar,,,POINT (9.005999898000027 36.694631705999996)
4,Oued Kesseb,وادي كساب,,,8.98220706,36.74442233,Oued Kesseb,وادي كساب,,,TN225961,Balta Bou Aouane,بلطة بوعوان,,,TN2259,Jendouba,جندوبة,,,TN22,North West,الشمال الغربي,,,TN2,Tunisie,,,,TN,2022-11-15,,v01,fr,ar,,,POINT (8.982207062999976 36.744422327999985)
4,Boulaaba,بولعابة,,,8.82659202,36.63565333,Boulaaba,بولعابة,,,TN225962,Balta Bou Aouane,بلطة بوعوان,,,TN2259,Jendouba,جندوبة,,,TN22,North West,الشمال الغربي,,,TN2,Tunisie,,,,TN,2022-11-15,,v01,fr,ar,,,POINT (8.826592023999979 36.635653330000025)
4,Oued Remel Nord,وادي الرمل الشمالية,,,8.65539432,36.19559193,Oued Remel Nord,وادي الرمل الشمالية,,,TN235151,Kef Ouest,الكاف الغربية,,,TN2351,Le Kef,الكاف,,,TN23,North West,الشمال الغربي,,,TN2,Tunisie,,,,TN,2022-11-15,,v01,fr,ar,,,POINT (8.655394323999985 36.19559192700001)
4,Oued Remel Sud,وادي الرمل الجنوبية,,,8.60597469,36.12715305,Oued Remel Sud,وادي الرمل الجنوبية,,,TN235152,Kef Ouest,الكاف الغربية,,,TN2351,Le Kef,الكاف,,,TN23,North West,الشمال الغربي,,,TN2,Tunisie,,,,TN,2022-11-15,,v01,fr,ar,,,POINT (8.605974686000025 36.127153048000025)
4,Haouareth Sud,الحوارث الجنوبية,,,8.6996986,36.16616128,Haouareth Sud,الحوارث الجنوبية,,,TN235153,Kef Ouest,الكاف الغربية,,,TN2351,Le Kef,الكاف,,,TN23,North West,الشمال الغربي,,,TN2,Tunisie,,,,TN,2022-11-15,,v01,fr,ar,,,POINT (8.699698603999991 36.16616128300001)
4,Charfine,الشرفين,,,8.718757,36.18192944,Charfine,الشرفين,,,TN235251,Kef Est,الكاف الشرقية,,,TN2352,Le Kef,الكاف,,,TN23,North West,الشمال الغربي,,,TN2,Tunisie,,,,TN,2022-11-15,,v01,fr,ar,,,POINT (8.718756998000003 36.181929439999976)
4,Ben Ainine,بنعنين,,,8.71832031,36.17086934,Ben Ainine,بنعنين,,,TN235252,Kef Est,الكاف الشرقية,,,TN2352,Le Kef,الكاف,,,TN23,North West,الشمال الغربي,,,TN2,Tunisie,,,,TN,2022-11-15,,v01,fr,ar,,,POINT (8.71832030500002 36.170869341000014)
4,Haouareth Nord,الحوارث الشمالية,,,8.70342649,36.18183201,Haouareth Nord,الحوارث الشمالية,,,TN235253,Kef Est,الكاف الشرقية,,,TN2352,Le Kef,الكاف,,,TN23,North West,الشمال الغربي,,,TN2,Tunisie,,,,TN,2022-11-15,,v01,fr,ar,,,POINT (8.70342648899998 36.18183200499999)
4,Zaafrane,الزعفران,,,8.79599459,36.15165497,Zaafrane,الزعفران,,,TN235254,Kef Est,الكاف الشرقية,,,TN2352,Le Kef,الكاف,,,TN23,North West,الشمال الغربي,,,TN2,Tunisie,,,,TN,2022-11-15,,v01,fr,ar,,,POINT (8.795994592999989 36.15165497200002)
4,Oued Souani,وادي السواني,,,8.9854206,36.21211604,Oued Souani,وادي السواني,,,TN235255,Kef Est,الكاف الشرقية,,,TN2352,Le Kef,الكاف,,,TN23,North West,الشمال الغربي,,,TN2,Tunisie,,,,TN,2022-11-15,,v01,fr,ar,,,POINT (8.985420598000019 36.21211604400003)
4,Oued Souani Sud,وادي السواني الجنوبي,,,8.92097625,36.17293492,Oued Souani Sud,وادي السواني الجنوبي,,,TN235256,Kef Est,الكاف الشرقية,,,TN2352,Le Kef,الكاف,,,TN23,North West,الشمال الغربي,,,TN2,Tunisie,,,,TN,2022-11-15,,v01,fr,ar,,,POINT (8.920976246999999 36.17293491800001)
4,Dyr El Kef,دير الكاف,,,8.79307886,36.214279,Dyr El Kef,دير الكاف,,,TN235257,Kef Est,الكاف الشرقية,,,TN2352,Le Kef,الكاف,,,TN23,North West,الشمال الغربي,,,TN2,Tunisie,,,,TN,2022-11-15,,v01,fr,ar,,,POINT (8.79307885899999 36.214278999999976)
4,Hached,حشاد,,,8.70308336,36.17268765,Hached,حشاد,,,TN235258,Kef Est,الكاف الشرقية,,,TN2352,Le Kef,الكاف,,,TN23,North West,الشمال الغربي,,,TN2,Tunisie,,,,TN,2022-11-15,,v01,fr,ar,,,POINT (8.703083364999998 36.17268765199998)
4,Nebeur,نبر,,,8.75871692,36.27782952,Nebeur,نبر,,,TN235351,Nebeur,نبر,,,TN2353,Le Kef,الكاف,,,TN23,North West,الشمال الغربي,,,TN2,Tunisie,,,,TN,2022-11-15,,v01,fr,ar,,,POINT (8.758716917000015 36.27782951900002)
4,Sarkaouna,سركونة,,,8.67870627,36.25825927,Sarkaouna,سركونة,,,TN235352,Nebeur,نبر,,,TN2353,Le Kef,الكاف,,,TN23,North West,الشمال الغربي,,,TN2,Tunisie,,,,TN,2022-11-15,,v01,fr,ar,,,POINT (8.678706268999974 36.25825926700003)
4,Tel El Ghozlane,تل الغزلان,,,8.89554901,36.39547761,Tel El Ghozlane,تل الغزلان,,,TN235353,Nebeur,نبر,,,TN2353,Le Kef,الكاف,,,TN23,North West,الشمال الغربي,,,TN2,Tunisie,,,,TN,2022-11-15,,v01,fr,ar,,,POINT (8.895549011000014 36.39547760900001)
4,Sidi Khiar,سيدي خيار,,,8.78126349,36.35552527,Sidi Khiar,سيدي خيار,,,TN235354,Nebeur,نبر,,,TN2353,Le Kef,الكاف,,,TN23,North West,الشمال الغربي,,,TN2,Tunisie,,,,TN,2022-11-15,,v01,fr,ar,,,POINT (8.781263495000019 36.35552527499999)
4,Mellala,ملالة,,,8.64829335,36.35215963,Mellala,ملالة,,,TN235355,Nebeur,نبر,,,TN2353,Le Kef,الكاف,,,TN23,North West,الشمال الغربي,,,TN2,Tunisie,,,,TN,2022-11-15,,v01,fr,ar,,,POINT (8.648293351999996 36.352159631999996)
4,Ledhieb,الأذياب,,,8.71452082,36.3705205,Ledhieb,الأذياب,,,TN235356,Nebeur,نبر,,,TN2353,Le Kef,الكاف,,,TN23,North West,الشمال الغربي,,,TN2,Tunisie,,,,TN,2022-11-15,,v01,fr,ar,,,POINT (8.714520818999972 36.37052050199998)
4,Touiref,الطويرف,,,8.56826114,36.31304577,Touiref,الطويرف,,,TN235357,Nebeur,نبر,,,TN2353,Le Kef,الكاف,,,TN23,North West,الشمال الغربي,,,TN2,Tunisie,,,,TN,2022-11-15,,v01,fr,ar,,,POINT (8.568261140000004 36.31304577399999)
4,Mellegue,ملاق,,,8.7385543,36.32792917,Mellegue,ملاق,,,TN235358,Nebeur,نبر,,,TN2353,Le Kef,الكاف,,,TN23,North West,الشمال الغربي,,,TN2,Tunisie,,,,TN,2022-11-15,,v01,fr,ar,,,POINT (8.738554302000011 36.32792916599999)
4,Bahra,بهرة,,,8.84897693,36.27787098,Bahra,بهرة,,,TN235359,Nebeur,نبر,,,TN2353,Le Kef,الكاف,,,TN23,North West,الشمال الغربي,,,TN2,Tunisie,,,,TN,2022-11-15,,v01,fr,ar,,,POINT (8.848976929999992 36.27787098099998)
4,Sidi Medien,سيدي مدنين,,,8.93191819,36.2993254,Sidi Medien,سيدي مدنين,,,TN235360,Nebeur,نبر,,,TN2353,Le Kef,الكاف,,,TN23,North West,الشمال الغربي,,,TN2,Tunisie,,,,TN,2022-11-15,,v01,fr,ar,,,POINT (8.93191819399999 36.299325399)
4,El Ksar,القصر,,,8.84093792,36.37267171,El Ksar,القصر,,,TN235361,Nebeur,نبر,,,TN2353,Le Kef,الكاف,,,TN23,North West,الشمال الغربي,,,TN2,Tunisie,,,,TN,2022-11-15,,v01,fr,ar,,,POINT (8.840937922000023 36.372671705000016)
4,Chetatla,الشتاتلة,,,8.94567819,36.36916855,Chetatla,الشتاتلة,,,TN235362,Nebeur,نبر,,,TN2353,Le Kef,الكاف,,,TN23,North West,الشمال الغربي,,,TN2,Tunisie,,,,TN,2022-11-15,,v01,fr,ar,,,POINT (8.945678192000003 36.36916854499998)
4,Oueljet Essedra,ولجة السدرة,,,8.563772,36.36472363,Oueljet Essedra,ولجة السدرة,,,TN235363,Nebeur,نبر,,,TN2353,Le Kef,الكاف,,,TN23,North West,الشمال الغربي,,,TN2,Tunisie,,,,TN,2022-11-15,,v01,fr,ar,,,POINT (8.563771999999972 36.364723629000025)
4,Sakiet Sidi Youssef,ساقية سيدي يوسف,,,8.36748757,36.2215813,Sakiet Sidi Youssef,ساقية سيدي يوسف,,,TN235451,Sakiet Sidi Youssef,ساقية سيدي يوسف,,,TN2354,Le Kef,الكاف,,,TN23,North West,الشمال الغربي,,,TN2,Tunisie,,,,TN,2022-11-15,,v01,fr,ar,,,POINT (8.36748756999998 36.221581300000025)
4,Es-Sefeia,السفاية,,,8.39387811,36.25282897,Es-Sefeia,السفاية,,,TN235452,Sakiet Sidi Youssef,ساقية سيدي يوسف,,,TN2354,Le Kef,الكاف,,,TN23,North West,الشمال الغربي,,,TN2,Tunisie,,,,TN,2022-11-15,,v01,fr,ar,,,POINT (8.393878110999992 36.252828971999975)
4,Ain Mazer,عين مازر,,,8.45215472,36.33287204,Ain Mazer,عين مازر,,,TN235453,Sakiet Sidi Youssef,ساقية سيدي يوسف,,,TN2354,Le Kef,الكاف,,,TN23,North West,الشمال الغربي,,,TN2,Tunisie,,,,TN,2022-11-15,,v01,fr,ar,,,POINT (8.45215472000001 36.33287204499999)
4,Djeradou,جرادو,,,8.51293266,36.25498527,Djeradou,جرادو,,,TN235454,Sakiet Sidi Youssef,ساقية سيدي يوسف,,,TN2354,Le Kef,الكاف,,,TN23,North West,الشمال الغربي,,,TN2,Tunisie,,,,TN,2022-11-15,,v01,fr,ar,,,POINT (8.51293266099998 36.254985275000024)
4,Forchane,فرشان,,,8.47539909,36.18418912,Forchane,فرشان,,,TN235455,Sakiet Sidi Youssef,ساقية سيدي يوسف,,,TN2354,Le Kef,الكاف,,,TN23,North West,الشمال الغربي,,,TN2,Tunisie,,,,TN,2022-11-15,,v01,fr,ar,,,POINT (8.475399093000021 36.184189120999974)
4,Ain El Karma,عين الكرمة,,,8.36330443,36.15522932,Ain El Karma,عين الكرمة,,,TN235456,Sakiet Sidi Youssef,ساقية سيدي يوسف,,,TN2354,Le Kef,الكاف,,,TN23,North West,الشمال الغربي,,,TN2,Tunisie,,,,TN,2022-11-15,,v01,fr,ar,,,POINT (8.363304432000007 36.15522931700002)
4,Sidi Rabeh,سيدي رابح,,,8.35979443,36.06104124,Sidi Rabeh,سيدي رابح,,,TN235457,Sakiet Sidi Youssef,ساقية سيدي يوسف,,,TN2354,Le Kef,الكاف,,,TN23,North West,الشمال الغربي,,,TN2,Tunisie,,,,TN,2022-11-15,,v01,fr,ar,,,POINT (8.35979443399998 36.06104123900002)
4,Et-Tabia,الطابية,,,8.38658257,36.02177054,Et-Tabia,الطابية,,,TN235458,Sakiet Sidi Youssef,ساقية سيدي يوسف,,,TN2354,Le Kef,الكاف,,,TN23,North West,الشمال الغربي,,,TN2,Tunisie,,,,TN,2022-11-15,,v01,fr,ar,,,POINT (8.386582572000009 36.02177053700001)
4,Tajerouine Nord,تاجروين الشمالية,,,8.57917902,35.91954059,Tajerouine Nord,تاجروين الشمالية,,,TN235551,Tajerouine,تاجروين,,,TN2355,Le Kef,الكاف,,,TN23,North West,الشمال الغربي,,,TN2,Tunisie,,,,TN,2022-11-15,,v01,fr,ar,,,POINT (8.579179017000001 35.91954059400001)
4,Tajerouine Sud,تاجروين الجنوبية,,,8.57291138,35.87140475,Tajerouine Sud,تاجروين الجنوبية,,,TN235552,Tajerouine,تاجروين,,,TN2355,Le Kef,الكاف,,,TN23,North West,الشمال الغربي,,,TN2,Tunisie,,,,TN,2022-11-15,,v01,fr,ar,,,POINT (8.572911383000019 35.871404745999996)
4,Ain El Abar,عين الأبار,,,8.43183119,35.85510631,Ain El Abar,عين الأبار,,,TN235553,Tajerouine,تاجروين,,,TN2355,Le Kef,الكاف,,,TN23,North West,الشمال الغربي,,,TN2,Tunisie,,,,TN,2022-11-15,,v01,fr,ar,,,POINT (8.431831191000015 35.85510630700003)
4,Cite Bourguiba,حي بورقيبة,,,8.4850453,35.93980503,Cite Bourguiba,حي بورقيبة,,,TN235554,Tajerouine,تاجروين,,,TN2355,Le Kef,الكاف,,,TN23,North West,الشمال الغربي,,,TN2,Tunisie,,,,TN,2022-11-15,,v01,fr,ar,,,POINT (8.485045305000028 35.93980503300003)
4,Sidi M'Tir,سيد مطير,,,8.62082378,36.04983449,Sidi M'Tir,سيد مطير,,,TN235555,Tajerouine,تاجروين,,,TN2355,Le Kef,الكاف,,,TN23,North West,الشمال الغربي,,,TN2,Tunisie,,,,TN,2022-11-15,,v01,fr,ar,,,POINT (8.620823783999981 36.049834492)
4,Ennajet,النجاة,,,8.66889102,36.06273867,Ennajet,النجاة,,,TN235556,Tajerouine,تاجروين,,,TN2355,Le Kef,الكاف,,,TN23,North West,الشمال الغربي,,,TN2,Tunisie,,,,TN,2022-11-15,,v01,fr,ar,,,POINT (8.66889101800001 36.06273866599997)
4,Sidi Abdelbasset,سيدي عبد الباسط,,,8.53408877,36.04780915,Sidi Abdelbasset,سيدي عبد الباسط,,,TN235557,Tajerouine,تاجروين,,,TN2355,Le Kef,الكاف,,,TN23,North West,الشمال الغربي,,,TN2,Tunisie,,,,TN,2022-11-15,,v01,fr,ar,,,POINT (8.534088773999997 36.047809148)
4,Jezza,جزة,,,8.63823396,35.97359949,Jezza,جزة,,,TN235558,Tajerouine,تاجروين,,,TN2355,Le Kef,الكاف,,,TN23,North West,الشمال الغربي,,,TN2,Tunisie,,,,TN,2022-11-15,,v01,fr,ar,,,POINT (8.638233956000022 35.97359948600001)
4,El Houdh,الحوض,,,8.67427611,35.92128636,El Houdh,الحوض,,,TN235559,Tajerouine,تاجروين,,,TN2355,Le Kef,الكاف,,,TN23,North West,الشمال الغربي,,,TN2,Tunisie,,,,TN,2022-11-15,,v01,fr,ar,,,POINT (8.674276110999983 35.921286361)
4,Menzel Salem,منزل سالم,,,8.47521891,35.851366,Menzel Salem,منزل سالم,,,TN235560,Tajerouine,تاجروين,,,TN2355,Le Kef,الكاف,,,TN23,North West,الشمال الغربي,,,TN2,Tunisie,,,,TN,2022-11-15,,v01,fr,ar,,,POINT (8.475218907999988 35.85136600499999)
4,Borj Eddiouana,برج الديوانة,,,8.4167508,35.92211726,Borj Eddiouana,برج الديوانة,,,TN235561,Tajerouine,تاجروين,,,TN2355,Le Kef,الكاف,,,TN23,North West,الشمال الغربي,,,TN2,Tunisie,,,,TN,2022-11-15,,v01,fr,ar,,,POINT (8.41675079800001 35.922117258000014)
4,Garn Halfaia,قرن حلفاية,,,8.47261703,35.9943641,Garn Halfaia,قرن حلفاية,,,TN235562,Tajerouine,تاجروين,,,TN2355,Le Kef,الكاف,,,TN23,North West,الشمال الغربي,,,TN2,Tunisie,,,,TN,2022-11-15,,v01,fr,ar,,,POINT (8.472617024999977 35.99436410499999)
4,Kalaat Snan,قلعة سنان,,,8.347015,35.769628,Kalaat Snan,قلعة سنان,,,TN235651,Kalaat Senan,قلعة سنان,,,TN2356,Le Kef,الكاف,,,TN23,North West,الشمال الغربي,,,TN2,Tunisie,,,,TN,2022-11-15,,v01,fr,ar,,,POINT (8.34701499900001 35.769628001)
4,Bou Jabeur,بوجابر,,,8.29352326,35.74013703,Bou Jabeur,بوجابر,,,TN235652,Kalaat Senan,قلعة سنان,,,TN2356,Le Kef,الكاف,,,TN23,North West,الشمال الغربي,,,TN2,Tunisie,,,,TN,2022-11-15,,v01,fr,ar,,,POINT (8.293523258999983 35.74013703200001)
4,Safsaf,الصفصاف,,,8.39194233,35.67404724,Safsaf,الصفصاف,,,TN235653,Kalaat Senan,قلعة سنان,,,TN2356,Le Kef,الكاف,,,TN23,North West,الشمال الغربي,,,TN2,Tunisie,,,,TN,2022-11-15,,v01,fr,ar,,,POINT (8.391942329000017 35.67404724400001)
4,Mzita,مزيتة,,,8.44627391,35.79979854,Mzita,مزيتة,,,TN235654,Kalaat Senan,قلعة سنان,,,TN2356,Le Kef,الكاف,,,TN23,North West,الشمال الغربي,,,TN2,Tunisie,,,,TN,2022-11-15,,v01,fr,ar,,,POINT (8.446273910000002 35.799798536000026)
4,El Falta,الفالتة,,,8.28509791,35.91703935,El Falta,الفالتة,,,TN235655,Kalaat Senan,قلعة سنان,,,TN2356,Le Kef,الكاف,,,TN23,North West,الشمال الغربي,,,TN2,Tunisie,,,,TN,2022-11-15,,v01,fr,ar,,,POINT (8.285097905999976 35.91703935300001)
4,Sed El Khir,سد الخير,,,8.34356559,35.83046834,Sed El Khir,سد الخير,,,TN235656,Kalaat Senan,قلعة سنان,,,TN2356,Le Kef,الكاف,,,TN23,North West,الشمال الغربي,,,TN2,Tunisie,,,,TN,2022-11-15,,v01,fr,ar,,,POINT (8.343565586000011 35.830468338)
4,Ain Snan,عين سنان,,,8.40079654,35.75920963,Ain Snan,عين سنان,,,TN235657,Kalaat Senan,قلعة سنان,,,TN2356,Le Kef,الكاف,,,TN23,North West,الشمال الغربي,,,TN2,Tunisie,,,,TN,2022-11-15,,v01,fr,ar,,,POINT (8.400796534999984 35.75920962499998)
4,El Hamaima,الحميمة,,,8.35180622,35.9199911,El Hamaima,الحميمة,,,TN235658,Kalaat Senan,قلعة سنان,,,TN2356,Le Kef,الكاف,,,TN23,North West,الشمال الغربي,,,TN2,Tunisie,,,,TN,2022-11-15,,v01,fr,ar,,,POINT (8.35180621699999 35.91999110400002)
4,El Mahjouba,المحجوبة,,,8.51879363,35.78330052,El Mahjouba,المحجوبة,,,TN235659,Kalaat Senan,قلعة سنان,,,TN2356,Le Kef,الكاف,,,TN23,North West,الشمال الغربي,,,TN2,Tunisie,,,,TN,2022-11-15,,v01,fr,ar,,,POINT (8.518793630999994 35.78330051900002)
4,Kalaat Khasba,القلعة الخصباء,,,8.58392095,35.6614208,Kalaat Khasba,القلعة الخصباء,,,TN235751,Kalaa Khesba,القلعة الخصباء,,,TN2357,Le Kef,الكاف,,,TN23,North West,الشمال الغربي,,,TN2,Tunisie,,,,TN,2022-11-15,,v01,fr,ar,,,POINT (8.583920947000024 35.661420803)
4,Hentaia,هنطاية,,,8.54915912,35.69125067,Hentaia,هنطاية,,,TN235752,Kalaa Khesba,القلعة الخصباء,,,TN2357,Le Kef,الكاف,,,TN23,North West,الشمال الغربي,,,TN2,Tunisie,,,,TN,2022-11-15,,v01,fr,ar,,,POINT (8.549159115999998 35.69125066999999)
4,Sidi Ahmed Essalah,سيدي أحمد الصالح,,,8.56916731,35.74839205,Sidi Ahmed Essalah,سيدي أحمد الصالح,,,TN235753,Kalaa Khesba,القلعة الخصباء,,,TN2357,Le Kef,الكاف,,,TN23,North West,الشمال الغربي,,,TN2,Tunisie,,,,TN,2022-11-15,,v01,fr,ar,,,POINT (8.569167314000026 35.74839204599999)
4,En-Nadhour,الناظور,,,8.48237519,35.71640805,En-Nadhour,الناظور,,,TN235754,Kalaa Khesba,القلعة الخصباء,,,TN2357,Le Kef,الكاف,,,TN23,North West,الشمال الغربي,,,TN2,Tunisie,,,,TN,2022-11-15,,v01,fr,ar,,,POINT (8.482375190000027 35.71640805300001)
4,Djerissa Centre,الجريصة المركزية,,,8.61982398,35.84439676,Djerissa Centre,الجريصة المركزية,,,TN235851,Jerissa,الجريصة,,,TN2358,Le Kef,الكاف,,,TN23,North West,الشمال الغربي,,,TN2,Tunisie,,,,TN,2022-11-15,,v01,fr,ar,,,POINT (8.619823974999974 35.84439675599998)
4,Djerissa Nord,الجريصة الشمالية,,,8.64501818,35.84431676,Djerissa Nord,الجريصة الشمالية,,,TN235852,Jerissa,الجريصة,,,TN2358,Le Kef,الكاف,,,TN23,North West,الشمال الغربي,,,TN2,Tunisie,,,,TN,2022-11-15,,v01,fr,ar,,,POINT (8.645018180000022 35.84431675899998)
4,Djerissa Sud,الجريصة الجنوبية,,,8.62333085,35.83788355,Djerissa Sud,الجريصة الجنوبية,,,TN235853,Jerissa,الجريصة,,,TN2358,Le Kef,الكاف,,,TN23,North West,الشمال الغربي,,,TN2,Tunisie,,,,TN,2022-11-15,,v01,fr,ar,,,POINT (8.623330849000013 35.83788354799998)
4,Besseriana,بسريانة,,,8.58531255,35.82109239,Besseriana,بسريانة,,,TN235854,Jerissa,الجريصة,,,TN2358,Le Kef,الكاف,,,TN23,North West,الشمال الغربي,,,TN2,Tunisie,,,,TN,2022-11-15,,v01,fr,ar,,,POINT (8.585312551000015 35.821092392000025)
4,Fej Ettameur,فج التمر,,,8.68391659,35.83685072,Fej Ettameur,فج التمر,,,TN235855,Jerissa,الجريصة,,,TN2358,Le Kef,الكاف,,,TN23,North West,الشمال الغربي,,,TN2,Tunisie,,,,TN,2022-11-15,,v01,fr,ar,,,POINT (8.683916587999988 35.836850717999994)
4,Enneayem,النعايم,,,8.63469478,35.78159147,Enneayem,النعايم,,,TN235856,Jerissa,الجريصة,,,TN2358,Le Kef,الكاف,,,TN23,North West,الشمال الغربي,,,TN2,Tunisie,,,,TN,2022-11-15,,v01,fr,ar,,,POINT (8.634694776000003 35.78159146899998)
4,El Ksour,القصور,,,8.8939457,35.90779817,El Ksour,القصور,,,TN235951,Ksour,القصور,,,TN2359,Le Kef,الكاف,,,TN23,North West,الشمال الغربي,,,TN2,Tunisie,,,,TN,2022-11-15,,v01,fr,ar,,,POINT (8.893945696999992 35.90779816999998)
4,Ain El Ksiba,عين القصيبة,,,8.85767224,35.78890906,Ain El Ksiba,عين القصيبة,,,TN235952,Ksour,القصور,,,TN2359,Le Kef,الكاف,,,TN23,North West,الشمال الغربي,,,TN2,Tunisie,,,,TN,2022-11-15,,v01,fr,ar,,,POINT (8.857672235999985 35.788909063999995)
4,Banou,بانو,,,8.91878745,35.79795023,Banou,بانو,,,TN235953,Ksour,القصور,,,TN2359,Le Kef,الكاف,,,TN23,North West,الشمال الغربي,,,TN2,Tunisie,,,,TN,2022-11-15,,v01,fr,ar,,,POINT (8.918787453999983 35.79795022899998)
4,Louata,اللواتة,,,9.01151674,35.80784567,Louata,اللواتة,,,TN235954,Ksour,القصور,,,TN2359,Le Kef,الكاف,,,TN23,North West,الشمال الغربي,,,TN2,Tunisie,,,,TN,2022-11-15,,v01,fr,ar,,,POINT (9.01151673999999 35.80784566699998)
4,Ain Fedhil,عين فضيل,,,9.01658304,35.91000285,Ain Fedhil,عين فضيل,,,TN235955,Ksour,القصور,,,TN2359,Le Kef,الكاف,,,TN23,North West,الشمال الغربي,,,TN2,Tunisie,,,,TN,2022-11-15,,v01,fr,ar,,,POINT (9.01658304099999 35.91000285299998)
4,Ezzitouna,الزيتونة,,,8.97310435,35.78339323,Ezzitouna,الزيتونة,,,TN235956,Ksour,القصور,,,TN2359,Le Kef,الكاف,,,TN23,North West,الشمال الغربي,,,TN2,Tunisie,,,,TN,2022-11-15,,v01,fr,ar,,,POINT (8.973104353999986 35.78339322800002)
4,Dahmani,الدهماني,,,8.84042161,35.94124232,Dahmani,الدهماني,,,TN236051,Dahmani,الدهماني,,,TN2360,Le Kef,الكاف,,,TN23,North West,الشمال الغربي,,,TN2,Tunisie,,,,TN,2022-11-15,,v01,fr,ar,,,POINT (8.840421607999986 35.94124232399997)
4,Dahmani Nord,الدهماني الشمالية,,,8.82599189,35.94446222,Dahmani Nord,الدهماني الشمالية,,,TN236052,Dahmani,الدهماني,,,TN2360,Le Kef,الكاف,,,TN23,North West,الشمال الغربي,,,TN2,Tunisie,,,,TN,2022-11-15,,v01,fr,ar,,,POINT (8.825991886999986 35.944462223000016)
4,Zouarine,الزوارين,,,8.91317442,35.9722521,Zouarine,الزوارين,,,TN236053,Dahmani,الدهماني,,,TN2360,Le Kef,الكاف,,,TN23,North West,الشمال الغربي,,,TN2,Tunisie,,,,TN,2022-11-15,,v01,fr,ar,,,POINT (8.913174425000022 35.97225209999999)
4,Thermda,ثرمدة,,,8.87703201,36.04463946,Thermda,ثرمدة,,,TN236054,Dahmani,الدهماني,,,TN2360,Le Kef,الكاف,,,TN23,North West,الشمال الغربي,,,TN2,Tunisie,,,,TN,2022-11-15,,v01,fr,ar,,,POINT (8.877032014000008 36.044639459999985)
4,Abida,عبيدة,,,8.73830431,36.02711546,Abida,عبيدة,,,TN236055,Dahmani,الدهماني,,,TN2360,Le Kef,الكاف,,,TN23,North West,الشمال الغربي,,,TN2,Tunisie,,,,TN,2022-11-15,,v01,fr,ar,,,POINT (8.738304314000004 36.027115455)
4,Ebba,أبة,,,8.77646596,35.93510585,Ebba,أبة,,,TN236056,Dahmani,الدهماني,,,TN2360,Le Kef,الكاف,,,TN23,North West,الشمال الغربي,,,TN2,Tunisie,,,,TN,2022-11-15,,v01,fr,ar,,,POINT (8.77646596400001 35.935105849000024)
4,El Medeina,المداينة,,,8.82944716,35.88678561,El Medeina,المداينة,,,TN236057,Dahmani,الدهماني,,,TN2360,Le Kef,الكاف,,,TN23,North West,الشمال الغربي,,,TN2,Tunisie,,,,TN,2022-11-15,,v01,fr,ar,,,POINT (8.829447162000008 35.88678561099999)
4,Sidi Baraket Nord,سيدي بركات الشمالية,,,8.76251789,35.82440899,Sidi Baraket Nord,سيدي بركات الشمالية,,,TN236058,Dahmani,الدهماني,,,TN2360,Le Kef,الكاف,,,TN23,North West,الشمال الغربي,,,TN2,Tunisie,,,,TN,2022-11-15,,v01,fr,ar,,,POINT (8.762517885000022 35.82440898700003)
4,Sidi Baraket Sud,سيدي بركات الجنوبية,,,8.80651371,35.82162142,Sidi Baraket Sud,سيدي بركات الجنوبية,,,TN236059,Dahmani,الدهماني,,,TN2360,Le Kef,الكاف,,,TN23,North West,الشمال الغربي,,,TN2,Tunisie,,,,TN,2022-11-15,,v01,fr,ar,,,POINT (8.80651370999999 35.82162142200002)
4,Es-Sers Nord,السرس الشمالية,,,9.0349778,36.13053062,Es-Sers Nord,السرس الشمالية,,,TN236151,Es Sers,السرس,,,TN2361,Le Kef,الكاف,,,TN23,North West,الشمال الغربي,,,TN2,Tunisie,,,,TN,2022-11-15,,v01,fr,ar,,,POINT (9.03497779899999 36.13053062300003)
4,Es-Sers Sud,السرس الجنوبية,,,9.08696766,36.08496467,Es-Sers Sud,السرس الجنوبية,,,TN236152,Es Sers,السرس,,,TN2361,Le Kef,الكاف,,,TN23,North West,الشمال الغربي,,,TN2,Tunisie,,,,TN,2022-11-15,,v01,fr,ar,,,POINT (9.086967663999985 36.08496466600002)
4,Cite Ennour,حي النور,,,9.00887132,36.08485219,Cite Ennour,حي النور,,,TN236153,Es Sers,السرس,,,TN2361,Le Kef,الكاف,,,TN23,North West,الشمال الغربي,,,TN2,Tunisie,,,,TN,2022-11-15,,v01,fr,ar,,,POINT (9.008871320000026 36.08485218499999)
4,Bousliaa,بوصليعة,,,8.98536339,36.03715903,Bousliaa,بوصليعة,,,TN236154,Es Sers,السرس,,,TN2361,Le Kef,الكاف,,,TN23,North West,الشمال الغربي,,,TN2,Tunisie,,,,TN,2022-11-15,,v01,fr,ar,,,POINT (8.985363386000017 36.03715902900001)
4,Lorbeus,الأربص,,,8.85776553,36.0953013,Lorbeus,الأربص,,,TN236155,Es Sers,السرس,,,TN2361,Le Kef,الكاف,,,TN23,North West,الشمال الغربي,,,TN2,Tunisie,,,,TN,2022-11-15,,v01,fr,ar,,,POINT (8.85776553400001 36.09530130000002)
4,El Marja,المرجى,,,9.0694447,36.0332525,El Marja,المرجى,,,TN236156,Es Sers,السرس,,,TN2361,Le Kef,الكاف,,,TN23,North West,الشمال الغربي,,,TN2,Tunisie,,,,TN,2022-11-15,,v01,fr,ar,,,POINT (9.069444698999973 36.033252498000024)
4,El Abar,الأبار,,,9.1298657,36.01475955,El Abar,الأبار,,,TN236157,Es Sers,السرس,,,TN2361,Le Kef,الكاف,,,TN23,North West,الشمال الغربي,,,TN2,Tunisie,,,,TN,2022-11-15,,v01,fr,ar,,,POINT (9.129865703999997 36.01475954900002)
4,El Abar Est,الأبار الشرقية,,,9.13328608,36.06609707,El Abar Est,الأبار الشرقية,,,TN236158,Es Sers,السرس,,,TN2361,Le Kef,الكاف,,,TN23,North West,الشمال الغربي,,,TN2,Tunisie,,,,TN,2022-11-15,,v01,fr,ar,,,POINT (9.133286075000001 36.06609706699999)
4,Elles,الآس,,,9.0600345,35.98485671,Elles,الآس,,,TN236159,Es Sers,السرس,,,TN2361,Le Kef,الكاف,,,TN23,North West,الشمال الغربي,,,TN2,Tunisie,,,,TN,2022-11-15,,v01,fr,ar,,,POINT (9.060034498999983 35.984856709999974)
4,Siliana Ville,سليانة المدينة,,,9.36179365,36.08946337,Siliana Ville,سليانة المدينة,,,TN245151,Siliana Nord,سليانة الشمالية,,,TN2451,Siliana,سليانـــة,,,TN24,North West,الشمال الغربي,,,TN2,Tunisie,,,,TN,2022-11-15,,v01,fr,ar,,,POINT (9.361793649999981 36.08946337399999)
4,Siliana Nord,سليانة الشمالية,,,9.37658922,36.09804615,Siliana Nord,سليانة الشمالية,,,TN245152,Siliana Nord,سليانة الشمالية,,,TN2451,Siliana,سليانـــة,,,TN24,North West,الشمال الغربي,,,TN2,Tunisie,,,,TN,2022-11-15,,v01,fr,ar,,,POINT (9.376589222000007 36.098046151000005)
4,El Arab,العرب,,,9.44137252,36.11731895,El Arab,العرب,,,TN245153,Siliana Nord,سليانة الشمالية,,,TN2451,Siliana,سليانـــة,,,TN24,North West,الشمال الغربي,,,TN2,Tunisie,,,,TN,2022-11-15,,v01,fr,ar,,,POINT (9.441372515000012 36.11731894899998)
4,Jema,جامة,,,9.30533863,36.09279796,Jema,جامة,,,TN245154,Siliana Nord,سليانة الشمالية,,,TN2451,Siliana,سليانـــة,,,TN24,North West,الشمال الغربي,,,TN2,Tunisie,,,,TN,2022-11-15,,v01,fr,ar,,,POINT (9.305338629000005 36.092797958999995)
4,Massouj,مصوج,,,9.24226376,36.01044669,Massouj,مصوج,,,TN245155,Siliana Nord,سليانة الشمالية,,,TN2451,Siliana,سليانـــة,,,TN24,North West,الشمال الغربي,,,TN2,Tunisie,,,,TN,2022-11-15,,v01,fr,ar,,,POINT (9.242263761000004 36.010446693000006)
4,El Jouii,الجوي,,,9.19854557,36.06317967,El Jouii,الجوي,,,TN245156,Siliana Nord,سليانة الشمالية,,,TN2451,Siliana,سليانـــة,,,TN24,North West,الشمال الغربي,,,TN2,Tunisie,,,,TN,2022-11-15,,v01,fr,ar,,,POINT (9.198545572 36.06317967199999)
4,El Khalsa,الخلصة,,,9.18261307,35.96908161,El Khalsa,الخلصة,,,TN245157,Siliana Nord,سليانة الشمالية,,,TN2451,Siliana,سليانـــة,,,TN24,North West,الشمال الغربي,,,TN2,Tunisie,,,,TN,2022-11-15,,v01,fr,ar,,,POINT (9.182613074000017 35.969081614000004)
4,Ain Ed-Dissa,عين ديسة,,,9.24365805,35.94060194,Ain Ed-Dissa,عين ديسة,,,TN245158,Siliana Nord,سليانة الشمالية,,,TN2451,Siliana,سليانـــة,,,TN24,North West,الشمال الغربي,,,TN2,Tunisie,,,,TN,2022-11-15,,v01,fr,ar,,,POINT (9.243658052 35.940601945000026)
4,Siliana Sud,سليانة الجنوبية,,,9.37089424,36.0784249,Siliana Sud,سليانة الجنوبية,,,TN245251,Siliana Sud,سليانة الجنوبية,,,TN2452,Siliana,سليانـــة,,,TN24,North West,الشمال الغربي,,,TN2,Tunisie,,,,TN,2022-11-15,,v01,fr,ar,,,POINT (9.370894238999995 36.078424902999984)
4,Marj Mokaddem,مرج مقدم,,,9.27857235,35.97843783,Marj Mokaddem,مرج مقدم,,,TN245252,Siliana Sud,سليانة الجنوبية,,,TN2452,Siliana,سليانـــة,,,TN24,North West,الشمال الغربي,,,TN2,Tunisie,,,,TN,2022-11-15,,v01,fr,ar,,,POINT (9.278572349000001 35.978437833999976)
4,Es-Sefina,السفينة,,,9.32385789,35.90269423,Es-Sefina,السفينة,,,TN245253,Siliana Sud,سليانة الجنوبية,,,TN2452,Siliana,سليانـــة,,,TN24,North West,الشمال الغربي,,,TN2,Tunisie,,,,TN,2022-11-15,,v01,fr,ar,,,POINT (9.323857885999985 35.90269423199999)
4,Sidi Morched,سيدي مرشد,,,9.51265168,35.9404351,Sidi Morched,سيدي مرشد,,,TN245254,Siliana Sud,سليانة الجنوبية,,,TN2452,Siliana,سليانـــة,,,TN24,North West,الشمال الغربي,,,TN2,Tunisie,,,,TN,2022-11-15,,v01,fr,ar,,,POINT (9.512651679999976 35.9404351)
4,Sidi Mansour,سيدي منصور,,,9.32766168,36.01915337,Sidi Mansour,سيدي منصور,,,TN245255,Siliana Sud,سليانة الجنوبية,,,TN2452,Siliana,سليانـــة,,,TN24,North West,الشمال الغربي,,,TN2,Tunisie,,,,TN,2022-11-15,,v01,fr,ar,,,POINT (9.327661681999984 36.019153370000026)
4,Sidi Hmada,سيدي حمادة,,,9.54845267,35.98055994,Sidi Hmada,سيدي حمادة,,,TN245256,Siliana Sud,سليانة الجنوبية,,,TN2452,Siliana,سليانـــة,,,TN24,North West,الشمال الغربي,,,TN2,Tunisie,,,,TN,2022-11-15,,v01,fr,ar,,,POINT (9.548452675000021 35.98055994200001)
4,Sejja,سجة,,,9.4483319,36.05033543,Sejja,سجة,,,TN245257,Siliana Sud,سليانة الجنوبية,,,TN2452,Siliana,سليانـــة,,,TN24,North West,الشمال الغربي,,,TN2,Tunisie,,,,TN,2022-11-15,,v01,fr,ar,,,POINT (9.448331904999975 36.050335433999976)
4,Ouled Zenag,أولاد زناق,,,9.42752188,35.94297208,Ouled Zenag,أولاد زناق,,,TN245258,Siliana Sud,سليانة الجنوبية,,,TN2452,Siliana,سليانـــة,,,TN24,North West,الشمال الغربي,,,TN2,Tunisie,,,,TN,2022-11-15,,v01,fr,ar,,,POINT (9.427521877999993 35.94297207699998)
4,El Kabel,القابل,,,9.41882299,36.00206118,El Kabel,القابل,,,TN245259,Siliana Sud,سليانة الجنوبية,,,TN2452,Siliana,سليانـــة,,,TN24,North West,الشمال الغربي,,,TN2,Tunisie,,,,TN,2022-11-15,,v01,fr,ar,,,POINT (9.418822992000003 36.002061175999984)
4,Banlieue De Bouarada,أحواز بوعرادة,,,9.59773674,36.38467496,Banlieue De Bouarada,أحواز بوعرادة,,,TN245351,Bouarada,بوعرادة,,,TN2453,Siliana,سليانـــة,,,TN24,North West,الشمال الغربي,,,TN2,Tunisie,,,,TN,2022-11-15,,v01,fr,ar,,,POINT (9.597736740000016 36.384674964)
4,Bouarada,بوعرادة,,,9.63642923,36.34793513,Bouarada,بوعرادة,,,TN245352,Bouarada,بوعرادة,,,TN2453,Siliana,سليانـــة,,,TN24,North West,الشمال الغربي,,,TN2,Tunisie,,,,TN,2022-11-15,,v01,fr,ar,,,POINT (9.636429226000018 36.34793512800002)
4,Fatis,فطيس,,,9.70324825,36.402598,Fatis,فطيس,,,TN245353,Bouarada,بوعرادة,,,TN2453,Siliana,سليانـــة,,,TN24,North West,الشمال الغربي,,,TN2,Tunisie,,,,TN,2022-11-15,,v01,fr,ar,,,POINT (9.70324825199998 36.402598001)
4,Henchir Er-Roman,هنشير الرومان,,,9.52839994,36.22718308,Henchir Er-Roman,هنشير الرومان,,,TN245354,Bouarada,بوعرادة,,,TN2453,Siliana,سليانـــة,,,TN24,North West,الشمال الغربي,,,TN2,Tunisie,,,,TN,2022-11-15,,v01,fr,ar,,,POINT (9.528399938999996 36.22718308399999)
4,Sidi Abdennour,سيدي عبد النور,,,9.58315501,36.28677984,Sidi Abdennour,سيدي عبد النور,,,TN245355,Bouarada,بوعرادة,,,TN2453,Siliana,سليانـــة,,,TN24,North West,الشمال الغربي,,,TN2,Tunisie,,,,TN,2022-11-15,,v01,fr,ar,,,POINT (9.583155010999974 36.28677983900002)
4,Tarf Ech-Chena,طرف الشناء,,,9.66825917,36.32249613,Tarf Ech-Chena,طرف الشناء,,,TN245356,Bouarada,بوعرادة,,,TN2453,Siliana,سليانـــة,,,TN24,North West,الشمال الغربي,,,TN2,Tunisie,,,,TN,2022-11-15,,v01,fr,ar,,,POINT (9.668259165999984 36.32249612700002)
4,Gaafour Est,قعفور الشرقية,,,9.32088691,36.343493,Gaafour Est,قعفور الشرقية,,,TN245451,Gaafour,قعفور,,,TN2454,Siliana,سليانـــة,,,TN24,North West,الشمال الغربي,,,TN2,Tunisie,,,,TN,2022-11-15,,v01,fr,ar,,,POINT (9.320886911000002 36.343492997)
4,Gaafour Ouest,قعفور الغربية,,,9.28882361,36.33276668,Gaafour Ouest,قعفور الغربية,,,TN245452,Gaafour,قعفور,,,TN2454,Siliana,سليانـــة,,,TN24,North West,الشمال الغربي,,,TN2,Tunisie,,,,TN,2022-11-15,,v01,fr,ar,,,POINT (9.288823615000013 36.332766676999995)
4,El Khouat,الأخوات,,,9.23062429,36.25001915,El Khouat,الأخوات,,,TN245453,Gaafour,قعفور,,,TN2454,Siliana,سليانـــة,,,TN24,North West,الشمال الغربي,,,TN2,Tunisie,,,,TN,2022-11-15,,v01,fr,ar,,,POINT (9.230624284999976 36.25001915199999)
4,Ain Zerig,عين زريق,,,9.40972775,36.19377755,Ain Zerig,عين زريق,,,TN245454,Gaafour,قعفور,,,TN2454,Siliana,سليانـــة,,,TN24,North West,الشمال الغربي,,,TN2,Tunisie,,,,TN,2022-11-15,,v01,fr,ar,,,POINT (9.409727748000023 36.193777548000014)
4,El Ahouez Nord,الأحواز الشمالية,,,9.36385979,36.28248802,El Ahouez Nord,الأحواز الشمالية,,,TN245455,Gaafour,قعفور,,,TN2454,Siliana,سليانـــة,,,TN24,North West,الشمال الغربي,,,TN2,Tunisie,,,,TN,2022-11-15,,v01,fr,ar,,,POINT (9.363859794000007 36.282488023999974)
4,El Ahouez Sud,الأحواز الجنوبية,,,9.30483862,36.25781688,El Ahouez Sud,الأحواز الجنوبية,,,TN245456,Gaafour,قعفور,,,TN2454,Siliana,سليانـــة,,,TN24,North West,الشمال الغربي,,,TN2,Tunisie,,,,TN,2022-11-15,,v01,fr,ar,,,POINT (9.304838620999988 36.257816881)
4,El Aksab,الأقصاب,,,9.26792579,36.19200805,El Aksab,الأقصاب,,,TN245457,Gaafour,قعفور,,,TN2454,Siliana,سليانـــة,,,TN24,North West,الشمال الغربي,,,TN2,Tunisie,,,,TN,2022-11-15,,v01,fr,ar,,,POINT (9.267925794000007 36.19200804799999)
4,El Krib Nord,الكريب الشمالية,,,9.10935783,36.33560507,El Krib Nord,الكريب الشمالية,,,TN245551,El Krib,الكريب,,,TN2455,Siliana,سليانـــة,,,TN24,North West,الشمال الغربي,,,TN2,Tunisie,,,,TN,2022-11-15,,v01,fr,ar,,,POINT (9.109357832 36.335605068999996)
4,El Krib Sud,الكريب الجنوبية,,,9.15740216,36.29949039,El Krib Sud,الكريب الجنوبية,,,TN245552,El Krib,الكريب,,,TN2455,Siliana,سليانـــة,,,TN24,North West,الشمال الغربي,,,TN2,Tunisie,,,,TN,2022-11-15,,v01,fr,ar,,,POINT (9.157402159000014 36.299490391999996)
4,Dokhania,الدخانية,,,9.21865053,36.33854677,Dokhania,الدخانية,,,TN245553,El Krib,الكريب,,,TN2455,Siliana,سليانـــة,,,TN24,North West,الشمال الغربي,,,TN2,Tunisie,,,,TN,2022-11-15,,v01,fr,ar,,,POINT (9.21865053099998 36.33854676599998)
4,Hammam Biadha Nord,حمام بياضة الشمالية,,,8.98826004,36.429318,Hammam Biadha Nord,حمام بياضة الشمالية,,,TN245554,El Krib,الكريب,,,TN2455,Siliana,سليانـــة,,,TN24,North West,الشمال الغربي,,,TN2,Tunisie,,,,TN,2022-11-15,,v01,fr,ar,,,POINT (8.98826004099999 36.42931800500003)
4,Hammam Biadha Sud,حمام بياضة الجنوبية,,,9.04125396,36.38476528,Hammam Biadha Sud,حمام بياضة الجنوبية,,,TN245555,El Krib,الكريب,,,TN2455,Siliana,سليانـــة,,,TN24,North West,الشمال الغربي,,,TN2,Tunisie,,,,TN,2022-11-15,,v01,fr,ar,,,POINT (9.041253959000016 36.38476528199999)
4,Borj El Messaoudi Nord,برج المسعودي الشمالية,,,9.0515621,36.32076322,Borj El Messaoudi Nord,برج المسعودي الشمالية,,,TN245556,El Krib,الكريب,,,TN2455,Siliana,سليانـــة,,,TN24,North West,الشمال الغربي,,,TN2,Tunisie,,,,TN,2022-11-15,,v01,fr,ar,,,POINT (9.051562099000023 36.320763218000025)
4,Borj El Messaoudi Sud,برج المسعودي الجنوبية,,,8.98827554,36.29311148,Borj El Messaoudi Sud,برج المسعودي الجنوبية,,,TN245557,El Krib,الكريب,,,TN2455,Siliana,سليانـــة,,,TN24,North West,الشمال الغربي,,,TN2,Tunisie,,,,TN,2022-11-15,,v01,fr,ar,,,POINT (8.988275539000028 36.293111485)
4,Bourouis Nord,بورويس الشمالية,,,9.12783596,36.17737009,Bourouis Nord,بورويس الشمالية,,,TN245651,Bourouis,بورويس,,,TN2456,Siliana,سليانـــة,,,TN24,North West,الشمال الغربي,,,TN2,Tunisie,,,,TN,2022-11-15,,v01,fr,ar,,,POINT (9.127835962999995 36.17737009199999)
4,Bourouis Sud,بورويس الجنوبية,,,9.17967259,36.16992483,Bourouis Sud,بورويس الجنوبية,,,TN245652,Bourouis,بورويس,,,TN2456,Siliana,سليانـــة,,,TN24,North West,الشمال الغربي,,,TN2,Tunisie,,,,TN,2022-11-15,,v01,fr,ar,,,POINT (9.179672595 36.16992483299998)
4,Ettricha,التريشة,,,9.14420817,36.12470024,Ettricha,التريشة,,,TN245653,Bourouis,بورويس,,,TN2456,Siliana,سليانـــة,,,TN24,North West,الشمال الغربي,,,TN2,Tunisie,,,,TN,2022-11-15,,v01,fr,ar,,,POINT (9.144208170000013 36.12470024100003)
4,El Abbassi,العباسي,,,9.10583784,36.23717036,El Abbassi,العباسي,,,TN245654,Bourouis,بورويس,,,TN2456,Siliana,سليانـــة,,,TN24,North West,الشمال الغربي,,,TN2,Tunisie,,,,TN,2022-11-15,,v01,fr,ar,,,POINT (9.105837837000024 36.23717035999999)
4,Ain Achour,عين عاشور,,,9.07154292,36.17817393,Ain Achour,عين عاشور,,,TN245655,Bourouis,بورويس,,,TN2456,Siliana,سليانـــة,,,TN24,North West,الشمال الغربي,,,TN2,Tunisie,,,,TN,2022-11-15,,v01,fr,ar,,,POINT (9.071542917999977 36.17817393399997)
4,El Krib Gare,محطة الكريب,,,9.16988708,36.23907011,El Krib Gare,محطة الكريب,,,TN245656,Bourouis,بورويس,,,TN2456,Siliana,سليانـــة,,,TN24,North West,الشمال الغربي,,,TN2,Tunisie,,,,TN,2022-11-15,,v01,fr,ar,,,POINT (9.169887082000002 36.23907011)
4,Makthar Nord,مكثر الشمالية,,,9.18857048,35.86074398,Makthar Nord,مكثر الشمالية,,,TN245751,Makthar,مكثر,,,TN2457,Siliana,سليانـــة,,,TN24,North West,الشمال الغربي,,,TN2,Tunisie,,,,TN,2022-11-15,,v01,fr,ar,,,POINT (9.18857048000001 35.86074397599998)
4,Makthar Sud,مكثر الجنوبية,,,9.20039539,35.85228634,Makthar Sud,مكثر الجنوبية,,,TN245752,Makthar,مكثر,,,TN2457,Siliana,سليانـــة,,,TN24,North West,الشمال الغربي,,,TN2,Tunisie,,,,TN,2022-11-15,,v01,fr,ar,,,POINT (9.200395393999997 35.85228633600002)
4,Sayar,صيار,,,9.22170968,35.84318272,Sayar,صيار,,,TN245753,Makthar,مكثر,,,TN2457,Siliana,سليانـــة,,,TN24,North West,الشمال الغربي,,,TN2,Tunisie,,,,TN,2022-11-15,,v01,fr,ar,,,POINT (9.221709675999989 35.84318272399997)
4,El Garaa,القرعة,,,9.25771751,35.8812663,El Garaa,القرعة,,,TN245754,Makthar,مكثر,,,TN2457,Siliana,سليانـــة,,,TN24,North West,الشمال الغربي,,,TN2,Tunisie,,,,TN,2022-11-15,,v01,fr,ar,,,POINT (9.25771751100001 35.881266297000025)
4,Bez,باز,,,9.14078388,35.8931041,Bez,باز,,,TN245755,Makthar,مكثر,,,TN2457,Siliana,سليانـــة,,,TN24,North West,الشمال الغربي,,,TN2,Tunisie,,,,TN,2022-11-15,,v01,fr,ar,,,POINT (9.140783885000019 35.893104103999974)
4,Beni Hazem,بني حازم,,,9.06623558,35.86103937,Beni Hazem,بني حازم,,,TN245756,Makthar,مكثر,,,TN2457,Siliana,سليانـــة,,,TN24,North West,الشمال الغربي,,,TN2,Tunisie,,,,TN,2022-11-15,,v01,fr,ar,,,POINT (9.066235577999976 35.861039371000004)
4,Ras El Ouedi,رأس الوادي,,,9.13337313,35.85101625,Ras El Ouedi,رأس الوادي,,,TN245757,Makthar,مكثر,,,TN2457,Siliana,سليانـــة,,,TN24,North West,الشمال الغربي,,,TN2,Tunisie,,,,TN,2022-11-15,,v01,fr,ar,,,POINT (9.133373128000017 35.85101624599997)
4,Saddine,الصدّين,,,9.06129778,35.80882346,Saddine,الصدّين,,,TN245758,Makthar,مكثر,,,TN2457,Siliana,سليانـــة,,,TN24,North West,الشمال الغربي,,,TN2,Tunisie,,,,TN,2022-11-15,,v01,fr,ar,,,POINT (9.061297781999997 35.808823464)
4,Chouarnia,الشوارنية,,,9.12690414,35.95510978,Chouarnia,الشوارنية,,,TN245759,Makthar,مكثر,,,TN2457,Siliana,سليانـــة,,,TN24,North West,الشمال الغربي,,,TN2,Tunisie,,,,TN,2022-11-15,,v01,fr,ar,,,POINT (9.126904142 35.95510978499999)
4,Sened El Haddad,سند الحداد,,,9.19407009,35.91684766,Sened El Haddad,سند الحداد,,,TN245760,Makthar,مكثر,,,TN2457,Siliana,سليانـــة,,,TN24,North West,الشمال الغربي,,,TN2,Tunisie,,,,TN,2022-11-15,,v01,fr,ar,,,POINT (9.19407008600001 35.91684766100002)
4,Soualem,السوالم,,,9.20104411,35.79772162,Soualem,السوالم,,,TN245761,Makthar,مكثر,,,TN2457,Siliana,سليانـــة,,,TN24,North West,الشمال الغربي,,,TN2,Tunisie,,,,TN,2022-11-15,,v01,fr,ar,,,POINT (9.201044111999977 35.797721620000004)
4,El Hababsa Nord,الحبابسةالشمالية,,,9.27632971,35.57481141,El Hababsa Nord,الحبابسةالشمالية,,,TN245851,Rouhia,الروحية,,,TN2458,Siliana,سليانـــة,,,TN24,North West,الشمال الغربي,,,TN2,Tunisie,,,,TN,2022-11-15,,v01,fr,ar,,,POINT (9.276329712999996 35.574811408000016)
4,El Hababsa Sud,الحبابسة الجنوبية,,,9.37912455,35.54083337,El Hababsa Sud,الحبابسة الجنوبية,,,TN245852,Rouhia,الروحية,,,TN2458,Siliana,سليانـــة,,,TN24,North West,الشمال الغربي,,,TN2,Tunisie,,,,TN,2022-11-15,,v01,fr,ar,,,POINT (9.379124552999997 35.54083337200001)
4,El Jamilet,الجميلات,,,9.25943441,35.658627,El Jamilet,الجميلات,,,TN245853,Rouhia,الروحية,,,TN2458,Siliana,سليانـــة,,,TN24,North West,الشمال الغربي,,,TN2,Tunisie,,,,TN,2022-11-15,,v01,fr,ar,,,POINT (9.259434404999979 35.65862699799999)
4,Es-Semiret Nord,السميرات الشمالية,,,9.13799275,35.74431127,Es-Semiret Nord,السميرات الشمالية,,,TN245854,Rouhia,الروحية,,,TN2458,Siliana,سليانـــة,,,TN24,North West,الشمال الغربي,,,TN2,Tunisie,,,,TN,2022-11-15,,v01,fr,ar,,,POINT (9.137992748999977 35.744311270000026)
4,Es-Semirat Sud,السميرات الجنوبية,,,9.20345466,35.71719742,Es-Semirat Sud,السميرات الجنوبية,,,TN245855,Rouhia,الروحية,,,TN2458,Siliana,سليانـــة,,,TN24,North West,الشمال الغربي,,,TN2,Tunisie,,,,TN,2022-11-15,,v01,fr,ar,,,POINT (9.203454664999981 35.71719741800001)
4,El Messahla,المساحلة,,,9.09377831,35.78195868,El Messahla,المساحلة,,,TN245856,Rouhia,الروحية,,,TN2458,Siliana,سليانـــة,,,TN24,North West,الشمال الغربي,,,TN2,Tunisie,,,,TN,2022-11-15,,v01,fr,ar,,,POINT (9.09377831400002 35.781958678000024)
4,El Haria,الهرية,,,9.04905155,35.71954756,El Haria,الهرية,,,TN245857,Rouhia,الروحية,,,TN2458,Siliana,سليانـــة,,,TN24,North West,الشمال الغربي,,,TN2,Tunisie,,,,TN,2022-11-15,,v01,fr,ar,,,POINT (9.049051554000016 35.71954755600001)
4,Er-Rouhia,الروحية,,,9.09121371,35.66993832,Er-Rouhia,الروحية,,,TN245858,Rouhia,الروحية,,,TN2458,Siliana,سليانـــة,,,TN24,North West,الشمال الغربي,,,TN2,Tunisie,,,,TN,2022-11-15,,v01,fr,ar,,,POINT (9.091213713999991 35.669938316000014)
4,El Hamaima,الحميمة,,,9.02538557,35.66491262,El Hamaima,الحميمة,,,TN245859,Rouhia,الروحية,,,TN2458,Siliana,سليانـــة,,,TN24,North West,الشمال الغربي,,,TN2,Tunisie,,,,TN,2022-11-15,,v01,fr,ar,,,POINT (9.025385565000022 35.664912621999974)
4,Bou-Ajila,بوعجيلة,,,9.16920039,35.65369278,Bou-Ajila,بوعجيلة,,,TN245860,Rouhia,الروحية,,,TN2458,Siliana,سليانـــة,,,TN24,North West,الشمال الغربي,,,TN2,Tunisie,,,,TN,2022-11-15,,v01,fr,ar,,,POINT (9.169200391000004 35.65369278200001)
4,Kesra,كسرى,,,9.3665484,35.79651648,Kesra,كسرى,,,TN245951,Kesra,كسرى,,,TN2459,Siliana,سليانـــة,,,TN24,North West,الشمال الغربي,,,TN2,Tunisie,,,,TN,2022-11-15,,v01,fr,ar,,,POINT (9.366548394999995 35.796516481000026)
4,El Hammam,الحمام,,,9.30261411,35.82417687,El Hammam,الحمام,,,TN245952,Kesra,كسرى,,,TN2459,Siliana,سليانـــة,,,TN24,North West,الشمال الغربي,,,TN2,Tunisie,,,,TN,2022-11-15,,v01,fr,ar,,,POINT (9.302614113000004 35.82417687399999)
4,El Mansoura Nord,المنصورة الشمالية,,,9.48261997,35.8378739,El Mansoura Nord,المنصورة الشمالية,,,TN245953,Kesra,كسرى,,,TN2459,Siliana,سليانـــة,,,TN24,North West,الشمال الغربي,,,TN2,Tunisie,,,,TN,2022-11-15,,v01,fr,ar,,,POINT (9.482619972000009 35.83787390100002)
4,El Mansoura Sud,المنصورة الجنوبية,,,9.47225202,35.80363038,El Mansoura Sud,المنصورة الجنوبية,,,TN245954,Kesra,كسرى,,,TN2459,Siliana,سليانـــة,,,TN24,North West,الشمال الغربي,,,TN2,Tunisie,,,,TN,2022-11-15,,v01,fr,ar,,,POINT (9.472252019999985 35.803630381999994)
4,Bou Abdallah,بوعبد اللّه,,,9.43776088,35.8761185,Bou Abdallah,بوعبد اللّه,,,TN245955,Kesra,كسرى,,,TN2459,Siliana,سليانـــة,,,TN24,North West,الشمال الغربي,,,TN2,Tunisie,,,,TN,2022-11-15,,v01,fr,ar,,,POINT (9.437760878000006 35.87611850500002)
4,El Karia Nord,القرية الشمالية,,,9.4337968,35.77195534,El Karia Nord,القرية الشمالية,,,TN245956,Kesra,كسرى,,,TN2459,Siliana,سليانـــة,,,TN24,North West,الشمال الغربي,,,TN2,Tunisie,,,,TN,2022-11-15,,v01,fr,ar,,,POINT (9.433796803000007 35.77195534200001)
4,El Karia Sud,القرية الجنوبية,,,9.48540249,35.75892454,El Karia Sud,القرية الجنوبية,,,TN245957,Kesra,كسرى,,,TN2459,Siliana,سليانـــة,,,TN24,North West,الشمال الغربي,,,TN2,Tunisie,,,,TN,2022-11-15,,v01,fr,ar,,,POINT (9.485402490000013 35.75892454000001)
4,El Foudhoul,الفضول,,,9.40368589,35.72669587,El Foudhoul,الفضول,,,TN245958,Kesra,كسرى,,,TN2459,Siliana,سليانـــة,,,TN24,North West,الشمال الغربي,,,TN2,Tunisie,,,,TN,2022-11-15,,v01,fr,ar,,,POINT (9.40368589000002 35.726695870000015)
4,El Louza,اللوزة,,,9.27893738,35.74862264,El Louza,اللوزة,,,TN245959,Kesra,كسرى,,,TN2459,Siliana,سليانـــة,,,TN24,North West,الشمال الغربي,,,TN2,Tunisie,,,,TN,2022-11-15,,v01,fr,ar,,,POINT (9.278937376999977 35.74862263699998)
4,Bargou,برقو,,,9.56604724,36.09236733,Bargou,برقو,,,TN246051,Bargou,برقو,,,TN2460,Siliana,سليانـــة,,,TN24,North West,الشمال الغربي,,,TN2,Tunisie,,,,TN,2022-11-15,,v01,fr,ar,,,POINT (9.566047242000025 36.09236732599999)
4,Banlieue Bargou,أحواز برقو,,,9.53191651,36.09638498,Banlieue Bargou,أحواز برقو,,,TN246052,Bargou,برقو,,,TN2460,Siliana,سليانـــة,,,TN24,North West,الشمال الغربي,,,TN2,Tunisie,,,,TN,2022-11-15,,v01,fr,ar,,,POINT (9.531916507000005 36.096384977000014)
4,Ouled Fredj,أولاد فرج,,,9.56924951,36.05376509,Ouled Fredj,أولاد فرج,,,TN246053,Bargou,برقو,,,TN2460,Siliana,سليانـــة,,,TN24,North West,الشمال الغربي,,,TN2,Tunisie,,,,TN,2022-11-15,,v01,fr,ar,,,POINT (9.569249515000024 36.05376509000001)
4,Sidi Said,سيدي سعيد,,,9.68683077,36.17706837,Sidi Said,سيدي سعيد,,,TN246054,Bargou,برقو,,,TN2460,Siliana,سليانـــة,,,TN24,North West,الشمال الغربي,,,TN2,Tunisie,,,,TN,2022-11-15,,v01,fr,ar,,,POINT (9.686830767000004 36.17706836899998)
4,Ain Fourna,عين فرنة,,,9.5950713,36.15358186,Ain Fourna,عين فرنة,,,TN246055,Bargou,برقو,,,TN2460,Siliana,سليانـــة,,,TN24,North West,الشمال الغربي,,,TN2,Tunisie,,,,TN,2022-11-15,,v01,fr,ar,,,POINT (9.595071296000015 36.15358185600002)
4,Ain Bous Saadia,عين بوسعدية,,,9.65688779,36.0560453,Ain Bous Saadia,عين بوسعدية,,,TN246056,Bargou,برقو,,,TN2460,Siliana,سليانـــة,,,TN24,North West,الشمال الغربي,,,TN2,Tunisie,,,,TN,2022-11-15,,v01,fr,ar,,,POINT (9.656887794 36.05604530099998)
4,Ed-Derija,الدريجة,,,9.70019663,36.11328918,Ed-Derija,الدريجة,,,TN246057,Bargou,برقو,,,TN2460,Siliana,سليانـــة,,,TN24,North West,الشمال الغربي,,,TN2,Tunisie,,,,TN,2022-11-15,,v01,fr,ar,,,POINT (9.700196625999979 36.11328918100003)
4,El Behirin,البحيرين,,,9.6075158,36.01354226,El Behirin,البحيرين,,,TN246058,Bargou,برقو,,,TN2460,Siliana,سليانـــة,,,TN24,North West,الشمال الغربي,,,TN2,Tunisie,,,,TN,2022-11-15,,v01,fr,ar,,,POINT (9.607515798999998 36.01354225699998)
4,El Aroussa,العروسة,,,9.44565248,36.39255268,El Aroussa,العروسة,,,TN246151,Laroussa,العروسة,,,TN2461,Siliana,سليانـــة,,,TN24,North West,الشمال الغربي,,,TN2,Tunisie,,,,TN,2022-11-15,,v01,fr,ar,,,POINT (9.445652483000003 36.39255268199997)
4,Bou Jlida,بوجليدة,,,9.51947045,36.41745385,Bou Jlida,بوجليدة,,,TN246152,Laroussa,العروسة,,,TN2461,Siliana,سليانـــة,,,TN24,North West,الشمال الغربي,,,TN2,Tunisie,,,,TN,2022-11-15,,v01,fr,ar,,,POINT (9.519470451000018 36.417453850000015)
4,Er Remil,الرميل,,,9.50692503,36.30826074,Er Remil,الرميل,,,TN246153,Laroussa,العروسة,,,TN2461,Siliana,سليانـــة,,,TN24,North West,الشمال الغربي,,,TN2,Tunisie,,,,TN,2022-11-15,,v01,fr,ar,,,POINT (9.506925027000023 36.308260743000005)
4,Mousrata,مسراطة,,,9.4350642,36.31455421,Mousrata,مسراطة,,,TN246154,Laroussa,العروسة,,,TN2461,Siliana,سليانـــة,,,TN24,North West,الشمال الغربي,,,TN2,Tunisie,,,,TN,2022-11-15,,v01,fr,ar,,,POINT (9.435064194999995 36.314554206000025)
4,Sidi Ayed,سيد عياد,,,9.3705874,36.36671795,Sidi Ayed,سيد عياد,,,TN246155,Laroussa,العروسة,,,TN2461,Siliana,سليانـــة,,,TN24,North West,الشمال الغربي,,,TN2,Tunisie,,,,TN,2022-11-15,,v01,fr,ar,,,POINT (9.370587401000023 36.36671795400002)
4,Bou Jaafer,بوجعفر,,,10.62881405,35.83910278,Bou Jaafer,بوجعفر,,,TN315151,Sousse Médina,سوسة المدينة,,,TN3151,Sousse,سوسة,,,TN31,Centre East,الوسط الشرقي,,,TN3,Tunisie,,,,TN,2022-11-15,,v01,fr,ar,,,POINT (10.628814047999981 35.83910278399998)
4,El Medina,المدينة,,,10.63747781,35.82398636,El Medina,المدينة,,,TN315152,Sousse Médina,سوسة المدينة,,,TN3151,Sousse,سوسة,,,TN31,Centre East,الوسط الشرقي,,,TN3,Tunisie,,,,TN,2022-11-15,,v01,fr,ar,,,POINT (10.637477814000022 35.82398635599998)
4,Ali Belhouan,علي البلهوان,,,10.64296244,35.81627985,Ali Belhouan,علي البلهوان,,,TN315153,Sousse Médina,سوسة المدينة,,,TN3151,Sousse,سوسة,,,TN31,Centre East,الوسط الشرقي,,,TN3,Tunisie,,,,TN,2022-11-15,,v01,fr,ar,,,POINT (10.642962441000009 35.81627985099999)
4,Mohamed Maarouf,محمد معروف,,,10.64419637,35.82807016,Mohamed Maarouf,محمد معروف,,,TN315154,Sousse Médina,سوسة المدينة,,,TN3151,Sousse,سوسة,,,TN31,Centre East,الوسط الشرقي,,,TN3,Tunisie,,,,TN,2022-11-15,,v01,fr,ar,,,POINT (10.64419637399999 35.828070158)
4,Khezama,خزامة,,,10.61263015,35.85370385,Khezama,خزامة,,,TN315155,Sousse Médina,سوسة المدينة,,,TN3151,Sousse,سوسة,,,TN31,Centre East,الوسط الشرقي,,,TN3,Tunisie,,,,TN,2022-11-15,,v01,fr,ar,,,POINT (10.612630149999973 35.853703852000024)
4,Ezzouhour,الزهور,,,10.57612522,35.79350077,Ezzouhour,الزهور,,,TN315254,Sousse Riadh,سوسة الرياض,,,TN3152,Sousse,سوسة,,,TN31,Centre East,الوسط الشرقي,,,TN3,Tunisie,,,,TN,2022-11-15,,v01,fr,ar,,,POINT (10.576125218000016 35.793500768)
4,Cite Er-Riadh,حي الرياض,,,10.59325985,35.79952304,Cite Er-Riadh,حي الرياض,,,TN315255,Sousse Riadh,سوسة الرياض,,,TN3152,Sousse,سوسة,,,TN31,Centre East,الوسط الشرقي,,,TN3,Tunisie,,,,TN,2022-11-15,,v01,fr,ar,,,POINT (10.593259853999996 35.79952303800002)
4,El Ahd El Jadid,العهد الجديد,,,10.59545927,35.81229723,El Ahd El Jadid,العهد الجديد,,,TN315256,Sousse Riadh,سوسة الرياض,,,TN3152,Sousse,سوسة,,,TN31,Centre East,الوسط الشرقي,,,TN3,Tunisie,,,,TN,2022-11-15,,v01,fr,ar,,,POINT (10.595459273000017 35.81229722900002)
4,Oued Blibane,وادي بليبان,,,10.60512299,35.8439648,Oued Blibane,وادي بليبان,,,TN315351,Sousse Jaouhara,سوسة جوهرة,,,TN3153,Sousse,سوسة,,,TN31,Centre East,الوسط الشرقي,,,TN3,Tunisie,,,,TN,2022-11-15,,v01,fr,ar,,,POINT (10.605122988999995 35.843964803000006)
4,Hached,حشاد,,,10.6177997,35.82909096,Hached,حشاد,,,TN315352,Sousse Jaouhara,سوسة جوهرة,,,TN3153,Sousse,سوسة,,,TN31,Centre East,الوسط الشرقي,,,TN3,Tunisie,,,,TN,2022-11-15,,v01,fr,ar,,,POINT (10.61779969600002 35.82909095500003)
4,Hedi Chaker,الهادي شاكر,,,10.61893946,35.81311208,Hedi Chaker,الهادي شاكر,,,TN315353,Sousse Jaouhara,سوسة جوهرة,,,TN3153,Sousse,سوسة,,,TN31,Centre East,الوسط الشرقي,,,TN3,Tunisie,,,,TN,2022-11-15,,v01,fr,ar,,,POINT (10.61893945700001 35.81311208300002)
4,Bou Hassina,بوحسينة,,,10.60946938,35.81885313,Bou Hassina,بوحسينة,,,TN315354,Sousse Jaouhara,سوسة جوهرة,,,TN3153,Sousse,سوسة,,,TN31,Centre East,الوسط الشرقي,,,TN3,Tunisie,,,,TN,2022-11-15,,v01,fr,ar,,,POINT (10.609469384000022 35.818853131000026)
4,Mohamed El Karoui,محمد القروي,,,10.62413592,35.83355486,Mohamed El Karoui,محمد القروي,,,TN315355,Sousse Jaouhara,سوسة جوهرة,,,TN3153,Sousse,سوسة,,,TN31,Centre East,الوسط الشرقي,,,TN3,Tunisie,,,,TN,2022-11-15,,v01,fr,ar,,,POINT (10.624135920000015 35.833554859)
4,Sahloul,سهلول,,,10.60011415,35.83563625,Sahloul,سهلول,,,TN315356,Sousse Jaouhara,سوسة جوهرة,,,TN3153,Sousse,سوسة,,,TN31,Centre East,الوسط الشرقي,,,TN3,Tunisie,,,,TN,2022-11-15,,v01,fr,ar,,,POINT (10.600114147 35.83563625400001)
4,Taieb M'Hiri,الطيب المهيري,,,10.62949025,35.8093772,Taieb M'Hiri,الطيب المهيري,,,TN315451,Sousse Sidi Abdelhamid,سوسة سيدي عبد الحميد,,,TN3154,Sousse,سوسة,,,TN31,Centre East,الوسط الشرقي,,,TN3,Tunisie,,,,TN,2022-11-15,,v01,fr,ar,,,POINT (10.629490245 35.80937719899998)
4,Ibn Khaldoun,إبن خلدون,,,10.6423963,35.80768555,Ibn Khaldoun,إبن خلدون,,,TN315452,Sousse Sidi Abdelhamid,سوسة سيدي عبد الحميد,,,TN3154,Sousse,سوسة,,,TN31,Centre East,الوسط الشرقي,,,TN3,Tunisie,,,,TN,2022-11-15,,v01,fr,ar,,,POINT (10.642396297999994 35.807685549999974)
4,Ksibet Ech-Chatt,قصيبة الشط,,,10.66276141,35.78873403,Ksibet Ech-Chatt,قصيبة الشط,,,TN315453,Sousse Sidi Abdelhamid,سوسة سيدي عبد الحميد,,,TN3154,Sousse,سوسة,,,TN31,Centre East,الوسط الشرقي,,,TN3,Tunisie,,,,TN,2022-11-15,,v01,fr,ar,,,POINT (10.662761408999984 35.78873402800002)
4,Sidi Abdelhamid,سيدي عبد الحميد,,,10.6695973,35.79494572,Sidi Abdelhamid,سيدي عبد الحميد,,,TN315454,Sousse Sidi Abdelhamid,سوسة سيدي عبد الحميد,,,TN3154,Sousse,سوسة,,,TN31,Centre East,الوسط الشرقي,,,TN3,Tunisie,,,,TN,2022-11-15,,v01,fr,ar,,,POINT (10.669597296000006 35.794945724)
4,El Medina,المدينة,,,10.59043672,35.86029539,El Medina,المدينة,,,TN315551,Hammam Sousse,حمام سوسة,,,TN3155,Sousse,سوسة,,,TN31,Centre East,الوسط الشرقي,,,TN3,Tunisie,,,,TN,2022-11-15,,v01,fr,ar,,,POINT (10.590436716999989 35.860295389999976)
4,El Kantaoui,القنطاوي,,,10.58549972,35.89101422,El Kantaoui,القنطاوي,,,TN315552,Hammam Sousse,حمام سوسة,,,TN3155,Sousse,سوسة,,,TN31,Centre East,الوسط الشرقي,,,TN3,Tunisie,,,,TN,2022-11-15,,v01,fr,ar,,,POINT (10.585499715000026 35.891014214999984)
4,Bir Moussa,بئر موسى,,,10.60198416,35.86433107,Bir Moussa,بئر موسى,,,TN315553,Hammam Sousse,حمام سوسة,,,TN3155,Sousse,سوسة,,,TN31,Centre East,الوسط الشرقي,,,TN3,Tunisie,,,,TN,2022-11-15,,v01,fr,ar,,,POINT (10.601984161000019 35.864331069)
4,Sahloul,سهلول,,,10.58014986,35.84761103,Sahloul,سهلول,,,TN315554,Hammam Sousse,حمام سوسة,,,TN3155,Sousse,سوسة,,,TN31,Centre East,الوسط الشرقي,,,TN3,Tunisie,,,,TN,2022-11-15,,v01,fr,ar,,,POINT (10.580149862999974 35.847611029999996)
4,El Gharabi,الغرابي,,,10.58469398,35.85549714,El Gharabi,الغرابي,,,TN315555,Hammam Sousse,حمام سوسة,,,TN3155,Sousse,سوسة,,,TN31,Centre East,الوسط الشرقي,,,TN3,Tunisie,,,,TN,2022-11-15,,v01,fr,ar,,,POINT (10.584693976999972 35.855497141)
4,Akouda Est,أكودة الشرقية,,,10.57343847,35.87910634,Akouda Est,أكودة الشرقية,,,TN315651,Akouda,اكودة,,,TN3156,Sousse,سوسة,,,TN31,Centre East,الوسط الشرقي,,,TN3,Tunisie,,,,TN,2022-11-15,,v01,fr,ar,,,POINT (10.573438466000027 35.87910634399998)
4,Akouda Ouest,أكودة الغربية,,,10.55757884,35.88241962,Akouda Ouest,أكودة الغربية,,,TN315652,Akouda,اكودة,,,TN3156,Sousse,سوسة,,,TN31,Centre East,الوسط الشرقي,,,TN3,Tunisie,,,,TN,2022-11-15,,v01,fr,ar,,,POINT (10.557578843999977 35.88241961699998)
4,Chott Meriam,شط مريم,,,10.54928888,35.93792485,Chott Meriam,شط مريم,,,TN315653,Akouda,اكودة,,,TN3156,Sousse,سوسة,,,TN31,Centre East,الوسط الشرقي,,,TN3,Tunisie,,,,TN,2022-11-15,,v01,fr,ar,,,POINT (10.54928887699998 35.93792484699998)
4,Chott Er-Romane,شط الرمان,,,10.55356977,35.8554452,Chott Er-Romane,شط الرمان,,,TN315654,Akouda,اكودة,,,TN3156,Sousse,سوسة,,,TN31,Centre East,الوسط الشرقي,,,TN3,Tunisie,,,,TN,2022-11-15,,v01,fr,ar,,,POINT (10.553569773999982 35.85544520299999)
4,El Fokaia,الفقاعية,,,10.52395122,35.94248762,El Fokaia,الفقاعية,,,TN315655,Akouda,اكودة,,,TN3156,Sousse,سوسة,,,TN31,Centre East,الوسط الشرقي,,,TN3,Tunisie,,,,TN,2022-11-15,,v01,fr,ar,,,POINT (10.523951215000011 35.94248761900002)
4,Ettantana,الطنطانة,,,10.56266328,35.91102232,Ettantana,الطنطانة,,,TN315656,Akouda,اكودة,,,TN3156,Sousse,سوسة,,,TN31,Centre East,الوسط الشرقي,,,TN3,Tunisie,,,,TN,2022-11-15,,v01,fr,ar,,,POINT (10.562663278999992 35.911022317000004)
4,El Jarabaa,الجرابعة,,,10.48932732,35.84110623,El Jarabaa,الجرابعة,,,TN315751,Kalaa Kebira,القلعة الكبرى,,,TN3157,Sousse,سوسة,,,TN31,Centre East,الوسط الشرقي,,,TN3,Tunisie,,,,TN,2022-11-15,,v01,fr,ar,,,POINT (10.489327318999983 35.841106224999976)
4,Zearna Ouest,الزعارنةالغربية,,,10.45549102,35.89292769,Zearna Ouest,الزعارنةالغربية,,,TN315752,Kalaa Kebira,القلعة الكبرى,,,TN3157,Sousse,سوسة,,,TN31,Centre East,الوسط الشرقي,,,TN3,Tunisie,,,,TN,2022-11-15,,v01,fr,ar,,,POINT (10.455491019000021 35.89292769299999)
4,Zearna Est,الزعارنة الشرقية,,,10.51576861,35.90273302,Zearna Est,الزعارنة الشرقية,,,TN315753,Kalaa Kebira,القلعة الكبرى,,,TN3157,Sousse,سوسة,,,TN31,Centre East,الوسط الشرقي,,,TN3,Tunisie,,,,TN,2022-11-15,,v01,fr,ar,,,POINT (10.515768610999999 35.902733023999986)
4,Ouled Mhamed,أولاد محمد,,,10.45379697,35.85183041,Ouled Mhamed,أولاد محمد,,,TN315754,Kalaa Kebira,القلعة الكبرى,,,TN3157,Sousse,سوسة,,,TN31,Centre East,الوسط الشرقي,,,TN3,Tunisie,,,,TN,2022-11-15,,v01,fr,ar,,,POINT (10.453796968999995 35.85183040999999)
4,Essed Ouest,السد الغربي,,,10.38619652,35.92150184,Essed Ouest,السد الغربي,,,TN315755,Kalaa Kebira,القلعة الكبرى,,,TN3157,Sousse,سوسة,,,TN31,Centre East,الوسط الشرقي,,,TN3,Tunisie,,,,TN,2022-11-15,,v01,fr,ar,,,POINT (10.386196519999999 35.92150184299999)
4,Balaoum,بلعوم,,,10.3759023,35.85740662,Balaoum,بلعوم,,,TN315756,Kalaa Kebira,القلعة الكبرى,,,TN3157,Sousse,سوسة,,,TN31,Centre East,الوسط الشرقي,,,TN3,Tunisie,,,,TN,2022-11-15,,v01,fr,ar,,,POINT (10.375902301999986 35.85740661900002)
4,Sidi Bou Ali,سيدي بوعلي,,,10.48006128,35.95935613,Sidi Bou Ali,سيدي بوعلي,,,TN315851,Sidi Bou Ali,سيدي بوعلي,,,TN3158,Sousse,سوسة,,,TN31,Centre East,الوسط الشرقي,,,TN3,Tunisie,,,,TN,2022-11-15,,v01,fr,ar,,,POINT (10.480061277000004 35.95935613099999)
4,Essed Sud,السد القبلي,,,10.4223817,35.93217179,Essed Sud,السد القبلي,,,TN315852,Sidi Bou Ali,سيدي بوعلي,,,TN3158,Sousse,سوسة,,,TN31,Centre East,الوسط الشرقي,,,TN3,Tunisie,,,,TN,2022-11-15,,v01,fr,ar,,,POINT (10.422381697999981 35.932171787000016)
4,Essed Nord (Essateh),السد الجوفي - السطح,,,10.41639959,35.95471971,Essed Nord (Essateh),السد الجوفي - السطح,,,TN315853,Sidi Bou Ali,سيدي بوعلي,,,TN3158,Sousse,سوسة,,,TN31,Centre East,الوسط الشرقي,,,TN3,Tunisie,,,,TN,2022-11-15,,v01,fr,ar,,,POINT (10.41639958899998 35.95471970599999)
4,Ech-Chouicha,الشويشة,,,10.37086165,35.96609159,Ech-Chouicha,الشويشة,,,TN315854,Sidi Bou Ali,سيدي بوعلي,,,TN3158,Sousse,سوسة,,,TN31,Centre East,الوسط الشرقي,,,TN3,Tunisie,,,,TN,2022-11-15,,v01,fr,ar,,,POINT (10.370861648000016 35.96609158799998)
4,Ouriemma,وريمة,,,10.45618284,35.92572267,Ouriemma,وريمة,,,TN315855,Sidi Bou Ali,سيدي بوعلي,,,TN3158,Sousse,سوسة,,,TN31,Centre East,الوسط الشرقي,,,TN3,Tunisie,,,,TN,2022-11-15,,v01,fr,ar,,,POINT (10.456182843000022 35.925722672000006)
4,Menzel El Mahatta,منزل المحطة,,,10.3561771,36.00513926,Menzel El Mahatta,منزل المحطة,,,TN315856,Sidi Bou Ali,سيدي بوعلي,,,TN3158,Sousse,سوسة,,,TN31,Centre East,الوسط الشرقي,,,TN3,Tunisie,,,,TN,2022-11-15,,v01,fr,ar,,,POINT (10.356177101000014 36.00513926399998)
4,Mehadhba,المهاذبة,,,10.43886295,35.98523394,Mehadhba,المهاذبة,,,TN315857,Sidi Bou Ali,سيدي بوعلي,,,TN3158,Sousse,سوسة,,,TN31,Centre East,الوسط الشرقي,,,TN3,Tunisie,,,,TN,2022-11-15,,v01,fr,ar,,,POINT (10.438862947000018 35.98523394099999)
4,Hergla,هرقلة,,,10.49771499,36.02829798,Hergla,هرقلة,,,TN315951,Hergla,هرقلة,,,TN3159,Sousse,سوسة,,,TN31,Centre East,الوسط الشرقي,,,TN3,Tunisie,,,,TN,2022-11-15,,v01,fr,ar,,,POINT (10.497714986000005 36.02829797999999)
4,El Aribet,العريبات,,,10.45605673,36.02997345,El Aribet,العريبات,,,TN315952,Hergla,هرقلة,,,TN3159,Sousse,سوسة,,,TN31,Centre East,الوسط الشرقي,,,TN3,Tunisie,,,,TN,2022-11-15,,v01,fr,ar,,,POINT (10.456056725999986 36.02997345099999)
4,Essouieh,السويح,,,10.39966969,36.03022044,Essouieh,السويح,,,TN315953,Hergla,هرقلة,,,TN3159,Sousse,سوسة,,,TN31,Centre East,الوسط الشرقي,,,TN3,Tunisie,,,,TN,2022-11-15,,v01,fr,ar,,,POINT (10.399669689999996 36.030220437000025)
4,Enfidha,النفيضة,,,10.4151891,36.09366934,Enfidha,النفيضة,,,TN316051,Enfidha,النفيضة,,,TN3160,Sousse,سوسة,,,TN31,Centre East,الوسط الشرقي,,,TN3,Tunisie,,,,TN,2022-11-15,,v01,fr,ar,,,POINT (10.415189096000006 36.093669336999994)
4,El Frada,الفرادة,,,10.32231815,36.08814796,El Frada,الفرادة,,,TN316052,Enfidha,النفيضة,,,TN3160,Sousse,سوسة,,,TN31,Centre East,الوسط الشرقي,,,TN3,Tunisie,,,,TN,2022-11-15,,v01,fr,ar,,,POINT (10.322318146999976 36.088147959000025)
4,Gerimet Est,قريميط الشرقية,,,10.26961345,36.09413954,Gerimet Est,قريميط الشرقية,,,TN316053,Enfidha,النفيضة,,,TN3160,Sousse,سوسة,,,TN31,Centre East,الوسط الشرقي,,,TN3,Tunisie,,,,TN,2022-11-15,,v01,fr,ar,,,POINT (10.269613451999987 36.094139540000015)
4,Gerimet Ouest,قريميط الغربية,,,10.23124773,36.06667883,Gerimet Ouest,قريميط الغربية,,,TN316054,Enfidha,النفيضة,,,TN3160,Sousse,سوسة,,,TN31,Centre East,الوسط الشرقي,,,TN3,Tunisie,,,,TN,2022-11-15,,v01,fr,ar,,,POINT (10.231247726999982 36.06667882900001)
4,Chegarnia,الشقارنية,,,10.42108891,36.16223099,Chegarnia,الشقارنية,,,TN316055,Enfidha,النفيضة,,,TN3160,Sousse,سوسة,,,TN31,Centre East,الوسط الشرقي,,,TN3,Tunisie,,,,TN,2022-11-15,,v01,fr,ar,,,POINT (10.421088913999995 36.16223099000001)
4,Ouled Abdellah,أولاد عبد الله,,,10.35422284,36.15107741,Ouled Abdellah,أولاد عبد الله,,,TN316056,Enfidha,النفيضة,,,TN3160,Sousse,سوسة,,,TN31,Centre East,الوسط الشرقي,,,TN3,Tunisie,,,,TN,2022-11-15,,v01,fr,ar,,,POINT (10.354222838999988 36.151077412999996)
4,Takrouna,تكرونة,,,10.32709153,36.14964829,Takrouna,تكرونة,,,TN316057,Enfidha,النفيضة,,,TN3160,Sousse,سوسة,,,TN31,Centre East,الوسط الشرقي,,,TN3,Tunisie,,,,TN,2022-11-15,,v01,fr,ar,,,POINT (10.327091531999997 36.14964828799998)
4,Menzel Fateh,منزل فاتح,,,10.30614127,36.13481404,Menzel Fateh,منزل فاتح,,,TN316058,Enfidha,النفيضة,,,TN3160,Sousse,سوسة,,,TN31,Centre East,الوسط الشرقي,,,TN3,Tunisie,,,,TN,2022-11-15,,v01,fr,ar,,,POINT (10.30614127199999 36.13481404100003)
4,El Garci,القارصي,,,10.25187493,36.14572943,El Garci,القارصي,,,TN316059,Enfidha,النفيضة,,,TN3160,Sousse,سوسة,,,TN31,Centre East,الوسط الشرقي,,,TN3,Tunisie,,,,TN,2022-11-15,,v01,fr,ar,,,POINT (10.251874928999996 36.145729431999996)
4,Ain Medhaker,عين مذاكر,,,10.2885663,36.19330512,Ain Medhaker,عين مذاكر,,,TN316060,Enfidha,النفيضة,,,TN3160,Sousse,سوسة,,,TN31,Centre East,الوسط الشرقي,,,TN3,Tunisie,,,,TN,2022-11-15,,v01,fr,ar,,,POINT (10.288566302999982 36.19330511700002)
4,Hicher,هيشر,,,10.22953184,36.12411178,Hicher,هيشر,,,TN316061,Enfidha,النفيضة,,,TN3160,Sousse,سوسة,,,TN31,Centre East,الوسط الشرقي,,,TN3,Tunisie,,,,TN,2022-11-15,,v01,fr,ar,,,POINT (10.229531844000007 36.12411177500002)
4,Menzel Dar Belouar,منزل دار بلواعر,,,10.32744492,36.03454737,Menzel Dar Belouar,منزل دار بلواعر,,,TN316062,Enfidha,النفيضة,,,TN3160,Sousse,سوسة,,,TN31,Centre East,الوسط الشرقي,,,TN3,Tunisie,,,,TN,2022-11-15,,v01,fr,ar,,,POINT (10.32744491699998 36.03454736499998)
4,M'Rabet Hached,مرابط حشاد,,,10.29288733,36.05854825,M'Rabet Hached,مرابط حشاد,,,TN316063,Enfidha,النفيضة,,,TN3160,Sousse,سوسة,,,TN31,Centre East,الوسط الشرقي,,,TN3,Tunisie,,,,TN,2022-11-15,,v01,fr,ar,,,POINT (10.292887327000017 36.05854824800002)
4,Bouficha,بوفيشة,,,10.44692778,36.30740792,Bouficha,بوفيشة,,,TN316151,Bouficha,بوفيشة,,,TN3161,Sousse,سوسة,,,TN31,Centre East,الوسط الشرقي,,,TN3,Tunisie,,,,TN,2022-11-15,,v01,fr,ar,,,POINT (10.44692777900002 36.30740792)
4,Oued El Kharroub,وادي الخروب,,,10.38737296,36.29604448,Oued El Kharroub,وادي الخروب,,,TN316152,Bouficha,بوفيشة,,,TN3161,Sousse,سوسة,,,TN31,Centre East,الوسط الشرقي,,,TN3,Tunisie,,,,TN,2022-11-15,,v01,fr,ar,,,POINT (10.387372955999979 36.29604448200001)
4,Sidi Khalifa,سيدي خليفة,,,10.41492123,36.26620829,Sidi Khalifa,سيدي خليفة,,,TN316153,Bouficha,بوفيشة,,,TN3161,Sousse,سوسة,,,TN31,Centre East,الوسط الشرقي,,,TN3,Tunisie,,,,TN,2022-11-15,,v01,fr,ar,,,POINT (10.414921234000019 36.26620829500001)
4,Essafha,الصفحة,,,10.35798412,36.19814791,Essafha,الصفحة,,,TN316154,Bouficha,بوفيشة,,,TN3161,Sousse,سوسة,,,TN31,Centre East,الوسط الشرقي,,,TN3,Tunisie,,,,TN,2022-11-15,,v01,fr,ar,,,POINT (10.357984117 36.19814790700002)
4,Sidi Said,سيدي سعيد,,,10.41703772,36.34907798,Sidi Said,سيدي سعيد,,,TN316155,Bouficha,بوفيشة,,,TN3161,Sousse,سوسة,,,TN31,Centre East,الوسط الشرقي,,,TN3,Tunisie,,,,TN,2022-11-15,,v01,fr,ar,,,POINT (10.417037717000028 36.349077979000015)
4,Ain Errahma,عين الرحمة,,,10.42565827,36.22250237,Ain Errahma,عين الرحمة,,,TN316156,Bouficha,بوفيشة,,,TN3161,Sousse,سوسة,,,TN31,Centre East,الوسط الشرقي,,,TN3,Tunisie,,,,TN,2022-11-15,,v01,fr,ar,,,POINT (10.425658266000028 36.22250237399999)
4,El Methalit,المثاليت,,,10.41386615,36.19052133,El Methalit,المثاليت,,,TN316157,Bouficha,بوفيشة,,,TN3161,Sousse,سوسة,,,TN31,Centre East,الوسط الشرقي,,,TN3,Tunisie,,,,TN,2022-11-15,,v01,fr,ar,,,POINT (10.41386614999999 36.19052133500003)
4,Esselloum,السلوم,,,10.47600212,36.28881596,Esselloum,السلوم,,,TN316158,Bouficha,بوفيشة,,,TN3161,Sousse,سوسة,,,TN31,Centre East,الوسط الشرقي,,,TN3,Tunisie,,,,TN,2022-11-15,,v01,fr,ar,,,POINT (10.476002117000007 36.28881596399998)
4,Sidi M'Tir,سيدي مطير,,,10.48565321,36.35795354,Sidi M'Tir,سيدي مطير,,,TN316159,Bouficha,بوفيشة,,,TN3161,Sousse,سوسة,,,TN31,Centre East,الوسط الشرقي,,,TN3,Tunisie,,,,TN,2022-11-15,,v01,fr,ar,,,POINT (10.485653211999988 36.35795354499999)
4,Kondar,كندار,,,10.28522345,35.93810911,Kondar,كندار,,,TN316251,Kondar,كندار,,,TN3162,Sousse,سوسة,,,TN31,Centre East,الوسط الشرقي,,,TN3,Tunisie,,,,TN,2022-11-15,,v01,fr,ar,,,POINT (10.285223444999986 35.938109114999975)
4,Bir El Jedid,البئر الجديد,,,10.20344533,35.86898062,Bir El Jedid,البئر الجديد,,,TN316252,Kondar,كندار,,,TN3162,Sousse,سوسة,,,TN31,Centre East,الوسط الشرقي,,,TN3,Tunisie,,,,TN,2022-11-15,,v01,fr,ar,,,POINT (10.203445326000008 35.86898062400002)
4,Belalma,البلالمة,,,10.24865038,35.90872294,Belalma,البلالمة,,,TN316253,Kondar,كندار,,,TN3162,Sousse,سوسة,,,TN31,Centre East,الوسط الشرقي,,,TN3,Tunisie,,,,TN,2022-11-15,,v01,fr,ar,,,POINT (10.248650383999973 35.90872294299999)
4,Bechachma,البشاشمة,,,10.19548749,35.8128826,Bechachma,البشاشمة,,,TN316254,Kondar,كندار,,,TN3162,Sousse,سوسة,,,TN31,Centre East,الوسط الشرقي,,,TN3,Tunisie,,,,TN,2022-11-15,,v01,fr,ar,,,POINT (10.195487492999973 35.81288260100001)
4,Ouled El Abed,أولاد العابد,,,10.27718416,35.97666839,Ouled El Abed,أولاد العابد,,,TN316255,Kondar,كندار,,,TN3162,Sousse,سوسة,,,TN31,Centre East,الوسط الشرقي,,,TN3,Tunisie,,,,TN,2022-11-15,,v01,fr,ar,,,POINT (10.277184163000015 35.97666838700002)
4,Gmata,القماطة,,,10.32864928,35.96173494,Gmata,القماطة,,,TN316256,Kondar,كندار,,,TN3162,Sousse,سوسة,,,TN31,Centre East,الوسط الشرقي,,,TN3,Tunisie,,,,TN,2022-11-15,,v01,fr,ar,,,POINT (10.328649281000025 35.961734939999985)
4,Ouled Ameur,أولاد عامر,,,10.28749407,36.01670113,Ouled Ameur,أولاد عامر,,,TN316257,Kondar,كندار,,,TN3162,Sousse,سوسة,,,TN31,Centre East,الوسط الشرقي,,,TN3,Tunisie,,,,TN,2022-11-15,,v01,fr,ar,,,POINT (10.287494073999994 36.01670112599999)
4,Sidi El Heni Centre,سيدي الهاني المركزية,,,10.29078169,35.70535444,Sidi El Heni Centre,سيدي الهاني المركزية,,,TN316351,Sidi El Heni,سيدي الهاني,,,TN3163,Sousse,سوسة,,,TN31,Centre East,الوسط الشرقي,,,TN3,Tunisie,,,,TN,2022-11-15,,v01,fr,ar,,,POINT (10.290781693999975 35.70535443900002)
4,Sidi El Heni Ouest,سيدي الهاني الغربية,,,10.24361228,35.70681827,Sidi El Heni Ouest,سيدي الهاني الغربية,,,TN316352,Sidi El Heni,سيدي الهاني,,,TN3163,Sousse,سوسة,,,TN31,Centre East,الوسط الشرقي,,,TN3,Tunisie,,,,TN,2022-11-15,,v01,fr,ar,,,POINT (10.24361227899999 35.70681826600003)
4,Sidi El Heni Sud,سيدي الهاني الجنوبية,,,10.32836587,35.63720583,Sidi El Heni Sud,سيدي الهاني الجنوبية,,,TN316353,Sidi El Heni,سيدي الهاني,,,TN3163,Sousse,سوسة,,,TN31,Centre East,الوسط الشرقي,,,TN3,Tunisie,,,,TN,2022-11-15,,v01,fr,ar,,,POINT (10.328365867999992 35.637205834999975)
4,Ouled Ali Belhani,أولاد علي بلهاني,,,10.359746,35.70721248,Ouled Ali Belhani,أولاد علي بلهاني,,,TN316354,Sidi El Heni,سيدي الهاني,,,TN3163,Sousse,سوسة,,,TN31,Centre East,الوسط الشرقي,,,TN3,Tunisie,,,,TN,2022-11-15,,v01,fr,ar,,,POINT (10.359746001000019 35.70721247900002)
4,Kroussia Ouest,كروسية الغربية,,,10.25661016,35.76721627,Kroussia Ouest,كروسية الغربية,,,TN316355,Sidi El Heni,سيدي الهاني,,,TN3163,Sousse,سوسة,,,TN31,Centre East,الوسط الشرقي,,,TN3,Tunisie,,,,TN,2022-11-15,,v01,fr,ar,,,POINT (10.25661015899999 35.76721626599999)
4,Kroussia Centrale,كروسية المركزية,,,10.34578987,35.752263,Kroussia Centrale,كروسية المركزية,,,TN316356,Sidi El Heni,سيدي الهاني,,,TN3163,Sousse,سوسة,,,TN31,Centre East,الوسط الشرقي,,,TN3,Tunisie,,,,TN,2022-11-15,,v01,fr,ar,,,POINT (10.345789871000022 35.75226299799999)
4,Ettouara Nord,التوارة الشمالية,,,10.5900003,35.74394752,Ettouara Nord,التوارة الشمالية,,,TN316451,M'Saken,مساكن,,,TN3164,Sousse,سوسة,,,TN31,Centre East,الوسط الشرقي,,,TN3,Tunisie,,,,TN,2022-11-15,,v01,fr,ar,,,POINT (10.59000030300001 35.74394751699998)
4,Ettouara Sud,التوارة الجنوبية,,,10.57885286,35.73231058,Ettouara Sud,التوارة الجنوبية,,,TN316452,M'Saken,مساكن,,,TN3164,Sousse,سوسة,,,TN31,Centre East,الوسط الشرقي,,,TN3,Tunisie,,,,TN,2022-11-15,,v01,fr,ar,,,POINT (10.578852858000005 35.73231057800001)
4,Jedidine,الجديدين,,,10.5728798,35.75880694,Jedidine,الجديدين,,,TN316453,M'Saken,مساكن,,,TN3164,Sousse,سوسة,,,TN31,Centre East,الوسط الشرقي,,,TN3,Tunisie,,,,TN,2022-11-15,,v01,fr,ar,,,POINT (10.57287979900002 35.758806935999985)
4,Jebline,الجبليين,,,10.57525551,35.72931743,Jebline,الجبليين,,,TN316454,M'Saken,مساكن,,,TN3164,Sousse,سوسة,,,TN31,Centre East,الوسط الشرقي,,,TN3,Tunisie,,,,TN,2022-11-15,,v01,fr,ar,,,POINT (10.575255509999977 35.72931742700001)
4,Habib Thameur,الحبيب ثامر,,,10.48611125,35.73668204,Habib Thameur,الحبيب ثامر,,,TN316455,M'Saken,مساكن,,,TN3164,Sousse,سوسة,,,TN31,Centre East,الوسط الشرقي,,,TN3,Tunisie,,,,TN,2022-11-15,,v01,fr,ar,,,POINT (10.486111250000022 35.736682041999984)
4,Mouredine,المردين,,,10.52139775,35.77002109,Mouredine,المردين,,,TN316456,M'Saken,مساكن,,,TN3164,Sousse,سوسة,,,TN31,Centre East,الوسط الشرقي,,,TN3,Tunisie,,,,TN,2022-11-15,,v01,fr,ar,,,POINT (10.52139775400002 35.770021086999975)
4,Mneaema,المناعمة,,,10.52986906,35.70098024,Mneaema,المناعمة,,,TN316457,M'Saken,مساكن,,,TN3164,Sousse,سوسة,,,TN31,Centre East,الوسط الشرقي,,,TN3,Tunisie,,,,TN,2022-11-15,,v01,fr,ar,,,POINT (10.529869061999989 35.700980241000025)
4,El Gharbine,الغربيين,,,10.57535299,35.72396554,El Gharbine,الغربيين,,,TN316458,M'Saken,مساكن,,,TN3164,Sousse,سوسة,,,TN31,Centre East,الوسط الشرقي,,,TN3,Tunisie,,,,TN,2022-11-15,,v01,fr,ar,,,POINT (10.575352994000013 35.723965537000026)
4,El Kenaies,الكنائس,,,10.48134178,35.64773474,El Kenaies,الكنائس,,,TN316459,M'Saken,مساكن,,,TN3164,Sousse,سوسة,,,TN31,Centre East,الوسط الشرقي,,,TN3,Tunisie,,,,TN,2022-11-15,,v01,fr,ar,,,POINT (10.481341781000026 35.64773474100002)
4,El Kebline,القبليين,,,10.6212915,35.7091134,El Kebline,القبليين,,,TN316460,M'Saken,مساكن,,,TN3164,Sousse,سوسة,,,TN31,Centre East,الوسط الشرقي,,,TN3,Tunisie,,,,TN,2022-11-15,,v01,fr,ar,,,POINT (10.621291496000026 35.70911340499998)
4,Ennour,النور,,,10.60562391,35.73881973,Ennour,النور,,,TN316461,M'Saken,مساكن,,,TN3164,Sousse,سوسة,,,TN31,Centre East,الوسط الشرقي,,,TN3,Tunisie,,,,TN,2022-11-15,,v01,fr,ar,,,POINT (10.605623908999974 35.738819733000014)
4,El Frady,الفرادي,,,10.51077186,35.58628982,El Frady,الفرادي,,,TN316462,M'Saken,مساكن,,,TN3164,Sousse,سوسة,,,TN31,Centre East,الوسط الشرقي,,,TN3,Tunisie,,,,TN,2022-11-15,,v01,fr,ar,,,POINT (10.510771857999998 35.586289815999976)
4,Borgine,البرجين,,,10.53558447,35.63409265,Borgine,البرجين,,,TN316463,M'Saken,مساكن,,,TN3164,Sousse,سوسة,,,TN31,Centre East,الوسط الشرقي,,,TN3,Tunisie,,,,TN,2022-11-15,,v01,fr,ar,,,POINT (10.535584474000018 35.63409265299998)
4,Beni Rabiaa,بني ربيعة,,,10.56821368,35.67602302,Beni Rabiaa,بني ربيعة,,,TN316464,M'Saken,مساكن,,,TN3164,Sousse,سوسة,,,TN31,Centre East,الوسط الشرقي,,,TN3,Tunisie,,,,TN,2022-11-15,,v01,fr,ar,,,POINT (10.568213676000028 35.676023015)
4,Beni Khalthoum,بني كلثوم,,,10.60952838,35.67565917,Beni Khalthoum,بني كلثوم,,,TN316465,M'Saken,مساكن,,,TN3164,Sousse,سوسة,,,TN31,Centre East,الوسط الشرقي,,,TN3,Tunisie,,,,TN,2022-11-15,,v01,fr,ar,,,POINT (10.609528378999983 35.67565917000002)
4,Nejajra,النجاجرة,,,10.56383648,35.69233209,Nejajra,النجاجرة,,,TN316466,M'Saken,مساكن,,,TN3164,Sousse,سوسة,,,TN31,Centre East,الوسط الشرقي,,,TN3,Tunisie,,,,TN,2022-11-15,,v01,fr,ar,,,POINT (10.563836477999985 35.692332093999994)
4,Messadine,المسعدين,,,10.60210279,35.76600084,Messadine,المسعدين,,,TN316467,M'Saken,مساكن,,,TN3164,Sousse,سوسة,,,TN31,Centre East,الوسط الشرقي,,,TN3,Tunisie,,,,TN,2022-11-15,,v01,fr,ar,,,POINT (10.602102790999993 35.76600083599999)
4,Kalaa Seghira Est,القلعة الصغرى الشرقية,,,10.57709262,35.82155186,Kalaa Seghira Est,القلعة الصغرى الشرقية,,,TN316551,Kalaa Sghira,القلعة الصغرى,,,TN3165,Sousse,سوسة,,,TN31,Centre East,الوسط الشرقي,,,TN3,Tunisie,,,,TN,2022-11-15,,v01,fr,ar,,,POINT (10.577092617999995 35.82155185800002)
4,Kalaa Seghira Hached,القلعة الصغرى حشاد,,,10.53220497,35.83158187,Kalaa Seghira Hached,القلعة الصغرى حشاد,,,TN316552,Kalaa Sghira,القلعة الصغرى,,,TN3165,Sousse,سوسة,,,TN31,Centre East,الوسط الشرقي,,,TN3,Tunisie,,,,TN,2022-11-15,,v01,fr,ar,,,POINT (10.53220497000001 35.831581871000026)
4,Kalaa Seghira Ville,القلعة الصغرى المدينة,,,10.54559447,35.8089246,Kalaa Seghira Ville,القلعة الصغرى المدينة,,,TN316553,Kalaa Sghira,القلعة الصغرى,,,TN3165,Sousse,سوسة,,,TN31,Centre East,الوسط الشرقي,,,TN3,Tunisie,,,,TN,2022-11-15,,v01,fr,ar,,,POINT (10.545594473999984 35.80892459500001)
4,En-Nagr,النقر,,,10.49775423,35.80192347,En-Nagr,النقر,,,TN316554,Kalaa Sghira,القلعة الصغرى,,,TN3165,Sousse,سوسة,,,TN31,Centre East,الوسط الشرقي,,,TN3,Tunisie,,,,TN,2022-11-15,,v01,fr,ar,,,POINT (10.497754235000002 35.801923466999995)
4,Oued Leya,وادي لاية,,,10.42657721,35.78636974,Oued Leya,وادي لاية,,,TN316555,Kalaa Sghira,القلعة الصغرى,,,TN3165,Sousse,سوسة,,,TN31,Centre East,الوسط الشرقي,,,TN3,Tunisie,,,,TN,2022-11-15,,v01,fr,ar,,,POINT (10.426577210000005 35.78636974099999)
4,Zaouit Sousse,زاوية سوسة,,,10.61730446,35.78588976,Zaouit Sousse,زاوية سوسة,,,TN316651,Zaouia Ksiba Thraya,الزاوية - القصيبة - الثريات,,,TN3166,Sousse,سوسة,,,TN31,Centre East,الوسط الشرقي,,,TN3,Tunisie,,,,TN,2022-11-15,,v01,fr,ar,,,POINT (10.617304461999993 35.78588975500003)
4,Ksibet Sousse,قصيبة سوسة,,,10.62764412,35.75578948,Ksibet Sousse,قصيبة سوسة,,,TN316652,Zaouia Ksiba Thraya,الزاوية - القصيبة - الثريات,,,TN3166,Sousse,سوسة,,,TN31,Centre East,الوسط الشرقي,,,TN3,Tunisie,,,,TN,2022-11-15,,v01,fr,ar,,,POINT (10.627644120000014 35.755789478)
4,Thrayet,الثريّات,,,10.65967126,35.75901392,Thrayet,الثريّات,,,TN316653,Zaouia Ksiba Thraya,الزاوية - القصيبة - الثريات,,,TN3166,Sousse,سوسة,,,TN31,Centre East,الوسط الشرقي,,,TN3,Tunisie,,,,TN,2022-11-15,,v01,fr,ar,,,POINT (10.659671258000003 35.75901392100002)
4,El Medina,المدينة,,,10.83264592,35.76940437,El Medina,المدينة,,,TN325151,Monastir,المنستير,,,TN3251,Monastir,المنستير,,,TN32,Centre East,الوسط الشرقي,,,TN3,Tunisie,,,,TN,2022-11-15,,v01,fr,ar,,,POINT (10.832645925000008 35.769404365000014)
4,El Medina 2,المدينة 2,,,10.83352858,35.7596276,El Medina 2,المدينة 2,,,TN325152,Monastir,المنستير,,,TN3251,Monastir,المنستير,,,TN32,Centre East,الوسط الشرقي,,,TN3,Tunisie,,,,TN,2022-11-15,,v01,fr,ar,,,POINT (10.833528579000017 35.75962759800001)
4,Bab El Gharbi,باب الغربي,,,10.81946942,35.77037509,Bab El Gharbi,باب الغربي,,,TN325153,Monastir,المنستير,,,TN3251,Monastir,المنستير,,,TN32,Centre East,الوسط الشرقي,,,TN3,Tunisie,,,,TN,2022-11-15,,v01,fr,ar,,,POINT (10.819469417999983 35.77037508500001)
4,Er-Rbat,الربط,,,10.82411658,35.77739127,Er-Rbat,الربط,,,TN325154,Monastir,المنستير,,,TN3251,Monastir,المنستير,,,TN32,Centre East,الوسط الشرقي,,,TN3,Tunisie,,,,TN,2022-11-15,,v01,fr,ar,,,POINT (10.824116581999988 35.777391266999985)
4,El Helia,الحلية,,,10.81882975,35.74407305,El Helia,الحلية,,,TN325155,Monastir,المنستير,,,TN3251,Monastir,المنستير,,,TN32,Centre East,الوسط الشرقي,,,TN3,Tunisie,,,,TN,2022-11-15,,v01,fr,ar,,,POINT (10.818829748999974 35.74407304699997)
4,El Halia 2,الحلية 2,,,10.79316003,35.74767545,El Halia 2,الحلية 2,,,TN325156,Monastir,المنستير,,,TN3251,Monastir,المنستير,,,TN32,Centre East,الوسط الشرقي,,,TN3,Tunisie,,,,TN,2022-11-15,,v01,fr,ar,,,POINT (10.79316002500002 35.74767545200001)
4,Skanes,صقانص,,,10.77701691,35.76590508,Skanes,صقانص,,,TN325157,Monastir,المنستير,,,TN3251,Monastir,المنستير,,,TN32,Centre East,الوسط الشرقي,,,TN3,Tunisie,,,,TN,2022-11-15,,v01,fr,ar,,,POINT (10.777016910999976 35.765905083999996)
4,Khenis Sud,خنيس الجنوبية,,,10.81787564,35.70328937,Khenis Sud,خنيس الجنوبية,,,TN325158,Monastir,المنستير,,,TN3251,Monastir,المنستير,,,TN32,Centre East,الوسط الشرقي,,,TN3,Tunisie,,,,TN,2022-11-15,,v01,fr,ar,,,POINT (10.817875641 35.703289367000025)
4,Khenis Nord,خنيس الشمالية,,,10.78614864,35.7236475,Khenis Nord,خنيس الشمالية,,,TN325159,Monastir,المنستير,,,TN3251,Monastir,المنستير,,,TN32,Centre East,الوسط الشرقي,,,TN3,Tunisie,,,,TN,2022-11-15,,v01,fr,ar,,,POINT (10.78614864399998 35.723647503999985)
4,Ouerdanine Nord,الوردانين الشمالية,,,10.65203745,35.7236765,Ouerdanine Nord,الوردانين الشمالية,,,TN325251,Ouerdanine,الوردانين,,,TN3252,Monastir,المنستير,,,TN32,Centre East,الوسط الشرقي,,,TN3,Tunisie,,,,TN,2022-11-15,,v01,fr,ar,,,POINT (10.652037447999987 35.723676496999985)
4,Ouerdaninie Sud,الوردانين الجنوبية,,,10.65665106,35.69382292,Ouerdaninie Sud,الوردانين الجنوبية,,,TN325252,Ouerdanine,الوردانين,,,TN3252,Monastir,المنستير,,,TN32,Centre East,الوسط الشرقي,,,TN3,Tunisie,,,,TN,2022-11-15,,v01,fr,ar,,,POINT (10.656651055999987 35.69382292400002)
4,Menzel Khair,منزل خير,,,10.70591755,35.6907293,Menzel Khair,منزل خير,,,TN325253,Ouerdanine,الوردانين,,,TN3252,Monastir,المنستير,,,TN32,Centre East,الوسط الشرقي,,,TN3,Tunisie,,,,TN,2022-11-15,,v01,fr,ar,,,POINT (10.705917548000002 35.690729299)
4,Sidi Bou Othman,سيدي بوعثمان,,,10.69774163,35.67710635,Sidi Bou Othman,سيدي بوعثمان,,,TN325254,Ouerdanine,الوردانين,,,TN3252,Monastir,المنستير,,,TN32,Centre East,الوسط الشرقي,,,TN3,Tunisie,,,,TN,2022-11-15,,v01,fr,ar,,,POINT (10.697741625999981 35.677106346000016)
4,Oued El Jebs,وادي الجبس,,,10.67507902,35.67979046,Oued El Jebs,وادي الجبس,,,TN325255,Ouerdanine,الوردانين,,,TN3252,Monastir,المنستير,,,TN32,Centre East,الوسط الشرقي,,,TN3,Tunisie,,,,TN,2022-11-15,,v01,fr,ar,,,POINT (10.675079021999977 35.67979045599998)
4,Sahline Est,الساحلين الشرقية,,,10.74891647,35.73567099,Sahline Est,الساحلين الشرقية,,,TN325351,Sahline,الساحلين,,,TN3253,Monastir,المنستير,,,TN32,Centre East,الوسط الشرقي,,,TN3,Tunisie,,,,TN,2022-11-15,,v01,fr,ar,,,POINT (10.748916473999998 35.73567098500001)
4,Sahline Ouest,الساحلين الغربية,,,10.70744412,35.74883261,Sahline Ouest,الساحلين الغربية,,,TN325352,Sahline,الساحلين,,,TN3253,Monastir,المنستير,,,TN32,Centre East,الوسط الشرقي,,,TN3,Tunisie,,,,TN,2022-11-15,,v01,fr,ar,,,POINT (10.707444115999976 35.748832612)
4,Sidi Ameur,سيدي عامر,,,10.69834206,35.73319057,Sidi Ameur,سيدي عامر,,,TN325353,Sahline,الساحلين,,,TN3253,Monastir,المنستير,,,TN32,Centre East,الوسط الشرقي,,,TN3,Tunisie,,,,TN,2022-11-15,,v01,fr,ar,,,POINT (10.698342061999995 35.73319056999998)
4,Mootmar,معتمر,,,10.68027509,35.7406659,Mootmar,معتمر,,,TN325354,Sahline,الساحلين,,,TN3253,Monastir,المنستير,,,TN32,Centre East,الوسط الشرقي,,,TN3,Tunisie,,,,TN,2022-11-15,,v01,fr,ar,,,POINT (10.680275086999984 35.74066590299998)
4,Masjed Aissa,مسجد عيسى,,,10.71737593,35.71845289,Masjed Aissa,مسجد عيسى,,,TN325355,Sahline,الساحلين,,,TN3253,Monastir,المنستير,,,TN32,Centre East,الوسط الشرقي,,,TN3,Tunisie,,,,TN,2022-11-15,,v01,fr,ar,,,POINT (10.717375931999982 35.71845288999998)
4,Mezaougha,المزاوغة,,,10.5633297,35.59527372,Mezaougha,المزاوغة,,,TN325451,Zeramdine,زرمدين,,,TN3254,Monastir,المنستير,,,TN32,Centre East,الوسط الشرقي,,,TN3,Tunisie,,,,TN,2022-11-15,,v01,fr,ar,,,POINT (10.563329701999976 35.59527372299999)
4,Menzel Hayet,منزل الحياة,,,10.62739001,35.52579904,Menzel Hayet,منزل الحياة,,,TN325452,Zeramdine,زرمدين,,,TN3254,Monastir,المنستير,,,TN32,Centre East,الوسط الشرقي,,,TN3,Tunisie,,,,TN,2022-11-15,,v01,fr,ar,,,POINT (10.627390014000014 35.525799043000006)
4,Melichet,المليشات,,,10.55019122,35.5238765,Melichet,المليشات,,,TN325453,Zeramdine,زرمدين,,,TN3254,Monastir,المنستير,,,TN32,Centre East,الوسط الشرقي,,,TN3,Tunisie,,,,TN,2022-11-15,,v01,fr,ar,,,POINT (10.550191218000009 35.523876495000025)
4,Zeramdine Nord,زرمدين الشمالية,,,10.70002199,35.58074525,Zeramdine Nord,زرمدين الشمالية,,,TN325454,Zeramdine,زرمدين,,,TN3254,Monastir,المنستير,,,TN32,Centre East,الوسط الشرقي,,,TN3,Tunisie,,,,TN,2022-11-15,,v01,fr,ar,,,POINT (10.700021988999993 35.580745245)
4,Zeramdine Sud,زرميدين الجنوبية,,,10.69844303,35.54521406,Zeramdine Sud,زرميدين الجنوبية,,,TN325455,Zeramdine,زرمدين,,,TN3254,Monastir,المنستير,,,TN32,Centre East,الوسط الشرقي,,,TN3,Tunisie,,,,TN,2022-11-15,,v01,fr,ar,,,POINT (10.69844303299999 35.54521405999998)
4,Beni Hassen Sud,بني حسان القبلية,,,10.82409536,35.55364834,Beni Hassen Sud,بني حسان القبلية,,,TN325551,Beni Hassen,بني حسان,,,TN3255,Monastir,المنستير,,,TN32,Centre East,الوسط الشرقي,,,TN3,Tunisie,,,,TN,2022-11-15,,v01,fr,ar,,,POINT (10.82409536199998 35.553648345)
4,Beni Hassen Nord,بني حسان الجوفية,,,10.80721503,35.5759324,Beni Hassen Nord,بني حسان الجوفية,,,TN325552,Beni Hassen,بني حسان,,,TN3255,Monastir,المنستير,,,TN32,Centre East,الوسط الشرقي,,,TN3,Tunisie,,,,TN,2022-11-15,,v01,fr,ar,,,POINT (10.807215025999994 35.57593240199998)
4,Hatem,حاتم,,,10.74128819,35.51858727,Hatem,حاتم,,,TN325553,Beni Hassen,بني حسان,,,TN3255,Monastir,المنستير,,,TN32,Centre East,الوسط الشرقي,,,TN3,Tunisie,,,,TN,2022-11-15,,v01,fr,ar,,,POINT (10.74128818600002 35.518587271)
4,El Jnaiha,الجنائحة,,,10.7724926,35.52610476,El Jnaiha,الجنائحة,,,TN325554,Beni Hassen,بني حسان,,,TN3255,Monastir,المنستير,,,TN32,Centre East,الوسط الشرقي,,,TN3,Tunisie,,,,TN,2022-11-15,,v01,fr,ar,,,POINT (10.772492600000021 35.526104756999985)
4,Ghnada,الغنادة,,,10.67938804,35.49764813,Ghnada,الغنادة,,,TN325555,Beni Hassen,بني حسان,,,TN3255,Monastir,المنستير,,,TN32,Centre East,الوسط الشرقي,,,TN3,Tunisie,,,,TN,2022-11-15,,v01,fr,ar,,,POINT (10.679388043000017 35.497648131000005)
4,Jamel Sud,جمال القبلية,,,10.76863115,35.60770317,Jamel Sud,جمال القبلية,,,TN325651,Jammel,جمال,,,TN3256,Monastir,المنستير,,,TN32,Centre East,الوسط الشرقي,,,TN3,Tunisie,,,,TN,2022-11-15,,v01,fr,ar,,,POINT (10.768631147000008 35.607703171000026)
4,Jamel Nord,جمال الجوفية,,,10.72373895,35.63251854,Jamel Nord,جمال الجوفية,,,TN325652,Jammel,جمال,,,TN3256,Monastir,المنستير,,,TN32,Centre East,الوسط الشرقي,,,TN3,Tunisie,,,,TN,2022-11-15,,v01,fr,ar,,,POINT (10.723738954999988 35.632518538)
4,Jamel Est,جمال الشرقية,,,10.79627827,35.61663888,Jamel Est,جمال الشرقية,,,TN325653,Jammel,جمال,,,TN3256,Monastir,المنستير,,,TN32,Centre East,الوسط الشرقي,,,TN3,Tunisie,,,,TN,2022-11-15,,v01,fr,ar,,,POINT (10.796278272999984 35.61663887499998)
4,Jamel Ouest,جمال الغربية,,,10.74296291,35.60416719,Jamel Ouest,جمال الغربية,,,TN325654,Jammel,جمال,,,TN3256,Monastir,المنستير,,,TN32,Centre East,الوسط الشرقي,,,TN3,Tunisie,,,,TN,2022-11-15,,v01,fr,ar,,,POINT (10.742962907999981 35.60416718900001)
4,Zaouiet Kontoch,زاوية قنطش,,,10.76186869,35.64674073,Zaouiet Kontoch,زاوية قنطش,,,TN325655,Jammel,جمال,,,TN3256,Monastir,المنستير,,,TN32,Centre East,الوسط الشرقي,,,TN3,Tunisie,,,,TN,2022-11-15,,v01,fr,ar,,,POINT (10.761868685000024 35.64674072600002)
4,Bir Taieb,بئر الطيب,,,10.67737187,35.65767316,Bir Taieb,بئر الطيب,,,TN325656,Jammel,جمال,,,TN3256,Monastir,المنستير,,,TN32,Centre East,الوسط الشرقي,,,TN3,Tunisie,,,,TN,2022-11-15,,v01,fr,ar,,,POINT (10.677371866999977 35.65767315699998)
4,Menzel Kamel,منزل كامل,,,10.6617855,35.6359205,Menzel Kamel,منزل كامل,,,TN325657,Jammel,جمال,,,TN3256,Monastir,المنستير,,,TN32,Centre East,الوسط الشرقي,,,TN3,Tunisie,,,,TN,2022-11-15,,v01,fr,ar,,,POINT (10.661785499000018 35.6359205)
4,El Hdadra,الهدادرة,,,10.63025652,35.60223404,El Hdadra,الهدادرة,,,TN325658,Jammel,جمال,,,TN3256,Monastir,المنستير,,,TN32,Centre East,الوسط الشرقي,,,TN3,Tunisie,,,,TN,2022-11-15,,v01,fr,ar,,,POINT (10.630256523000014 35.60223403499998)
4,Et-Teyaira,الطيايرة,,,10.77584128,35.56845866,Et-Teyaira,الطيايرة,,,TN325659,Jammel,جمال,,,TN3256,Monastir,المنستير,,,TN32,Centre East,الوسط الشرقي,,,TN3,Tunisie,,,,TN,2022-11-15,,v01,fr,ar,,,POINT (10.775841281999988 35.56845866399999)
4,Bembla,بنبلة,,,10.77610123,35.7026841,Bembla,بنبلة,,,TN325751,Bembla,بنبلة,,,TN3257,Monastir,المنستير,,,TN32,Centre East,الوسط الشرقي,,,TN3,Tunisie,,,,TN,2022-11-15,,v01,fr,ar,,,POINT (10.776101229000005 35.70268410199998)
4,Bembla Ouest,بنبلة الغربية,,,10.79035015,35.679983,Bembla Ouest,بنبلة الغربية,,,TN325752,Bembla,بنبلة,,,TN3257,Monastir,المنستير,,,TN32,Centre East,الوسط الشرقي,,,TN3,Tunisie,,,,TN,2022-11-15,,v01,fr,ar,,,POINT (10.79035015300002 35.679983005)
4,El Manara,المنارة,,,10.76369513,35.6885313,El Manara,المنارة,,,TN325753,Bembla,بنبلة,,,TN3257,Monastir,المنستير,,,TN32,Centre East,الوسط الشرقي,,,TN3,Tunisie,,,,TN,2022-11-15,,v01,fr,ar,,,POINT (10.763695129999974 35.688531305000026)
4,Menzel En-Nour,منزل النور,,,10.7747612,35.66496537,Menzel En-Nour,منزل النور,,,TN325754,Bembla,بنبلة,,,TN3257,Monastir,المنستير,,,TN32,Centre East,الوسط الشرقي,,,TN3,Tunisie,,,,TN,2022-11-15,,v01,fr,ar,,,POINT (10.774761204000015 35.66496536599999)
4,El Masdour,المصدور,,,10.730273,35.67070437,El Masdour,المصدور,,,TN325755,Bembla,بنبلة,,,TN3257,Monastir,المنستير,,,TN32,Centre East,الوسط الشرقي,,,TN3,Tunisie,,,,TN,2022-11-15,,v01,fr,ar,,,POINT (10.730272999000022 35.670704371)
4,Menzel Harb,منزل حرب,,,10.74310467,35.70207385,Menzel Harb,منزل حرب,,,TN325756,Bembla,بنبلة,,,TN3257,Monastir,المنستير,,,TN32,Centre East,الوسط الشرقي,,,TN3,Tunisie,,,,TN,2022-11-15,,v01,fr,ar,,,POINT (10.743104671000026 35.70207384499997)
4,Moknine Est,المكنين الشرقية,,,10.92062258,35.62575291,Moknine Est,المكنين الشرقية,,,TN325851,Moknine,المكنين,,,TN3258,Monastir,المنستير,,,TN32,Centre East,الوسط الشرقي,,,TN3,Tunisie,,,,TN,2022-11-15,,v01,fr,ar,,,POINT (10.92062258300001 35.62575290799998)
4,Moknine Sud,المكنين القبلية,,,10.90498594,35.58408516,Moknine Sud,المكنين القبلية,,,TN325852,Moknine,المكنين,,,TN3258,Monastir,المنستير,,,TN32,Centre East,الوسط الشرقي,,,TN3,Tunisie,,,,TN,2022-11-15,,v01,fr,ar,,,POINT (10.904985943999975 35.584085164999976)
4,Moknine Nord,المكنين الجوفية,,,10.90048315,35.63395823,Moknine Nord,المكنين الجوفية,,,TN325853,Moknine,المكنين,,,TN3258,Monastir,المنستير,,,TN32,Centre East,الوسط الشرقي,,,TN3,Tunisie,,,,TN,2022-11-15,,v01,fr,ar,,,POINT (10.900483149000024 35.63395822899997)
4,Ras El Ouad,رأس الوادي,,,10.91379872,35.6410372,Ras El Ouad,رأس الوادي,,,TN325854,Moknine,المكنين,,,TN3258,Monastir,المنستير,,,TN32,Centre East,الوسط الشرقي,,,TN3,Tunisie,,,,TN,2022-11-15,,v01,fr,ar,,,POINT (10.913798718999999 35.641037203999986)
4,Moknine Ouest,المكنين الغربية,,,10.88785929,35.63296629,Moknine Ouest,المكنين الغربية,,,TN325855,Moknine,المكنين,,,TN3258,Monastir,المنستير,,,TN32,Centre East,الوسط الشرقي,,,TN3,Tunisie,,,,TN,2022-11-15,,v01,fr,ar,,,POINT (10.887859288000016 35.63296629400003)
4,Kheredine,خير الدين,,,10.86366221,35.60089278,Kheredine,خير الدين,,,TN325856,Moknine,المكنين,,,TN3258,Monastir,المنستير,,,TN32,Centre East,الوسط الشرقي,,,TN3,Tunisie,,,,TN,2022-11-15,,v01,fr,ar,,,POINT (10.863662214999977 35.60089277999998)
4,Sidi Bennour,سيدي بنور,,,10.90038849,35.5281671,Sidi Bennour,سيدي بنور,,,TN325857,Moknine,المكنين,,,TN3258,Monastir,المنستير,,,TN32,Centre East,الوسط الشرقي,,,TN3,Tunisie,,,,TN,2022-11-15,,v01,fr,ar,,,POINT (10.900388489000022 35.52816710100001)
4,Menzel Farsi,منزل فارسي,,,10.8655294,35.56050941,Menzel Farsi,منزل فارسي,,,TN325858,Moknine,المكنين,,,TN3258,Monastir,المنستير,,,TN32,Centre East,الوسط الشرقي,,,TN3,Tunisie,,,,TN,2022-11-15,,v01,fr,ar,,,POINT (10.865529403999972 35.560509411)
4,Cherahil,الشراحيل,,,10.85661445,35.51185305,Cherahil,الشراحيل,,,TN325859,Moknine,المكنين,,,TN3258,Monastir,المنستير,,,TN32,Centre East,الوسط الشرقي,,,TN3,Tunisie,,,,TN,2022-11-15,,v01,fr,ar,,,POINT (10.856614449999995 35.511853051)
4,Amiret El Fehoul,عميرة الفحول,,,10.81291512,35.4657236,Amiret El Fehoul,عميرة الفحول,,,TN325860,Moknine,المكنين,,,TN3258,Monastir,المنستير,,,TN32,Centre East,الوسط الشرقي,,,TN3,Tunisie,,,,TN,2022-11-15,,v01,fr,ar,,,POINT (10.812915124000028 35.46572359700002)
4,Amiret El Hojjaj,عميرة الحجاج,,,10.80937512,35.50445138,Amiret El Hojjaj,عميرة الحجاج,,,TN325861,Moknine,المكنين,,,TN3258,Monastir,المنستير,,,TN32,Centre East,الوسط الشرقي,,,TN3,Tunisie,,,,TN,2022-11-15,,v01,fr,ar,,,POINT (10.809375117000002 35.50445138399999)
4,Amiret Touazra,عميرة التوازرة,,,10.75105435,35.46901579,Amiret Touazra,عميرة التوازرة,,,TN325862,Moknine,المكنين,,,TN3258,Monastir,المنستير,,,TN32,Centre East,الوسط الشرقي,,,TN3,Tunisie,,,,TN,2022-11-15,,v01,fr,ar,,,POINT (10.751054346999979 35.469015789000025)
4,Amiret Touazra Sud,عميرة التوزارةالجنوبية,,,10.76976105,35.47248078,Amiret Touazra Sud,عميرة التوزارةالجنوبية,,,TN325863,Moknine,المكنين,,,TN3258,Monastir,المنستير,,,TN32,Centre East,الوسط الشرقي,,,TN3,Tunisie,,,,TN,2022-11-15,,v01,fr,ar,,,POINT (10.769761046999974 35.47248078299998)
4,Bekalta Nord,البقالطة الشمالية,,,11.00427716,35.62743682,Bekalta Nord,البقالطة الشمالية,,,TN325951,Bekalta,البقالطة,,,TN3259,Monastir,المنستير,,,TN32,Centre East,الوسط الشرقي,,,TN3,Tunisie,,,,TN,2022-11-15,,v01,fr,ar,,,POINT (11.004277160000015 35.627436816)
4,Beklta Sud,البقالطة الجنوبية,,,10.99701965,35.59735077,Beklta Sud,البقالطة الجنوبية,,,TN325952,Bekalta,البقالطة,,,TN3259,Monastir,المنستير,,,TN32,Centre East,الوسط الشرقي,,,TN3,Tunisie,,,,TN,2022-11-15,,v01,fr,ar,,,POINT (10.997019653999985 35.59735077099998)
4,El Baghdadi,البغدادي,,,11.00997254,35.57149594,El Baghdadi,البغدادي,,,TN325953,Bekalta,البقالطة,,,TN3259,Monastir,المنستير,,,TN32,Centre East,الوسط الشرقي,,,TN3,Tunisie,,,,TN,2022-11-15,,v01,fr,ar,,,POINT (11.009972538999989 35.57149593499997)
4,Beklta Est,البقالطة الشرقية,,,11.02881364,35.61038767,Beklta Est,البقالطة الشرقية,,,TN325954,Bekalta,البقالطة,,,TN3259,Monastir,المنستير,,,TN32,Centre East,الوسط الشرقي,,,TN3,Tunisie,,,,TN,2022-11-15,,v01,fr,ar,,,POINT (11.028813637999974 35.61038767000002)
4,Houmet Essouk,حومة السوق,,,10.97394997,35.64336303,Houmet Essouk,حومة السوق,,,TN326051,Teboulba,طبلبة,,,TN3260,Monastir,المنستير,,,TN32,Centre East,الوسط الشرقي,,,TN3,Tunisie,,,,TN,2022-11-15,,v01,fr,ar,,,POINT (10.973949964999974 35.643363025999975)
4,El Fadhline,الفضلين,,,10.98628914,35.63890846,El Fadhline,الفضلين,,,TN326052,Teboulba,طبلبة,,,TN3260,Monastir,المنستير,,,TN32,Centre East,الوسط الشرقي,,,TN3,Tunisie,,,,TN,2022-11-15,,v01,fr,ar,,,POINT (10.986289144000011 35.638908464)
4,El Aiaicha,العيايشة,,,10.95556324,35.62891737,El Aiaicha,العيايشة,,,TN326053,Teboulba,طبلبة,,,TN3260,Monastir,المنستير,,,TN32,Centre East,الوسط الشرقي,,,TN3,Tunisie,,,,TN,2022-11-15,,v01,fr,ar,,,POINT (10.955563242999972 35.62891737299998)
4,Sokrine,السكرين,,,10.96484204,35.65292743,Sokrine,السكرين,,,TN326054,Teboulba,طبلبة,,,TN3260,Monastir,المنستير,,,TN32,Centre East,الوسط الشرقي,,,TN3,Tunisie,,,,TN,2022-11-15,,v01,fr,ar,,,POINT (10.964842042999976 35.65292742899999)
4,Bou-Driss,بودريس,,,10.94743444,35.64481447,Bou-Driss,بودريس,,,TN326055,Teboulba,طبلبة,,,TN3260,Monastir,المنستير,,,TN32,Centre East,الوسط الشرقي,,,TN3,Tunisie,,,,TN,2022-11-15,,v01,fr,ar,,,POINT (10.947434439999995 35.64481446799999)
4,Ayed,عياد,,,10.90618842,35.6516,Ayed,عياد,,,TN326151,Ksar Hellal,قصر هلال,,,TN3261,Monastir,المنستير,,,TN32,Centre East,الوسط الشرقي,,,TN3,Tunisie,,,,TN,2022-11-15,,v01,fr,ar,,,POINT (10.906188419999978 35.65160000200001)
4,Soua,صوة,,,10.86445354,35.64140317,Soua,صوة,,,TN326152,Ksar Hellal,قصر هلال,,,TN3261,Monastir,المنستير,,,TN32,Centre East,الوسط الشرقي,,,TN3,Tunisie,,,,TN,2022-11-15,,v01,fr,ar,,,POINT (10.864453541999978 35.641403173000015)
4,Bouzouita,بوزويتة,,,10.85868916,35.62090649,Bouzouita,بوزويتة,,,TN326153,Ksar Hellal,قصر هلال,,,TN3261,Monastir,المنستير,,,TN32,Centre East,الوسط الشرقي,,,TN3,Tunisie,,,,TN,2022-11-15,,v01,fr,ar,,,POINT (10.858689156000025 35.62090648999998)
4,Cite Erriadh,حي الرياض,,,10.85882066,35.6531528,Cite Erriadh,حي الرياض,,,TN326154,Ksar Hellal,قصر هلال,,,TN3261,Monastir,المنستير,,,TN32,Centre East,الوسط الشرقي,,,TN3,Tunisie,,,,TN,2022-11-15,,v01,fr,ar,,,POINT (10.858820657000024 35.65315279800001)
4,Ksibet El Mediouni,قصيبةالمديوني,,,10.83719168,35.68513609,Ksibet El Mediouni,قصيبةالمديوني,,,TN326251,Ksibet El Mediouni,قصيبة المديوني,,,TN3262,Monastir,المنستير,,,TN32,Centre East,الوسط الشرقي,,,TN3,Tunisie,,,,TN,2022-11-15,,v01,fr,ar,,,POINT (10.837191680999979 35.68513608699999)
4,Touza,طوزة,,,10.83150836,35.61714616,Touza,طوزة,,,TN326252,Ksibet El Mediouni,قصيبة المديوني,,,TN3262,Monastir,المنستير,,,TN32,Centre East,الوسط الشرقي,,,TN3,Tunisie,,,,TN,2022-11-15,,v01,fr,ar,,,POINT (10.831508362000022 35.61714616400002)
4,Benen Sud,بنان القبلية,,,10.84496223,35.66712516,Benen Sud,بنان القبلية,,,TN326253,Ksibet El Mediouni,قصيبة المديوني,,,TN3262,Monastir,المنستير,,,TN32,Centre East,الوسط الشرقي,,,TN3,Tunisie,,,,TN,2022-11-15,,v01,fr,ar,,,POINT (10.844962227999986 35.667125161)
4,Benen Nord,بنان الجوفية,,,10.82086437,35.67550362,Benen Nord,بنان الجوفية,,,TN326254,Ksibet El Mediouni,قصيبة المديوني,,,TN3262,Monastir,المنستير,,,TN32,Centre East,الوسط الشرقي,,,TN3,Tunisie,,,,TN,2022-11-15,,v01,fr,ar,,,POINT (10.820864366000023 35.67550361999997)
4,Bodher,بوضر,,,10.81810843,35.65800917,Bodher,بوضر,,,TN326255,Ksibet El Mediouni,قصيبة المديوني,,,TN3262,Monastir,المنستير,,,TN32,Centre East,الوسط الشرقي,,,TN3,Tunisie,,,,TN,2022-11-15,,v01,fr,ar,,,POINT (10.81810843300002 35.658009166)
4,Sayada Est,صيادة الشرقية,,,10.90845388,35.66640917,Sayada Est,صيادة الشرقية,,,TN326351,Sayada-Lamta-Bou Hjar,صيادة - لمطة - بوحجر,,,TN3263,Monastir,المنستير,,,TN32,Centre East,الوسط الشرقي,,,TN3,Tunisie,,,,TN,2022-11-15,,v01,fr,ar,,,POINT (10.908453878999978 35.66640917299998)
4,Sayada Ouest,صيادة الغربية,,,10.90542726,35.66058638,Sayada Ouest,صيادة الغربية,,,TN326352,Sayada-Lamta-Bou Hjar,صيادة - لمطة - بوحجر,,,TN3263,Monastir,المنستير,,,TN32,Centre East,الوسط الشرقي,,,TN3,Tunisie,,,,TN,2022-11-15,,v01,fr,ar,,,POINT (10.905427261 35.66058638300001)
4,Lamta,لمطة,,,10.87900272,35.66960647,Lamta,لمطة,,,TN326353,Sayada-Lamta-Bou Hjar,صيادة - لمطة - بوحجر,,,TN3263,Monastir,المنستير,,,TN32,Centre East,الوسط الشرقي,,,TN3,Tunisie,,,,TN,2022-11-15,,v01,fr,ar,,,POINT (10.879002720000017 35.669606472)
4,Bou-Hjar,بوحجر,,,10.86246112,35.66929081,Bou-Hjar,بوحجر,,,TN326354,Sayada-Lamta-Bou Hjar,صيادة - لمطة - بوحجر,,,TN3263,Monastir,المنستير,,,TN32,Centre East,الوسط الشرقي,,,TN3,Tunisie,,,,TN,2022-11-15,,v01,fr,ar,,,POINT (10.86246111600002 35.66929081000001)
4,Mahdia,المهدية,,,11.07104356,35.50440978,Mahdia,المهدية,,,TN335151,Mahdia,المهدية,,,TN3351,Mahdia,المهدية,,,TN33,Centre East,الوسط الشرقي,,,TN3,Tunisie,,,,TN,2022-11-15,,v01,fr,ar,,,POINT (11.07104356100001 35.50440978400002)
4,Zouila,زويلة,,,11.0580265,35.50667013,Zouila,زويلة,,,TN335152,Mahdia,المهدية,,,TN3351,Mahdia,المهدية,,,TN33,Centre East,الوسط الشرقي,,,TN3,Tunisie,,,,TN,2022-11-15,,v01,fr,ar,,,POINT (11.058026500999972 35.50667013100002)
4,Zouila Sud,زويلة الجنوبية,,,11.05462119,35.49311635,Zouila Sud,زويلة الجنوبية,,,TN335153,Mahdia,المهدية,,,TN3351,Mahdia,المهدية,,,TN33,Centre East,الوسط الشرقي,,,TN3,Tunisie,,,,TN,2022-11-15,,v01,fr,ar,,,POINT (11.05462118700001 35.493116348)
4,Rejiche,رجيش,,,11.01346584,35.46219062,Rejiche,رجيش,,,TN335154,Mahdia,المهدية,,,TN3351,Mahdia,المهدية,,,TN33,Centre East,الوسط الشرقي,,,TN3,Tunisie,,,,TN,2022-11-15,,v01,fr,ar,,,POINT (11.013465834999977 35.462190624000016)
4,Rejiche Sud,رجيش الجنوبية,,,11.03648021,35.46088306,Rejiche Sud,رجيش الجنوبية,,,TN335155,Mahdia,المهدية,,,TN3351,Mahdia,المهدية,,,TN33,Centre East,الوسط الشرقي,,,TN3,Tunisie,,,,TN,2022-11-15,,v01,fr,ar,,,POINT (11.036480208 35.46088306199999)
4,Chiba,شيبة,,,10.94227521,35.51736583,Chiba,شيبة,,,TN335156,Mahdia,المهدية,,,TN3351,Mahdia,المهدية,,,TN33,Centre East,الوسط الشرقي,,,TN3,Tunisie,,,,TN,2022-11-15,,v01,fr,ar,,,POINT (10.94227521099998 35.517365831999996)
4,Es-Saad,السعد,,,10.93689588,35.47663293,Es-Saad,السعد,,,TN335157,Mahdia,المهدية,,,TN3351,Mahdia,المهدية,,,TN33,Centre East,الوسط الشرقي,,,TN3,Tunisie,,,,TN,2022-11-15,,v01,fr,ar,,,POINT (10.936895884000023 35.476632929999994)
4,Jaouaouda,الجواودة,,,10.88563245,35.48384966,Jaouaouda,الجواودة,,,TN335158,Mahdia,المهدية,,,TN3351,Mahdia,المهدية,,,TN33,Centre East,الوسط الشرقي,,,TN3,Tunisie,,,,TN,2022-11-15,,v01,fr,ar,,,POINT (10.885632444999999 35.48384966100002)
4,Ez-Zahra,الزهراء,,,11.01149616,35.50012758,Ez-Zahra,الزهراء,,,TN335159,Mahdia,المهدية,,,TN3351,Mahdia,المهدية,,,TN33,Centre East,الوسط الشرقي,,,TN3,Tunisie,,,,TN,2022-11-15,,v01,fr,ar,,,POINT (11.011496158 35.500127580000026)
4,Zegana,الزقانة,,,10.99706565,35.47411846,Zegana,الزقانة,,,TN335160,Mahdia,المهدية,,,TN3351,Mahdia,المهدية,,,TN33,Centre East,الوسط الشرقي,,,TN3,Tunisie,,,,TN,2022-11-15,,v01,fr,ar,,,POINT (10.997065653999982 35.47411845800002)
4,Hiboun,هيبون,,,10.99701612,35.53143077,Hiboun,هيبون,,,TN335161,Mahdia,المهدية,,,TN3351,Mahdia,المهدية,,,TN33,Centre East,الوسط الشرقي,,,TN3,Tunisie,,,,TN,2022-11-15,,v01,fr,ar,,,POINT (10.997016115999998 35.531430768999996)
4,Er-Remal,الرمل,,,11.04147758,35.50934325,Er-Remal,الرمل,,,TN335162,Mahdia,المهدية,,,TN3351,Mahdia,المهدية,,,TN33,Centre East,الوسط الشرقي,,,TN3,Tunisie,,,,TN,2022-11-15,,v01,fr,ar,,,POINT (11.041477580999981 35.50934325399999)
4,El Hekaima Est,الحكايمة الشرقية,,,10.88213709,35.45375035,El Hekaima Est,الحكايمة الشرقية,,,TN335163,Mahdia,المهدية,,,TN3351,Mahdia,المهدية,,,TN33,Centre East,الوسط الشرقي,,,TN3,Tunisie,,,,TN,2022-11-15,,v01,fr,ar,,,POINT (10.882137089000025 35.453750352999975)
4,Hekaima Ouest,الحكايمة الغربية,,,10.84926132,35.45249987,Hekaima Ouest,الحكايمة الغربية,,,TN335164,Mahdia,المهدية,,,TN3351,Mahdia,المهدية,,,TN33,Centre East,الوسط الشرقي,,,TN3,Tunisie,,,,TN,2022-11-15,,v01,fr,ar,,,POINT (10.849261317000014 35.45249986800002)
4,Bou Merdes,بومرداس,,,10.70910969,35.46100688,Bou Merdes,بومرداس,,,TN335251,Boumerdès,بومرداس,,,TN3352,Mahdia,المهدية,,,TN33,Centre East,الوسط الشرقي,,,TN3,Tunisie,,,,TN,2022-11-15,,v01,fr,ar,,,POINT (10.709109694999995 35.46100688400003)
4,El Houes,الحوس,,,10.74166952,35.4497133,El Houes,الحوس,,,TN335252,Boumerdès,بومرداس,,,TN3352,Mahdia,المهدية,,,TN33,Centre East,الوسط الشرقي,,,TN3,Tunisie,,,,TN,2022-11-15,,v01,fr,ar,,,POINT (10.741669522999985 35.449713299999985)
4,Kerker,كركر,,,10.65069169,35.47500812,Kerker,كركر,,,TN335253,Boumerdès,بومرداس,,,TN3352,Mahdia,المهدية,,,TN33,Centre East,الوسط الشرقي,,,TN3,Tunisie,,,,TN,2022-11-15,,v01,fr,ar,,,POINT (10.650691686000016 35.475008116000026)
4,Zerata,الزراطة,,,10.68045039,35.43648014,Zerata,الزراطة,,,TN335254,Boumerdès,بومرداس,,,TN3352,Mahdia,المهدية,,,TN33,Centre East,الوسط الشرقي,,,TN3,Tunisie,,,,TN,2022-11-15,,v01,fr,ar,,,POINT (10.680450387000008 35.43648014399997)
4,Er-Rouadhi,الرواضي,,,10.70544016,35.40771777,Er-Rouadhi,الرواضي,,,TN335255,Boumerdès,بومرداس,,,TN3352,Mahdia,المهدية,,,TN33,Centre East,الوسط الشرقي,,,TN3,Tunisie,,,,TN,2022-11-15,,v01,fr,ar,,,POINT (10.705440156000009 35.40771776700001)
4,Ech-Chouariaa,الشوارعية,,,10.75787802,35.4322881,Ech-Chouariaa,الشوارعية,,,TN335256,Boumerdès,بومرداس,,,TN3352,Mahdia,المهدية,,,TN33,Centre East,الوسط الشرقي,,,TN3,Tunisie,,,,TN,2022-11-15,,v01,fr,ar,,,POINT (10.757878022 35.43228809599998)
4,Bouhlale El Ali Sud,بوهلال العلي القبلية,,,10.67170497,35.3854702,Bouhlale El Ali Sud,بوهلال العلي القبلية,,,TN335257,Boumerdès,بومرداس,,,TN3352,Mahdia,المهدية,,,TN33,Centre East,الوسط الشرقي,,,TN3,Tunisie,,,,TN,2022-11-15,,v01,fr,ar,,,POINT (10.671704975000011 35.385470204)
4,Bouhlale El Ali Nord,بوهلال العلي الجوفية,,,10.61503436,35.43425174,Bouhlale El Ali Nord,بوهلال العلي الجوفية,,,TN335258,Boumerdès,بومرداس,,,TN3352,Mahdia,المهدية,,,TN33,Centre East,الوسط الشرقي,,,TN3,Tunisie,,,,TN,2022-11-15,,v01,fr,ar,,,POINT (10.615034358000003 35.434251743999994)
4,Menzel Hamza,منزل حمزة,,,10.80243654,35.40890966,Menzel Hamza,منزل حمزة,,,TN335259,Boumerdès,بومرداس,,,TN3352,Mahdia,المهدية,,,TN33,Centre East,الوسط الشرقي,,,TN3,Tunisie,,,,TN,2022-11-15,,v01,fr,ar,,,POINT (10.802436536000016 35.408909662999974)
4,Ouled Chamekh Sud,أولاد الشامخ الجنوبية,,,10.32179722,35.49931797,Ouled Chamekh Sud,أولاد الشامخ الجنوبية,,,TN335351,Ouled Chamekh,أولاد شامخ,,,TN3353,Mahdia,المهدية,,,TN33,Centre East,الوسط الشرقي,,,TN3,Tunisie,,,,TN,2022-11-15,,v01,fr,ar,,,POINT (10.321797221999987 35.499317967000025)
4,Ouled Chamekh Nord,أولاد الشامخ الشمالية,,,10.25519673,35.53363694,Ouled Chamekh Nord,أولاد الشامخ الشمالية,,,TN335352,Ouled Chamekh,أولاد شامخ,,,TN3353,Mahdia,المهدية,,,TN33,Centre East,الوسط الشرقي,,,TN3,Tunisie,,,,TN,2022-11-15,,v01,fr,ar,,,POINT (10.255196731000012 35.533636942999976)
4,Ouled Amor,أولاد عمر,,,10.41127744,35.47661025,Ouled Amor,أولاد عمر,,,TN335353,Ouled Chamekh,أولاد شامخ,,,TN3353,Mahdia,المهدية,,,TN33,Centre East,الوسط الشرقي,,,TN3,Tunisie,,,,TN,2022-11-15,,v01,fr,ar,,,POINT (10.411277439999992 35.47661025399998)
4,Chehimet Nord,الشحيمات الشمالية,,,10.39037079,35.4306917,Chehimet Nord,الشحيمات الشمالية,,,TN335354,Ouled Chamekh,أولاد شامخ,,,TN3353,Mahdia,المهدية,,,TN33,Centre East,الوسط الشرقي,,,TN3,Tunisie,,,,TN,2022-11-15,,v01,fr,ar,,,POINT (10.390370786999995 35.430691704000026)
4,El Ajilet,العجيلات,,,10.35271409,35.42948868,El Ajilet,العجيلات,,,TN335355,Ouled Chamekh,أولاد شامخ,,,TN3353,Mahdia,المهدية,,,TN33,Centre East,الوسط الشرقي,,,TN3,Tunisie,,,,TN,2022-11-15,,v01,fr,ar,,,POINT (10.352714088000027 35.429488678999974)
4,Es-Somra,السمرة,,,10.27930375,35.44041893,Es-Somra,السمرة,,,TN335356,Ouled Chamekh,أولاد شامخ,,,TN3353,Mahdia,المهدية,,,TN33,Centre East,الوسط الشرقي,,,TN3,Tunisie,,,,TN,2022-11-15,,v01,fr,ar,,,POINT (10.279303751999976 35.44041893299999)
4,Bou Slim,بوسليم,,,10.2363338,35.45542551,Bou Slim,بوسليم,,,TN335357,Ouled Chamekh,أولاد شامخ,,,TN3353,Mahdia,المهدية,,,TN33,Centre East,الوسط الشرقي,,,TN3,Tunisie,,,,TN,2022-11-15,,v01,fr,ar,,,POINT (10.236333796999986 35.45542550900001)
4,Meharza Nord,المحارزة الشمالية,,,10.27942115,35.39260018,Meharza Nord,المحارزة الشمالية,,,TN335358,Ouled Chamekh,أولاد شامخ,,,TN3353,Mahdia,المهدية,,,TN33,Centre East,الوسط الشرقي,,,TN3,Tunisie,,,,TN,2022-11-15,,v01,fr,ar,,,POINT (10.279421151000008 35.39260018499999)
4,Chorbane,شربان,,,10.40818687,35.26255851,Chorbane,شربان,,,TN335451,Chorbane,شربان,,,TN3354,Mahdia,المهدية,,,TN33,Centre East,الوسط الشرقي,,,TN3,Tunisie,,,,TN,2022-11-15,,v01,fr,ar,,,POINT (10.408186874000023 35.262558505000015)
4,El Maati,المعاطي,,,10.36823478,35.18589275,El Maati,المعاطي,,,TN335452,Chorbane,شربان,,,TN3354,Mahdia,المهدية,,,TN33,Centre East,الوسط الشرقي,,,TN3,Tunisie,,,,TN,2022-11-15,,v01,fr,ar,,,POINT (10.368234782000002 35.18589275400001)
4,Ech-Chahda Sud,الشحدة القبلية,,,10.31965762,35.25695416,Ech-Chahda Sud,الشحدة القبلية,,,TN335453,Chorbane,شربان,,,TN3354,Mahdia,المهدية,,,TN33,Centre East,الوسط الشرقي,,,TN3,Tunisie,,,,TN,2022-11-15,,v01,fr,ar,,,POINT (10.319657623000012 35.256954165000025)
4,Ech-Chahda Est,الشحدة الشرقية,,,10.34563668,35.30784326,Ech-Chahda Est,الشحدة الشرقية,,,TN335454,Chorbane,شربان,,,TN3354,Mahdia,المهدية,,,TN33,Centre East,الوسط الشرقي,,,TN3,Tunisie,,,,TN,2022-11-15,,v01,fr,ar,,,POINT (10.34563668200002 35.307843264999974)
4,El Gouacem Ouest,القواسم الغربية,,,10.41803349,35.13852838,El Gouacem Ouest,القواسم الغربية,,,TN335455,Chorbane,شربان,,,TN3354,Mahdia,المهدية,,,TN33,Centre East,الوسط الشرقي,,,TN3,Tunisie,,,,TN,2022-11-15,,v01,fr,ar,,,POINT (10.418033487000002 35.138528382000004)
4,El Gouacem Est,القواسم الشرقية,,,10.52600149,35.17488263,El Gouacem Est,القواسم الشرقية,,,TN335456,Chorbane,شربان,,,TN3354,Mahdia,المهدية,,,TN33,Centre East,الوسط الشرقي,,,TN3,Tunisie,,,,TN,2022-11-15,,v01,fr,ar,,,POINT (10.526001486999974 35.17488262500001)
4,Ech-Charaf,الشرف,,,10.39609905,35.17946237,Ech-Charaf,الشرف,,,TN335457,Chorbane,شربان,,,TN3354,Mahdia,المهدية,,,TN33,Centre East,الوسط الشرقي,,,TN3,Tunisie,,,,TN,2022-11-15,,v01,fr,ar,,,POINT (10.396099049999975 35.179462374000025)
4,El Gradha Ouest,القرادحة الغربية,,,10.46151605,35.21988257,El Gradha Ouest,القرادحة الغربية,,,TN335458,Chorbane,شربان,,,TN3354,Mahdia,المهدية,,,TN33,Centre East,الوسط الشرقي,,,TN3,Tunisie,,,,TN,2022-11-15,,v01,fr,ar,,,POINT (10.46151605099999 35.219882573999996)
4,El Gradha Est,القرادحةالشرقية,,,10.50990295,35.22249494,El Gradha Est,القرادحةالشرقية,,,TN335459,Chorbane,شربان,,,TN3354,Mahdia,المهدية,,,TN33,Centre East,الوسط الشرقي,,,TN3,Tunisie,,,,TN,2022-11-15,,v01,fr,ar,,,POINT (10.509902945000022 35.222494944000005)
4,Ouled El Hannachi,أولاد الحناشي,,,10.4553128,35.29709575,Ouled El Hannachi,أولاد الحناشي,,,TN335460,Chorbane,شربان,,,TN3354,Mahdia,المهدية,,,TN33,Centre East,الوسط الشرقي,,,TN3,Tunisie,,,,TN,2022-11-15,,v01,fr,ar,,,POINT (10.455312800000002 35.29709575499999)
4,Hebira,هبيرة,,,10.24924449,35.19680459,Hebira,هبيرة,,,TN335551,Hbira,هبيرة,,,TN3355,Mahdia,المهدية,,,TN33,Centre East,الوسط الشرقي,,,TN3,Tunisie,,,,TN,2022-11-15,,v01,fr,ar,,,POINT (10.249244491000013 35.19680458800002)
4,Menzel Hached,منزل حشاد,,,10.30770066,35.16420722,Menzel Hached,منزل حشاد,,,TN335552,Hbira,هبيرة,,,TN3355,Mahdia,المهدية,,,TN33,Centre East,الوسط الشرقي,,,TN3,Tunisie,,,,TN,2022-11-15,,v01,fr,ar,,,POINT (10.307700662000002 35.16420721600002)
4,Regaigua,الرقايقة,,,10.29188408,35.22555441,Regaigua,الرقايقة,,,TN335553,Hbira,هبيرة,,,TN3355,Mahdia,المهدية,,,TN33,Centre East,الوسط الشرقي,,,TN3,Tunisie,,,,TN,2022-11-15,,v01,fr,ar,,,POINT (10.29188407700002 35.22555440899998)
4,Ech-Chahda Ouest,الشحدة الغربية,,,10.22886491,35.26627855,Ech-Chahda Ouest,الشحدة الغربية,,,TN335554,Hbira,هبيرة,,,TN3355,Mahdia,المهدية,,,TN33,Centre East,الوسط الشرقي,,,TN3,Tunisie,,,,TN,2022-11-15,,v01,fr,ar,,,POINT (10.228864912999995 35.26627855200002)
4,El Maherza Sud,المحارزة الجنوبية,,,10.25654713,35.34761791,El Maherza Sud,المحارزة الجنوبية,,,TN335555,Hbira,هبيرة,,,TN3355,Mahdia,المهدية,,,TN33,Centre East,الوسط الشرقي,,,TN3,Tunisie,,,,TN,2022-11-15,,v01,fr,ar,,,POINT (10.256547134000016 35.347617910999986)
4,Essouassi,السواسي,,,10.55079488,35.32961951,Essouassi,السواسي,,,TN335651,Souassi,السواسي,,,TN3356,Mahdia,المهدية,,,TN33,Centre East,الوسط الشرقي,,,TN3,Tunisie,,,,TN,2022-11-15,,v01,fr,ar,,,POINT (10.550794880000012 35.32961950599997)
4,Es-Saida,السيدة,,,10.5760936,35.36614536,Es-Saida,السيدة,,,TN335652,Souassi,السواسي,,,TN3356,Mahdia,المهدية,,,TN33,Centre East,الوسط الشرقي,,,TN3,Tunisie,,,,TN,2022-11-15,,v01,fr,ar,,,POINT (10.576093604999983 35.366145356000004)
4,Sidi Naceur,سيدي الناصر,,,10.60043393,35.31781286,Sidi Naceur,سيدي الناصر,,,TN335653,Souassi,السواسي,,,TN3356,Mahdia,المهدية,,,TN33,Centre East,الوسط الشرقي,,,TN3,Tunisie,,,,TN,2022-11-15,,v01,fr,ar,,,POINT (10.600433931999987 35.317812858000025)
4,Sidi Zid,سيدي زيد,,,10.49485191,35.35684894,Sidi Zid,سيدي زيد,,,TN335654,Souassi,السواسي,,,TN3356,Mahdia,المهدية,,,TN33,Centre East,الوسط الشرقي,,,TN3,Tunisie,,,,TN,2022-11-15,,v01,fr,ar,,,POINT (10.494851907999987 35.35684894100001)
4,Bou Helal,بوهلال,,,10.54627831,35.26164567,Bou Helal,بوهلال,,,TN335655,Souassi,السواسي,,,TN3356,Mahdia,المهدية,,,TN33,Centre East,الوسط الشرقي,,,TN3,Tunisie,,,,TN,2022-11-15,,v01,fr,ar,,,POINT (10.546278305999977 35.261645671999986)
4,Cherichira,الشريشيرة,,,10.5064397,35.29815356,Cherichira,الشريشيرة,,,TN335656,Souassi,السواسي,,,TN3356,Mahdia,المهدية,,,TN33,Centre East,الوسط الشرقي,,,TN3,Tunisie,,,,TN,2022-11-15,,v01,fr,ar,,,POINT (10.506439704000002 35.29815356099999)
4,El Kesasba,الكساسبة,,,10.61170795,35.3854702,El Kesasba,الكساسبة,,,TN335657,Souassi,السواسي,,,TN3356,Mahdia,المهدية,,,TN33,Centre East,الوسط الشرقي,,,TN3,Tunisie,,,,TN,2022-11-15,,v01,fr,ar,,,POINT (10.611707944999978 35.385470204)
4,Ez-Zairat,الزعيرات,,,10.42083199,35.30528646,Ez-Zairat,الزعيرات,,,TN335658,Souassi,السواسي,,,TN3356,Mahdia,المهدية,,,TN33,Centre East,الوسط الشرقي,,,TN3,Tunisie,,,,TN,2022-11-15,,v01,fr,ar,,,POINT (10.420831986999985 35.305286462000026)
4,Ouled Moulahem Nord,أولاد مولاهم الشمالية,,,10.44754891,35.35487691,Ouled Moulahem Nord,أولاد مولاهم الشمالية,,,TN335659,Souassi,السواسي,,,TN3356,Mahdia,المهدية,,,TN33,Centre East,الوسط الشرقي,,,TN3,Tunisie,,,,TN,2022-11-15,,v01,fr,ar,,,POINT (10.44754890500002 35.354876905000026)
4,Ouled Moulahem Ouest,أولاد مولاهم الغربية,,,10.40044556,35.34603881,Ouled Moulahem Ouest,أولاد مولاهم الغربية,,,TN335660,Souassi,السواسي,,,TN3356,Mahdia,المهدية,,,TN33,Centre East,الوسط الشرقي,,,TN3,Tunisie,,,,TN,2022-11-15,,v01,fr,ar,,,POINT (10.40044555899999 35.346038806000024)
4,Ech-Chahimet Sud,الشحيمات القبلية,,,10.45427867,35.40926756,Ech-Chahimet Sud,الشحيمات القبلية,,,TN335661,Souassi,السواسي,,,TN3356,Mahdia,المهدية,,,TN33,Centre East,الوسط الشرقي,,,TN3,Tunisie,,,,TN,2022-11-15,,v01,fr,ar,,,POINT (10.454278666999983 35.409267563000014)
4,Es-Zaouia,الزاوية,,,10.71575717,35.30182464,Es-Zaouia,الزاوية,,,TN335751,El Jem,الجم,,,TN3357,Mahdia,المهدية,,,TN33,Centre East,الوسط الشرقي,,,TN3,Tunisie,,,,TN,2022-11-15,,v01,fr,ar,,,POINT (10.715757166000003 35.301824635)
4,El Mourabitine,المرابطين,,,10.69127888,35.30167441,El Mourabitine,المرابطين,,,TN335752,El Jem,الجم,,,TN3357,Mahdia,المهدية,,,TN33,Centre East,الوسط الشرقي,,,TN3,Tunisie,,,,TN,2022-11-15,,v01,fr,ar,,,POINT (10.691278877000002 35.301674408)
4,Riadh Bou Helal,رياض بوهلال,,,10.60279497,35.26937937,Riadh Bou Helal,رياض بوهلال,,,TN335753,El Jem,الجم,,,TN3357,Mahdia,المهدية,,,TN33,Centre East,الوسط الشرقي,,,TN3,Tunisie,,,,TN,2022-11-15,,v01,fr,ar,,,POINT (10.602794967000023 35.26937937299999)
4,El Aitha,العيثة,,,10.65351846,35.2743509,El Aitha,العيثة,,,TN335754,El Jem,الجم,,,TN3357,Mahdia,المهدية,,,TN33,Centre East,الوسط الشرقي,,,TN3,Tunisie,,,,TN,2022-11-15,,v01,fr,ar,,,POINT (10.653518464000001 35.27435089699998)
4,El Mechalet,المشالات,,,10.68305453,35.33779936,El Mechalet,المشالات,,,TN335755,El Jem,الجم,,,TN3357,Mahdia,المهدية,,,TN33,Centre East,الوسط الشرقي,,,TN3,Tunisie,,,,TN,2022-11-15,,v01,fr,ar,,,POINT (10.683054530999982 35.33779936399998)
4,Zeghabna,الزغابنة,,,10.71334426,35.25425577,Zeghabna,الزغابنة,,,TN335756,El Jem,الجم,,,TN3357,Mahdia,المهدية,,,TN33,Centre East,الوسط الشرقي,,,TN3,Tunisie,,,,TN,2022-11-15,,v01,fr,ar,,,POINT (10.713344258999996 35.254255769)
4,Touahria,الطواهرية,,,10.79589434,35.32133929,Touahria,الطواهرية,,,TN335757,El Jem,الجم,,,TN3357,Mahdia,المهدية,,,TN33,Centre East,الوسط الشرقي,,,TN3,Tunisie,,,,TN,2022-11-15,,v01,fr,ar,,,POINT (10.795894335000014 35.32133928500002)
4,El Ababsa,العبابسة,,,10.75656522,35.36953548,El Ababsa,العبابسة,,,TN335758,El Jem,الجم,,,TN3357,Mahdia,المهدية,,,TN33,Centre East,الوسط الشرقي,,,TN3,Tunisie,,,,TN,2022-11-15,,v01,fr,ar,,,POINT (10.756565224999974 35.369535481000014)
4,Talalsa,التلالسة,,,10.77880101,35.33161293,Talalsa,التلالسة,,,TN335759,El Jem,الجم,,,TN3357,Mahdia,المهدية,,,TN33,Centre East,الوسط الشرقي,,,TN3,Tunisie,,,,TN,2022-11-15,,v01,fr,ar,,,POINT (10.778801009999995 35.33161292599999)
4,El Achaba,العشابة,,,10.79846761,35.28222928,El Achaba,العشابة,,,TN335760,El Jem,الجم,,,TN3357,Mahdia,المهدية,,,TN33,Centre East,الوسط الشرقي,,,TN3,Tunisie,,,,TN,2022-11-15,,v01,fr,ar,,,POINT (10.79846760700002 35.282229280000024)
4,Chebba Nord,الشابة الشمالية,,,11.06782428,35.24016086,Chebba Nord,الشابة الشمالية,,,TN335851,Chebba,الشابة,,,TN3358,Mahdia,المهدية,,,TN33,Centre East,الوسط الشرقي,,,TN3,Tunisie,,,,TN,2022-11-15,,v01,fr,ar,,,POINT (11.067824283999983 35.24016086400002)
4,Chebba Sud,الشابة الجنوبية,,,11.06065996,35.1996425,Chebba Sud,الشابة الجنوبية,,,TN335852,Chebba,الشابة,,,TN3358,Mahdia,المهدية,,,TN33,Centre East,الوسط الشرقي,,,TN3,Tunisie,,,,TN,2022-11-15,,v01,fr,ar,,,POINT (11.060659960999999 35.199642503999996)
4,Es-Saafet,السعفات,,,11.03711628,35.26760757,Es-Saafet,السعفات,,,TN335853,Chebba,الشابة,,,TN3358,Mahdia,المهدية,,,TN33,Centre East,الوسط الشرقي,,,TN3,Tunisie,,,,TN,2022-11-15,,v01,fr,ar,,,POINT (11.037116277999985 35.26760757400001)
4,Melloulech,ملولش,,,11.00751408,35.14243345,Melloulech,ملولش,,,TN335951,Melloulech,ملولش,,,TN3359,Mahdia,المهدية,,,TN33,Centre East,الوسط الشرقي,,,TN3,Tunisie,,,,TN,2022-11-15,,v01,fr,ar,,,POINT (11.007514076999996 35.14243345199998)
4,El Aitha,العيثة,,,11.01142936,35.18549088,El Aitha,العيثة,,,TN335952,Melloulech,ملولش,,,TN3359,Mahdia,المهدية,,,TN33,Centre East,الوسط الشرقي,,,TN3,Tunisie,,,,TN,2022-11-15,,v01,fr,ar,,,POINT (11.011429357999987 35.18549088100002)
4,El Mansoura,المنصورة,,,10.95332953,35.15909718,El Mansoura,المنصورة,,,TN335953,Melloulech,ملولش,,,TN3359,Mahdia,المهدية,,,TN33,Centre East,الوسط الشرقي,,,TN3,Tunisie,,,,TN,2022-11-15,,v01,fr,ar,,,POINT (10.953329527999983 35.15909718400002)
4,Ben Hssine,بن حسين,,,10.96397674,35.22785547,Ben Hssine,بن حسين,,,TN335954,Melloulech,ملولش,,,TN3359,Mahdia,المهدية,,,TN33,Centre East,الوسط الشرقي,,,TN3,Tunisie,,,,TN,2022-11-15,,v01,fr,ar,,,POINT (10.963976745000025 35.22785547199999)
4,Sidi Abdellaziz,سيدي عبد العزيز,,,10.97347989,35.11099606,Sidi Abdellaziz,سيدي عبد العزيز,,,TN335955,Melloulech,ملولش,,,TN3359,Mahdia,المهدية,,,TN33,Centre East,الوسط الشرقي,,,TN3,Tunisie,,,,TN,2022-11-15,,v01,fr,ar,,,POINT (10.973479887999986 35.110996064000005)
4,Sidi Alouane Ouest,سيدي علوان الغربية,,,10.91794303,35.36373187,Sidi Alouane Ouest,سيدي علوان الغربية,,,TN336051,Sidi Alouane,سيدي علوان,,,TN3360,Mahdia,المهدية,,,TN33,Centre East,الوسط الشرقي,,,TN3,Tunisie,,,,TN,2022-11-15,,v01,fr,ar,,,POINT (10.917943029000014 35.36373186999998)
4,Sidi Alouane Est,سيدي علوان الشرقية,,,10.95055512,35.36086242,Sidi Alouane Est,سيدي علوان الشرقية,,,TN336052,Sidi Alouane,سيدي علوان,,,TN3360,Mahdia,المهدية,,,TN33,Centre East,الوسط الشرقي,,,TN3,Tunisie,,,,TN,2022-11-15,,v01,fr,ar,,,POINT (10.950555115999975 35.360862424000004)
4,Zorda,زردة,,,10.91794217,35.29286843,Zorda,زردة,,,TN336053,Sidi Alouane,سيدي علوان,,,TN3360,Mahdia,المهدية,,,TN33,Centre East,الوسط الشرقي,,,TN3,Tunisie,,,,TN,2022-11-15,,v01,fr,ar,,,POINT (10.917942170999993 35.292868424999995)
4,Sakiet El Khadem,ساقيةالخادم,,,10.88033091,35.37882755,Sakiet El Khadem,ساقيةالخادم,,,TN336054,Sidi Alouane,سيدي علوان,,,TN3360,Mahdia,المهدية,,,TN33,Centre East,الوسط الشرقي,,,TN3,Tunisie,,,,TN,2022-11-15,,v01,fr,ar,,,POINT (10.880330904999994 35.378827548000004)
4,El Bassatine,البساتين,,,10.904064,35.39472838,El Bassatine,البساتين,,,TN336055,Sidi Alouane,سيدي علوان,,,TN3360,Mahdia,المهدية,,,TN33,Centre East,الوسط الشرقي,,,TN3,Tunisie,,,,TN,2022-11-15,,v01,fr,ar,,,POINT (10.904064000000005 35.39472837599999)
4,Oued Beja Nord,وادي باجة الشمالية,,,10.86375155,35.35549109,Oued Beja Nord,وادي باجة الشمالية,,,TN336056,Sidi Alouane,سيدي علوان,,,TN3360,Mahdia,المهدية,,,TN33,Centre East,الوسط الشرقي,,,TN3,Tunisie,,,,TN,2022-11-15,,v01,fr,ar,,,POINT (10.863751546999993 35.355491089)
4,Oued Beja Sud,وادي باجة الجنوبية,,,10.85685923,35.30151856,Oued Beja Sud,وادي باجة الجنوبية,,,TN336057,Sidi Alouane,سيدي علوان,,,TN3360,Mahdia,المهدية,,,TN33,Centre East,الوسط الشرقي,,,TN3,Tunisie,,,,TN,2022-11-15,,v01,fr,ar,,,POINT (10.856859233000023 35.30151856499998)
4,Zalba Est,زالبة الشرقية,,,10.89202442,35.22804894,Zalba Est,زالبة الشرقية,,,TN336058,Sidi Alouane,سيدي علوان,,,TN3360,Mahdia,المهدية,,,TN33,Centre East,الوسط الشرقي,,,TN3,Tunisie,,,,TN,2022-11-15,,v01,fr,ar,,,POINT (10.892024418999995 35.22804893799997)
4,Zalba Ouest,زالبة الغربية,,,10.82960468,35.21687126,Zalba Ouest,زالبة الغربية,,,TN336059,Sidi Alouane,سيدي علوان,,,TN3360,Mahdia,المهدية,,,TN33,Centre East,الوسط الشرقي,,,TN3,Tunisie,,,,TN,2022-11-15,,v01,fr,ar,,,POINT (10.829604680999978 35.216871260000005)
4,En-Nozha,النزهة,,,10.86111104,35.17308057,En-Nozha,النزهة,,,TN336060,Sidi Alouane,سيدي علوان,,,TN3360,Mahdia,المهدية,,,TN33,Centre East,الوسط الشرقي,,,TN3,Tunisie,,,,TN,2022-11-15,,v01,fr,ar,,,POINT (10.86111103799999 35.173080571000014)
4,Oued Guellat,وادي قلات,,,10.84249557,35.39917922,Oued Guellat,وادي قلات,,,TN336061,Sidi Alouane,سيدي علوان,,,TN3360,Mahdia,المهدية,,,TN33,Centre East,الوسط الشرقي,,,TN3,Tunisie,,,,TN,2022-11-15,,v01,fr,ar,,,POINT (10.842495568000004 35.39917922400002)
4,Es-Saada,السعادة,,,10.82442872,35.36196484,Es-Saada,السعادة,,,TN336062,Sidi Alouane,سيدي علوان,,,TN3360,Mahdia,المهدية,,,TN33,Centre East,الوسط الشرقي,,,TN3,Tunisie,,,,TN,2022-11-15,,v01,fr,ar,,,POINT (10.824428721999993 35.361964837000016)
4,El Ksar,القصر,,,10.99326092,35.43475138,El Ksar,القصر,,,TN336151,Ksour Essef,قصور الساف,,,TN3361,Mahdia,المهدية,,,TN33,Centre East,الوسط الشرقي,,,TN3,Tunisie,,,,TN,2022-11-15,,v01,fr,ar,,,POINT (10.993260917999976 35.434751382)
4,Ksour Essaf Riadh,قصور الساف الرياض,,,11.00410238,35.41656985,Ksour Essaf Riadh,قصور الساف الرياض,,,TN336152,Ksour Essef,قصور الساف,,,TN3361,Mahdia,المهدية,,,TN33,Centre East,الوسط الشرقي,,,TN3,Tunisie,,,,TN,2022-11-15,,v01,fr,ar,,,POINT (11.004102379000017 35.416569846000016)
4,El Ktanine,القطاتين,,,10.96124361,35.39255389,El Ktanine,القطاتين,,,TN336153,Ksour Essef,قصور الساف,,,TN3361,Mahdia,المهدية,,,TN33,Centre East,الوسط الشرقي,,,TN3,Tunisie,,,,TN,2022-11-15,,v01,fr,ar,,,POINT (10.961243605999982 35.39255389200002)
4,Ksour Essaf Ettakaddoum,قصور الساف التقدم,,,10.95518854,35.43206115,Ksour Essaf Ettakaddoum,قصور الساف التقدم,,,TN336154,Ksour Essef,قصور الساف,,,TN3361,Mahdia,المهدية,,,TN33,Centre East,الوسط الشرقي,,,TN3,Tunisie,,,,TN,2022-11-15,,v01,fr,ar,,,POINT (10.95518854400001 35.432061153999996)
4,Salakta,سلقطة,,,11.02638764,35.40797384,Salakta,سلقطة,,,TN336155,Ksour Essef,قصور الساف,,,TN3361,Mahdia,المهدية,,,TN33,Centre East,الوسط الشرقي,,,TN3,Tunisie,,,,TN,2022-11-15,,v01,fr,ar,,,POINT (11.026387639000006 35.407973836)
4,Ghedabna,الغضابنة,,,11.03863571,35.30165183,Ghedabna,الغضابنة,,,TN336156,Ksour Essef,قصور الساف,,,TN3361,Mahdia,المهدية,,,TN33,Centre East,الوسط الشرقي,,,TN3,Tunisie,,,,TN,2022-11-15,,v01,fr,ar,,,POINT (11.038635711999973 35.301651832999994)
4,Ouled Salah,أولاد صالح,,,10.90790255,35.4360708,Ouled Salah,أولاد صالح,,,TN336157,Ksour Essef,قصور الساف,,,TN3361,Mahdia,المهدية,,,TN33,Centre East,الوسط الشرقي,,,TN3,Tunisie,,,,TN,2022-11-15,,v01,fr,ar,,,POINT (10.907902547999981 35.43607079899999)
4,Sidi Assaker Ouest,سيدي عساكر الغربية,,,10.88365033,35.42048756,Sidi Assaker Ouest,سيدي عساكر الغربية,,,TN336158,Ksour Essef,قصور الساف,,,TN3361,Mahdia,المهدية,,,TN33,Centre East,الوسط الشرقي,,,TN3,Tunisie,,,,TN,2022-11-15,,v01,fr,ar,,,POINT (10.883650335000027 35.42048755899998)
4,Recharcha,الرشارشة,,,10.96549284,35.28072692,Recharcha,الرشارشة,,,TN336159,Ksour Essef,قصور الساف,,,TN3361,Mahdia,المهدية,,,TN33,Centre East,الوسط الشرقي,,,TN3,Tunisie,,,,TN,2022-11-15,,v01,fr,ar,,,POINT (10.965492837 35.28072691599999)
4,El Hessinet,الحسينات,,,11.0002189,35.30583824,El Hessinet,الحسينات,,,TN336160,Ksour Essef,قصور الساف,,,TN3361,Mahdia,المهدية,,,TN33,Centre East,الوسط الشرقي,,,TN3,Tunisie,,,,TN,2022-11-15,,v01,fr,ar,,,POINT (11.000218895999978 35.305838239000025)
4,El Bradaa Sud,البرادعة الجنوبية,,,11.0212071,35.32980289,El Bradaa Sud,البرادعة الجنوبية,,,TN336161,Ksour Essef,قصور الساف,,,TN3361,Mahdia,المهدية,,,TN33,Centre East,الوسط الشرقي,,,TN3,Tunisie,,,,TN,2022-11-15,,v01,fr,ar,,,POINT (11.021207097000001 35.32980288800002)
4,El Bradaa Nord,البرادعة الشمالية,,,10.96798197,35.3508267,El Bradaa Nord,البرادعة الشمالية,,,TN336162,Ksour Essef,قصور الساف,,,TN3361,Mahdia,المهدية,,,TN33,Centre East,الوسط الشرقي,,,TN3,Tunisie,,,,TN,2022-11-15,,v01,fr,ar,,,POINT (10.967981968000004 35.350826697)
4,La Medina,المدينة,,,10.75904532,34.73897355,La Medina,المدينة,,,TN345151,Sfax Médina,صفاقس المدينة,,,TN3451,Sfax,صفاقس,,,TN34,Centre East,الوسط الشرقي,,,TN3,Tunisie,,,,TN,2022-11-15,,v01,fr,ar,,,POINT (10.759045318999995 34.73897354899998)
4,Bab El Bhar,باب البحر,,,10.76951278,34.73143363,Bab El Bhar,باب البحر,,,TN345152,Sfax Médina,صفاقس المدينة,,,TN3451,Sfax,صفاقس,,,TN34,Centre East,الوسط الشرقي,,,TN3,Tunisie,,,,TN,2022-11-15,,v01,fr,ar,,,POINT (10.769512782999982 34.73143362600001)
4,Cite El Khiari,الحي الخيري,,,10.74071212,34.7151728,Cite El Khiari,الحي الخيري,,,TN345153,Sfax Médina,صفاقس المدينة,,,TN3451,Sfax,صفاقس,,,TN34,Centre East,الوسط الشرقي,,,TN3,Tunisie,,,,TN,2022-11-15,,v01,fr,ar,,,POINT (10.740712116999987 34.71517280299997)
4,El Bassatine,البساتين,,,10.7684094,34.74883785,El Bassatine,البساتين,,,TN345154,Sfax Médina,صفاقس المدينة,,,TN3451,Sfax,صفاقس,,,TN34,Centre East,الوسط الشرقي,,,TN3,Tunisie,,,,TN,2022-11-15,,v01,fr,ar,,,POINT (10.768409401999975 34.748837853)
4,Er-Rbadh,الربض,,,10.75457157,34.749434,Er-Rbadh,الربض,,,TN345155,Sfax Médina,صفاقس المدينة,,,TN3451,Sfax,صفاقس,,,TN34,Centre East,الوسط الشرقي,,,TN3,Tunisie,,,,TN,2022-11-15,,v01,fr,ar,,,POINT (10.754571570999985 34.74943400199999)
4,15 Novembre,15نوفمبر,,,10.74602884,34.74698111,15 Novembre,15نوفمبر,,,TN345156,Sfax Médina,صفاقس المدينة,,,TN3451,Sfax,صفاقس,,,TN34,Centre East,الوسط الشرقي,,,TN3,Tunisie,,,,TN,2022-11-15,,v01,fr,ar,,,POINT (10.746028836999983 34.74698111499998)
4,Ain Chaikh Rouhou,عين شيخ روحو,,,10.74368628,34.75674306,Ain Chaikh Rouhou,عين شيخ روحو,,,TN345157,Sfax Médina,صفاقس المدينة,,,TN3451,Sfax,صفاقس,,,TN34,Centre East,الوسط الشرقي,,,TN3,Tunisie,,,,TN,2022-11-15,,v01,fr,ar,,,POINT (10.74368628000002 34.75674306000002)
4,Cite Ettaouidhi,حي التعويضي,,,10.77694312,34.76124877,Cite Ettaouidhi,حي التعويضي,,,TN345158,Sfax Médina,صفاقس المدينة,,,TN3451,Sfax,صفاقس,,,TN34,Centre East,الوسط الشرقي,,,TN3,Tunisie,,,,TN,2022-11-15,,v01,fr,ar,,,POINT (10.776943114999995 34.761248765000005)
4,Merkez Kaddour,مركز قدور,,,10.75863335,34.76354435,Merkez Kaddour,مركز قدور,,,TN345159,Sfax Médina,صفاقس المدينة,,,TN3451,Sfax,صفاقس,,,TN34,Centre East,الوسط الشرقي,,,TN3,Tunisie,,,,TN,2022-11-15,,v01,fr,ar,,,POINT (10.758633347 34.76354434699999)
4,Merkez El Pacha,مركز الباشا,,,10.75102072,34.76291717,Merkez El Pacha,مركز الباشا,,,TN345160,Sfax Médina,صفاقس المدينة,,,TN3451,Sfax,صفاقس,,,TN34,Centre East,الوسط الشرقي,,,TN3,Tunisie,,,,TN,2022-11-15,,v01,fr,ar,,,POINT (10.751020718000007 34.762917173000005)
4,Sidi Abbes,سيدي عباس,,,10.72855415,34.76031972,Sidi Abbes,سيدي عباس,,,TN345161,Sfax Médina,صفاقس المدينة,,,TN3451,Sfax,صفاقس,,,TN34,Centre East,الوسط الشرقي,,,TN3,Tunisie,,,,TN,2022-11-15,,v01,fr,ar,,,POINT (10.728554144999976 34.76031971499998)
4,Mohamed Ali,محمد علي,,,10.76697393,34.76640803,Mohamed Ali,محمد علي,,,TN345162,Sfax Médina,صفاقس المدينة,,,TN3451,Sfax,صفاقس,,,TN34,Centre East,الوسط الشرقي,,,TN3,Tunisie,,,,TN,2022-11-15,,v01,fr,ar,,,POINT (10.766973929000017 34.766408033000005)
4,Merkez Chaker,مركز شاكر,,,10.74139447,34.73981865,Merkez Chaker,مركز شاكر,,,TN345251,Sfax Ouest,صفاقس الغريبة,,,TN3452,Sfax,صفاقس,,,TN34,Centre East,الوسط الشرقي,,,TN3,Tunisie,,,,TN,2022-11-15,,v01,fr,ar,,,POINT (10.741394469999989 34.73981865500002)
4,Cite El Habib,حي الحبيب,,,10.72188601,34.72150727,Cite El Habib,حي الحبيب,,,TN345252,Sfax Ouest,صفاقس الغريبة,,,TN3452,Sfax,صفاقس,,,TN34,Centre East,الوسط الشرقي,,,TN3,Tunisie,,,,TN,2022-11-15,,v01,fr,ar,,,POINT (10.721886014999995 34.72150727100001)
4,Soukra,سكرة,,,10.73298647,34.72512339,Soukra,سكرة,,,TN345253,Sfax Ouest,صفاقس الغريبة,,,TN3452,Sfax,صفاقس,,,TN34,Centre East,الوسط الشرقي,,,TN3,Tunisie,,,,TN,2022-11-15,,v01,fr,ar,,,POINT (10.732986467999979 34.72512339399998)
4,El Alia,العالية,,,10.72190683,34.75211952,El Alia,العالية,,,TN345254,Sfax Ouest,صفاقس الغريبة,,,TN3452,Sfax,صفاقس,,,TN34,Centre East,الوسط الشرقي,,,TN3,Tunisie,,,,TN,2022-11-15,,v01,fr,ar,,,POINT (10.721906827999987 34.75211952199999)
4,Oued Er-Rmel,وادي الرمل,,,10.72552027,34.73934442,Oued Er-Rmel,وادي الرمل,,,TN345255,Sfax Ouest,صفاقس الغريبة,,,TN3452,Sfax,صفاقس,,,TN34,Centre East,الوسط الشرقي,,,TN3,Tunisie,,,,TN,2022-11-15,,v01,fr,ar,,,POINT (10.725520270999993 34.73934441900002)
4,El Houda,الهدى,,,10.71094133,34.7436539,El Houda,الهدى,,,TN345256,Sfax Ouest,صفاقس الغريبة,,,TN3452,Sfax,صفاقس,,,TN34,Centre East,الوسط الشرقي,,,TN3,Tunisie,,,,TN,2022-11-15,,v01,fr,ar,,,POINT (10.710941331000015 34.743653901000016)
4,Cite El Bahri,حي البحري,,,10.70721829,34.72753673,Cite El Bahri,حي البحري,,,TN345257,Sfax Ouest,صفاقس الغريبة,,,TN3452,Sfax,صفاقس,,,TN34,Centre East,الوسط الشرقي,,,TN3,Tunisie,,,,TN,2022-11-15,,v01,fr,ar,,,POINT (10.707218292999983 34.72753672499999)
4,Sakiet Ezzit,ساقية الزيت,,,10.76591457,34.8052763,Sakiet Ezzit,ساقية الزيت,,,TN345351,Sakiet Ezzit,ساقية الزيت,,,TN3453,Sfax,صفاقس,,,TN34,Centre East,الوسط الشرقي,,,TN3,Tunisie,,,,TN,2022-11-15,,v01,fr,ar,,,POINT (10.765914570000007 34.80527630199998)
4,Merkez Bouassida,مركز بوعصيدة,,,10.76301427,34.78376675,Merkez Bouassida,مركز بوعصيدة,,,TN345352,Sakiet Ezzit,ساقية الزيت,,,TN3453,Sfax,صفاقس,,,TN34,Centre East,الوسط الشرقي,,,TN3,Tunisie,,,,TN,2022-11-15,,v01,fr,ar,,,POINT (10.763014267000017 34.78376675200002)
4,Es-Sedra,السدرة,,,10.77316503,34.82959525,Es-Sedra,السدرة,,,TN345353,Sakiet Ezzit,ساقية الزيت,,,TN3453,Sfax,صفاقس,,,TN34,Centre East,الوسط الشرقي,,,TN3,Tunisie,,,,TN,2022-11-15,,v01,fr,ar,,,POINT (10.773165032999998 34.82959524900002)
4,Chihia,الشيحية,,,10.74771243,34.78324793,Chihia,الشيحية,,,TN345354,Sakiet Ezzit,ساقية الزيت,,,TN3453,Sfax,صفاقس,,,TN34,Centre East,الوسط الشرقي,,,TN3,Tunisie,,,,TN,2022-11-15,,v01,fr,ar,,,POINT (10.747712432000014 34.78324792699999)
4,Teniour,تنيور,,,10.73737165,34.8036879,Teniour,تنيور,,,TN345355,Sakiet Ezzit,ساقية الزيت,,,TN3453,Sfax,صفاقس,,,TN34,Centre East,الوسط الشرقي,,,TN3,Tunisie,,,,TN,2022-11-15,,v01,fr,ar,,,POINT (10.737371654000015 34.803687905000004)
4,Sidi Salah,سيدي صالح,,,10.73808118,34.88630537,Sidi Salah,سيدي صالح,,,TN345356,Sakiet Ezzit,ساقية الزيت,,,TN3453,Sfax,صفاقس,,,TN34,Centre East,الوسط الشرقي,,,TN3,Tunisie,,,,TN,2022-11-15,,v01,fr,ar,,,POINT (10.73808118300002 34.88630537300003)
4,El Ons,الأنس,,,10.75654773,34.83202921,El Ons,الأنس,,,TN345357,Sakiet Ezzit,ساقية الزيت,,,TN3453,Sfax,صفاقس,,,TN34,Centre East,الوسط الشرقي,,,TN3,Tunisie,,,,TN,2022-11-15,,v01,fr,ar,,,POINT (10.756547728999976 34.83202921499998)
4,Sakiet Eddaier,ساقية الدائر,,,10.78560415,34.79306449,Sakiet Eddaier,ساقية الدائر,,,TN345451,Sakiet Eddaier,ساقية الدائر,,,TN3454,Sfax,صفاقس,,,TN34,Centre East,الوسط الشرقي,,,TN3,Tunisie,,,,TN,2022-11-15,,v01,fr,ar,,,POINT (10.785604147000015 34.79306448699998)
4,Khiria,الخيرية,,,10.7781227,34.78357598,Khiria,الخيرية,,,TN345452,Sakiet Eddaier,ساقية الدائر,,,TN3454,Sfax,صفاقس,,,TN34,Centre East,الوسط الشرقي,,,TN3,Tunisie,,,,TN,2022-11-15,,v01,fr,ar,,,POINT (10.778122703000008 34.78357598500003)
4,Merkez Es-Sebai,مركز السبعي,,,10.79377379,34.81409962,Merkez Es-Sebai,مركز السبعي,,,TN345453,Sakiet Eddaier,ساقية الدائر,,,TN3454,Sfax,صفاقس,,,TN34,Centre East,الوسط الشرقي,,,TN3,Tunisie,,,,TN,2022-11-15,,v01,fr,ar,,,POINT (10.793773785999974 34.814099623999994)
4,Bedarna,البدارنة,,,10.81413364,34.85938164,Bedarna,البدارنة,,,TN345454,Sakiet Eddaier,ساقية الدائر,,,TN3454,Sfax,صفاقس,,,TN34,Centre East,الوسط الشرقي,,,TN3,Tunisie,,,,TN,2022-11-15,,v01,fr,ar,,,POINT (10.81413364399998 34.85938163899999)
4,Sidi Mansour,سيدي منصور,,,10.84518788,34.79585745,Sidi Mansour,سيدي منصور,,,TN345455,Sakiet Eddaier,ساقية الدائر,,,TN3454,Sfax,صفاقس,,,TN34,Centre East,الوسط الشرقي,,,TN3,Tunisie,,,,TN,2022-11-15,,v01,fr,ar,,,POINT (10.845187877 34.79585745000003)
4,Cite Bourguiba,حي بورقيبة,,,10.7946041,34.7670213,Cite Bourguiba,حي بورقيبة,,,TN345456,Sakiet Eddaier,ساقية الدائر,,,TN3454,Sfax,صفاقس,,,TN34,Centre East,الوسط الشرقي,,,TN3,Tunisie,,,,TN,2022-11-15,,v01,fr,ar,,,POINT (10.794604105000019 34.767021295999996)
4,Saltnia,السلطينة,,,10.81171503,34.79265259,Saltnia,السلطينة,,,TN345457,Sakiet Eddaier,ساقية الدائر,,,TN3454,Sfax,صفاقس,,,TN34,Centre East,الوسط الشرقي,,,TN3,Tunisie,,,,TN,2022-11-15,,v01,fr,ar,,,POINT (10.811715029000027 34.792652589)
4,Merkez Kaaniche,مركز كعنيش,,,10.77787284,34.77098468,Merkez Kaaniche,مركز كعنيش,,,TN345458,Sakiet Eddaier,ساقية الدائر,,,TN3454,Sfax,صفاقس,,,TN34,Centre East,الوسط الشرقي,,,TN3,Tunisie,,,,TN,2022-11-15,,v01,fr,ar,,,POINT (10.777872838999997 34.77098467799999)
4,El Ain,العين,,,10.6936229,34.76724655,El Ain,العين,,,TN345551,Sfax Sud,صفاقس الجنوبية,,,TN3455,Sfax,صفاقس,,,TN34,Centre East,الوسط الشرقي,,,TN3,Tunisie,,,,TN,2022-11-15,,v01,fr,ar,,,POINT (10.693622903000005 34.76724654999998)
4,Gremda,قرمدة,,,10.71369993,34.7841912,Gremda,قرمدة,,,TN345552,Sfax Sud,صفاقس الجنوبية,,,TN3455,Sfax,صفاقس,,,TN34,Centre East,الوسط الشرقي,,,TN3,Tunisie,,,,TN,2022-11-15,,v01,fr,ar,,,POINT (10.713699933999976 34.784191197999974)
4,Bouzaiane,بوزيان,,,10.72632517,34.79121178,Bouzaiane,بوزيان,,,TN345553,Sfax Sud,صفاقس الجنوبية,,,TN3455,Sfax,صفاقس,,,TN34,Centre East,الوسط الشرقي,,,TN3,Tunisie,,,,TN,2022-11-15,,v01,fr,ar,,,POINT (10.726325167000027 34.79121177799999)
4,El Afrane Nord,الأفران الشمالية,,,10.70352601,34.77988369,El Afrane Nord,الأفران الشمالية,,,TN345554,Sfax Sud,صفاقس الجنوبية,,,TN3455,Sfax,صفاقس,,,TN34,Centre East,الوسط الشرقي,,,TN3,Tunisie,,,,TN,2022-11-15,,v01,fr,ar,,,POINT (10.703526013999976 34.779883687999984)
4,Khazanet,الخزانات,,,10.64791064,34.79483826,Khazanet,الخزانات,,,TN345555,Sfax Sud,صفاقس الجنوبية,,,TN3455,Sfax,صفاقس,,,TN34,Centre East,الوسط الشرقي,,,TN3,Tunisie,,,,TN,2022-11-15,,v01,fr,ar,,,POINT (10.647910643999978 34.794838260000006)
4,El Aouabed,العوابد,,,10.63389577,34.8485392,El Aouabed,العوابد,,,TN345556,Sfax Sud,صفاقس الجنوبية,,,TN3455,Sfax,صفاقس,,,TN34,Centre East,الوسط الشرقي,,,TN3,Tunisie,,,,TN,2022-11-15,,v01,fr,ar,,,POINT (10.633895767000013 34.848539200999994)
4,Ayoun El Mayel,عيون المايل,,,10.67368422,34.87247026,Ayoun El Mayel,عيون المايل,,,TN345557,Sfax Sud,صفاقس الجنوبية,,,TN3455,Sfax,صفاقس,,,TN34,Centre East,الوسط الشرقي,,,TN3,Tunisie,,,,TN,2022-11-15,,v01,fr,ar,,,POINT (10.673684218999995 34.87247026099999)
4,Tina,طينة,,,10.71068662,34.66919238,Tina,طينة,,,TN345651,Thyna,طينة,,,TN3456,Sfax,صفاقس,,,TN34,Centre East,الوسط الشرقي,,,TN3,Tunisie,,,,TN,2022-11-15,,v01,fr,ar,,,POINT (10.71068662099998 34.66919237899998)
4,Sidi Abid,سيد عبيد,,,10.68098446,34.68014758,Sidi Abid,سيد عبيد,,,TN345652,Thyna,طينة,,,TN3456,Sfax,صفاقس,,,TN34,Centre East,الوسط الشرقي,,,TN3,Tunisie,,,,TN,2022-11-15,,v01,fr,ar,,,POINT (10.680984457000022 34.680147578)
4,El Hajeb,الحاجب,,,10.63697906,34.69763892,El Hajeb,الحاجب,,,TN345653,Thyna,طينة,,,TN3456,Sfax,صفاقس,,,TN34,Centre East,الوسط الشرقي,,,TN3,Tunisie,,,,TN,2022-11-15,,v01,fr,ar,,,POINT (10.636979064999991 34.69763891500003)
4,Agareb,عقارب,,,10.5428156,34.72586614,Agareb,عقارب,,,TN345751,Agareb,عقارب,,,TN3457,Sfax,صفاقس,,,TN34,Centre East,الوسط الشرقي,,,TN3,Tunisie,,,,TN,2022-11-15,,v01,fr,ar,,,POINT (10.542815603999998 34.725866139999994)
4,Gargour,قرقور,,,10.58752129,34.64891371,Gargour,قرقور,,,TN345752,Agareb,عقارب,,,TN3457,Sfax,صفاقس,,,TN34,Centre East,الوسط الشرقي,,,TN3,Tunisie,,,,TN,2022-11-15,,v01,fr,ar,,,POINT (10.587521293000009 34.648913709)
4,Bouledhieb,بولذياب,,,10.3857778,34.70876105,Bouledhieb,بولذياب,,,TN345753,Agareb,عقارب,,,TN3457,Sfax,صفاقس,,,TN34,Centre East,الوسط الشرقي,,,TN3,Tunisie,,,,TN,2022-11-15,,v01,fr,ar,,,POINT (10.385777802999996 34.70876105000002)
4,El Mahrouka,المحروقة,,,10.3683739,34.77630411,El Mahrouka,المحروقة,,,TN345754,Agareb,عقارب,,,TN3457,Sfax,صفاقس,,,TN34,Centre East,الوسط الشرقي,,,TN3,Tunisie,,,,TN,2022-11-15,,v01,fr,ar,,,POINT (10.36837389499999 34.77630411400003)
4,Ettorba,التربة,,,10.45691875,34.80345867,Ettorba,التربة,,,TN345755,Agareb,عقارب,,,TN3457,Sfax,صفاقس,,,TN34,Centre East,الوسط الشرقي,,,TN3,Tunisie,,,,TN,2022-11-15,,v01,fr,ar,,,POINT (10.45691875099999 34.80345866900001)
4,Ben Sahloun,بن سهلون,,,10.40387764,34.66397073,Ben Sahloun,بن سهلون,,,TN345756,Agareb,عقارب,,,TN3457,Sfax,صفاقس,,,TN34,Centre East,الوسط الشرقي,,,TN3,Tunisie,,,,TN,2022-11-15,,v01,fr,ar,,,POINT (10.403877643999976 34.663970733999975)
4,Zeliana,زلبانة,,,10.35033968,34.84860768,Zeliana,زلبانة,,,TN345757,Agareb,عقارب,,,TN3457,Sfax,صفاقس,,,TN34,Centre East,الوسط الشرقي,,,TN3,Tunisie,,,,TN,2022-11-15,,v01,fr,ar,,,POINT (10.350339675999976 34.848607684)
4,Es-Soghar,الصغار,,,10.5748144,34.76346885,Es-Soghar,الصغار,,,TN345758,Agareb,عقارب,,,TN3457,Sfax,صفاقس,,,TN34,Centre East,الوسط الشرقي,,,TN3,Tunisie,,,,TN,2022-11-15,,v01,fr,ar,,,POINT (10.574814396000022 34.76346884600002)
4,Djebeniana,جبنيانة,,,10.90314568,35.0339191,Djebeniana,جبنيانة,,,TN345851,Jebeniana,جبنيانة,,,TN3458,Sfax,صفاقس,,,TN34,Centre East,الوسط الشرقي,,,TN3,Tunisie,,,,TN,2022-11-15,,v01,fr,ar,,,POINT (10.903145680000023 35.03391909999999)
4,Batria,بطرية,,,10.99156239,35.0833182,Batria,بطرية,,,TN345852,Jebeniana,جبنيانة,,,TN3458,Sfax,صفاقس,,,TN34,Centre East,الوسط الشرقي,,,TN3,Tunisie,,,,TN,2022-11-15,,v01,fr,ar,,,POINT (10.991562392999981 35.08331819599999)
4,Baltech,بلتش,,,10.84195575,35.10882969,Baltech,بلتش,,,TN345853,Jebeniana,جبنيانة,,,TN3458,Sfax,صفاقس,,,TN34,Centre East,الوسط الشرقي,,,TN3,Tunisie,,,,TN,2022-11-15,,v01,fr,ar,,,POINT (10.841955745000007 35.108829687000025)
4,Hazeg,حزق,,,10.95779793,35.03100836,Hazeg,حزق,,,TN345854,Jebeniana,جبنيانة,,,TN3458,Sfax,صفاقس,,,TN34,Centre East,الوسط الشرقي,,,TN3,Tunisie,,,,TN,2022-11-15,,v01,fr,ar,,,POINT (10.957797931000016 35.031008359)
4,El Kalelja,القلالجة,,,10.90906101,35.07443686,El Kalelja,القلالجة,,,TN345855,Jebeniana,جبنيانة,,,TN3458,Sfax,صفاقس,,,TN34,Centre East,الوسط الشرقي,,,TN3,Tunisie,,,,TN,2022-11-15,,v01,fr,ar,,,POINT (10.909061005000012 35.07443685700002)
4,El Ajengna,العجانقة,,,10.89366007,35.13467313,El Ajengna,العجانقة,,,TN345856,Jebeniana,جبنيانة,,,TN3458,Sfax,صفاقس,,,TN34,Centre East,الوسط الشرقي,,,TN3,Tunisie,,,,TN,2022-11-15,,v01,fr,ar,,,POINT (10.893660071999989 35.134673126999985)
4,El Louza,اللوزة,,,11.00176623,35.03979305,El Louza,اللوزة,,,TN345857,Jebeniana,جبنيانة,,,TN3458,Sfax,صفاقس,,,TN34,Centre East,الوسط الشرقي,,,TN3,Tunisie,,,,TN,2022-11-15,,v01,fr,ar,,,POINT (11.001766229999987 35.039793051000004)
4,El Houdh,الحوض,,,10.83050451,35.05787187,El Houdh,الحوض,,,TN345858,Jebeniana,جبنيانة,,,TN3458,Sfax,صفاقس,,,TN34,Centre East,الوسط الشرقي,,,TN3,Tunisie,,,,TN,2022-11-15,,v01,fr,ar,,,POINT (10.830504512000005 35.05787186600003)
4,El Amra,العامرة,,,10.89771253,34.97241159,El Amra,العامرة,,,TN345951,El Amra,العامرة,,,TN3459,Sfax,صفاقس,,,TN34,Centre East,الوسط الشرقي,,,TN3,Tunisie,,,,TN,2022-11-15,,v01,fr,ar,,,POINT (10.897712531000025 34.972411592000014)
4,Beliana,بليانة,,,10.93450093,34.99398967,Beliana,بليانة,,,TN345952,El Amra,العامرة,,,TN3459,Sfax,صفاقس,,,TN34,Centre East,الوسط الشرقي,,,TN3,Tunisie,,,,TN,2022-11-15,,v01,fr,ar,,,POINT (10.934500932999981 34.99398967100001)
4,El Mesatria,المسائرية,,,10.88566809,35.00786569,El Mesatria,المسائرية,,,TN345953,El Amra,العامرة,,,TN3459,Sfax,صفاقس,,,TN34,Centre East,الوسط الشرقي,,,TN3,Tunisie,,,,TN,2022-11-15,,v01,fr,ar,,,POINT (10.885668088999978 35.007865686)
4,Es Salam,السلام,,,10.83421743,34.97257277,Es Salam,السلام,,,TN345954,El Amra,العامرة,,,TN3459,Sfax,صفاقس,,,TN34,Centre East,الوسط الشرقي,,,TN3,Tunisie,,,,TN,2022-11-15,,v01,fr,ar,,,POINT (10.834217426999999 34.97257276800002)
4,Dherra Beni Ziad,ذراع بن زياد,,,10.88759098,34.91936844,Dherra Beni Ziad,ذراع بن زياد,,,TN345955,El Amra,العامرة,,,TN3459,Sfax,صفاقس,,,TN34,Centre East,الوسط الشرقي,,,TN3,Tunisie,,,,TN,2022-11-15,,v01,fr,ar,,,POINT (10.887590982000006 34.919368442999996)
4,Bou Derbala,بودربالة,,,10.8593344,34.89195403,Bou Derbala,بودربالة,,,TN345956,El Amra,العامرة,,,TN3459,Sfax,صفاقس,,,TN34,Centre East,الوسط الشرقي,,,TN3,Tunisie,,,,TN,2022-11-15,,v01,fr,ar,,,POINT (10.859334397999987 34.89195402500002)
4,El Hencha,الحنشة,,,10.76122759,35.12164156,El Hencha,الحنشة,,,TN346051,Hencha,الحنشة,,,TN3460,Sfax,صفاقس,,,TN34,Centre East,الوسط الشرقي,,,TN3,Tunisie,,,,TN,2022-11-15,,v01,fr,ar,,,POINT (10.761227588999986 35.12164156199998)
4,En-Nasr,النصر,,,10.73878361,34.9661928,En-Nasr,النصر,,,TN346052,Hencha,الحنشة,,,TN3460,Sfax,صفاقس,,,TN34,Centre East,الوسط الشرقي,,,TN3,Tunisie,,,,TN,2022-11-15,,v01,fr,ar,,,POINT (10.738783608000006 34.96619280200002)
4,Sidi Hassen Belhaj,سيدي حسن بالحاج,,,10.7708183,35.20715104,Sidi Hassen Belhaj,سيدي حسن بالحاج,,,TN346053,Hencha,الحنشة,,,TN3460,Sfax,صفاقس,,,TN34,Centre East,الوسط الشرقي,,,TN3,Tunisie,,,,TN,2022-11-15,,v01,fr,ar,,,POINT (10.770818302999999 35.207151044)
4,Dokhane,دخان,,,10.80485359,35.00434698,Dokhane,دخان,,,TN346054,Hencha,الحنشة,,,TN3460,Sfax,صفاقس,,,TN34,Centre East,الوسط الشرقي,,,TN3,Tunisie,,,,TN,2022-11-15,,v01,fr,ar,,,POINT (10.804853589000004 35.00434697700001)
4,Bir Chaaba,بئر الشعبة,,,10.71505523,35.05258769,Bir Chaaba,بئر الشعبة,,,TN346055,Hencha,الحنشة,,,TN3460,Sfax,صفاقس,,,TN34,Centre East,الوسط الشرقي,,,TN3,Tunisie,,,,TN,2022-11-15,,v01,fr,ar,,,POINT (10.715055231000008 35.05258768599998)
4,Merkez Mosbah,مركز مصباح,,,10.66702049,35.11213888,Merkez Mosbah,مركز مصباح,,,TN346056,Hencha,الحنشة,,,TN3460,Sfax,صفاقس,,,TN34,Centre East,الوسط الشرقي,,,TN3,Tunisie,,,,TN,2022-11-15,,v01,fr,ar,,,POINT (10.667020488999981 35.112138883)
4,Bir Salah,بئر صالح,,,10.70005745,35.19493093,Bir Salah,بئر صالح,,,TN346057,Hencha,الحنشة,,,TN3460,Sfax,صفاقس,,,TN34,Centre East,الوسط الشرقي,,,TN3,Tunisie,,,,TN,2022-11-15,,v01,fr,ar,,,POINT (10.70005745200001 35.19493092800002)
4,El Hajjara,الحجارة,,,10.61946564,35.21145009,El Hajjara,الحجارة,,,TN346058,Hencha,الحنشة,,,TN3460,Sfax,صفاقس,,,TN34,Centre East,الوسط الشرقي,,,TN3,Tunisie,,,,TN,2022-11-15,,v01,fr,ar,,,POINT (10.619465644000002 35.21145008899998)
4,Jouaouda,الجواودة,,,10.78372703,35.03314518,Jouaouda,الجواودة,,,TN346059,Hencha,الحنشة,,,TN3460,Sfax,صفاقس,,,TN34,Centre East,الوسط الشرقي,,,TN3,Tunisie,,,,TN,2022-11-15,,v01,fr,ar,,,POINT (10.783727028999976 35.033145182)
4,Menzel Chaker,منزل شاكر,,,10.34191923,34.98431814,Menzel Chaker,منزل شاكر,,,TN346151,Menzel Chaker,منزل شاكر,,,TN3461,Sfax,صفاقس,,,TN34,Centre East,الوسط الشرقي,,,TN3,Tunisie,,,,TN,2022-11-15,,v01,fr,ar,,,POINT (10.341919227999995 34.98431814100002)
4,Bou Jarboue,بوجوبوع,,,10.67743855,35.00953989,Bou Jarboue,بوجوبوع,,,TN346152,Menzel Chaker,منزل شاكر,,,TN3461,Sfax,صفاقس,,,TN34,Centre East,الوسط الشرقي,,,TN3,Tunisie,,,,TN,2022-11-15,,v01,fr,ar,,,POINT (10.677438553000002 35.00953988499998)
4,Majel Edarj,ماجل الدرج,,,10.62986419,34.96175516,Majel Edarj,ماجل الدرج,,,TN346153,Menzel Chaker,منزل شاكر,,,TN3461,Sfax,صفاقس,,,TN34,Centre East,الوسط الشرقي,,,TN3,Tunisie,,,,TN,2022-11-15,,v01,fr,ar,,,POINT (10.629864193999992 34.961755160999985)
4,Bir Mellouli,بئر الملولي,,,10.53307115,34.88507359,Bir Mellouli,بئر الملولي,,,TN346154,Menzel Chaker,منزل شاكر,,,TN3461,Sfax,صفاقس,,,TN34,Centre East,الوسط الشرقي,,,TN3,Tunisie,,,,TN,2022-11-15,,v01,fr,ar,,,POINT (10.533071147999976 34.88507358700002)
4,Bechka,بشكة,,,10.38984756,34.91637918,Bechka,بشكة,,,TN346155,Menzel Chaker,منزل شاكر,,,TN3461,Sfax,صفاقس,,,TN34,Centre East,الوسط الشرقي,,,TN3,Tunisie,,,,TN,2022-11-15,,v01,fr,ar,,,POINT (10.389847555000017 34.916379178)
4,Bou-Thadi,بوثدي,,,10.24380377,35.08739398,Bou-Thadi,بوثدي,,,TN346156,Menzel Chaker,منزل شاكر,,,TN3461,Sfax,صفاقس,,,TN34,Centre East,الوسط الشرقي,,,TN3,Tunisie,,,,TN,2022-11-15,,v01,fr,ar,,,POINT (10.243803766999974 35.08739398099999)
4,El Bokaa El Bidha,البقعة البيضاء,,,10.55389784,34.9491823,El Bokaa El Bidha,البقعة البيضاء,,,TN346157,Menzel Chaker,منزل شاكر,,,TN3461,Sfax,صفاقس,,,TN34,Centre East,الوسط الشرقي,,,TN3,Tunisie,,,,TN,2022-11-15,,v01,fr,ar,,,POINT (10.553897839000001 34.949182303999976)
4,El Aouadhna,العوادنة,,,10.55323994,35.08973511,El Aouadhna,العوادنة,,,TN346158,Menzel Chaker,منزل شاكر,,,TN3461,Sfax,صفاقس,,,TN34,Centre East,الوسط الشرقي,,,TN3,Tunisie,,,,TN,2022-11-15,,v01,fr,ar,,,POINT (10.553239942999994 35.089735114999996)
4,Telil El Ajla,تليل العجلة,,,10.1391437,35.04847295,Telil El Ajla,تليل العجلة,,,TN346159,Menzel Chaker,منزل شاكر,,,TN3461,Sfax,صفاقس,,,TN34,Centre East,الوسط الشرقي,,,TN3,Tunisie,,,,TN,2022-11-15,,v01,fr,ar,,,POINT (10.139143701000023 35.04847295100001)
4,El Achech,الأعشاش,,,10.59500958,35.17082322,El Achech,الأعشاش,,,TN346160,Menzel Chaker,منزل شاكر,,,TN3461,Sfax,صفاقس,,,TN34,Centre East,الوسط الشرقي,,,TN3,Tunisie,,,,TN,2022-11-15,,v01,fr,ar,,,POINT (10.595009576999985 35.17082322300001)
4,El Hadj Kacem,الحاج قاسم,,,10.20939412,34.91114739,El Hadj Kacem,الحاج قاسم,,,TN346161,Menzel Chaker,منزل شاكر,,,TN3461,Sfax,صفاقس,,,TN34,Centre East,الوسط الشرقي,,,TN3,Tunisie,,,,TN,2022-11-15,,v01,fr,ar,,,POINT (10.209394120000013 34.91114739400001)
4,Chaleb,شعلاب,,,10.39934465,35.05762196,Chaleb,شعلاب,,,TN346162,Menzel Chaker,منزل شاكر,,,TN3461,Sfax,صفاقس,,,TN34,Centre East,الوسط الشرقي,,,TN3,Tunisie,,,,TN,2022-11-15,,v01,fr,ar,,,POINT (10.39934464800001 35.05762196400002)
4,El Ghraiba,الغريبة,,,10.25475548,34.55935434,El Ghraiba,الغريبة,,,TN346251,El Ghraiba,الغريبة,,,TN3462,Sfax,صفاقس,,,TN34,Centre East,الوسط الشرقي,,,TN3,Tunisie,,,,TN,2022-11-15,,v01,fr,ar,,,POINT (10.254755483999986 34.55935433600001)
4,El Manar,المنار,,,10.23395908,34.45573913,El Manar,المنار,,,TN346252,El Ghraiba,الغريبة,,,TN3462,Sfax,صفاقس,,,TN34,Centre East,الوسط الشرقي,,,TN3,Tunisie,,,,TN,2022-11-15,,v01,fr,ar,,,POINT (10.233959081000023 34.45573913099997)
4,El Hchichina Sud,الحشيشينة الجنوبية,,,10.16813566,34.43503154,El Hchichina Sud,الحشيشينة الجنوبية,,,TN346253,El Ghraiba,الغريبة,,,TN3462,Sfax,صفاقس,,,TN34,Centre East,الوسط الشرقي,,,TN3,Tunisie,,,,TN,2022-11-15,,v01,fr,ar,,,POINT (10.168135656999993 34.43503154000001)
4,Hchichina Nord,الحشيشينة الشمالية,,,10.14387274,34.54969755,Hchichina Nord,الحشيشينة الشمالية,,,TN346254,El Ghraiba,الغريبة,,,TN3462,Sfax,صفاقس,,,TN34,Centre East,الوسط الشرقي,,,TN3,Tunisie,,,,TN,2022-11-15,,v01,fr,ar,,,POINT (10.143872735999992 34.549697546999994)
4,El Chaal,الشعال,,,10.33350517,34.55881261,El Chaal,الشعال,,,TN346255,El Ghraiba,الغريبة,,,TN3462,Sfax,صفاقس,,,TN34,Centre East,الوسط الشرقي,,,TN3,Tunisie,,,,TN,2022-11-15,,v01,fr,ar,,,POINT (10.33350516500002 34.55881261100001)
4,Bir Ali Ben Khelifa,بئر علي بن خليفة,,,10.10133684,34.72730931,Bir Ali Ben Khelifa,بئر علي بن خليفة,,,TN346351,Bir Ali Ben Khélifa,بئر علي بن خليفة,,,TN3463,Sfax,صفاقس,,,TN34,Centre East,الوسط الشرقي,,,TN3,Tunisie,,,,TN,2022-11-15,,v01,fr,ar,,,POINT (10.101336844000002 34.727309307999974)
4,Sidi Dhaher,سيدي ظاهر,,,10.05597895,34.91906805,Sidi Dhaher,سيدي ظاهر,,,TN346352,Bir Ali Ben Khélifa,بئر علي بن خليفة,,,TN3463,Sfax,صفاقس,,,TN34,Centre East,الوسط الشرقي,,,TN3,Tunisie,,,,TN,2022-11-15,,v01,fr,ar,,,POINT (10.055978951999975 34.91906805299999)
4,Sidi Ali Belabed,سيدي علي بالعابد,,,10.17145586,34.78457868,Sidi Ali Belabed,سيدي علي بالعابد,,,TN346353,Bir Ali Ben Khélifa,بئر علي بن خليفة,,,TN3463,Sfax,صفاقس,,,TN34,Centre East,الوسط الشرقي,,,TN3,Tunisie,,,,TN,2022-11-15,,v01,fr,ar,,,POINT (10.171455861000027 34.784578678)
4,Bou Slim,بوسليم,,,10.25295137,34.74911979,Bou Slim,بوسليم,,,TN346354,Bir Ali Ben Khélifa,بئر علي بن خليفة,,,TN3463,Sfax,صفاقس,,,TN34,Centre East,الوسط الشرقي,,,TN3,Tunisie,,,,TN,2022-11-15,,v01,fr,ar,,,POINT (10.252951369000016 34.74911979400002)
4,El Abraj,الأبراج,,,10.25964596,34.62271063,El Abraj,الأبراج,,,TN346355,Bir Ali Ben Khélifa,بئر علي بن خليفة,,,TN3463,Sfax,صفاقس,,,TN34,Centre East,الوسط الشرقي,,,TN3,Tunisie,,,,TN,2022-11-15,,v01,fr,ar,,,POINT (10.259645958000021 34.622710627000004)
4,Sdiret Sud,السديرات الجنوبية,,,10.10728105,34.5777256,Sdiret Sud,السديرات الجنوبية,,,TN346356,Bir Ali Ben Khélifa,بئر علي بن خليفة,,,TN3463,Sfax,صفاقس,,,TN34,Centre East,الوسط الشرقي,,,TN3,Tunisie,,,,TN,2022-11-15,,v01,fr,ar,,,POINT (10.107281048999994 34.57772560500001)
4,Sdiret Nord,السديرات الشمالية,,,10.17172407,34.67440206,Sdiret Nord,السديرات الشمالية,,,TN346357,Bir Ali Ben Khélifa,بئر علي بن خليفة,,,TN3463,Sfax,صفاقس,,,TN34,Centre East,الوسط الشرقي,,,TN3,Tunisie,,,,TN,2022-11-15,,v01,fr,ar,,,POINT (10.171724066000024 34.67440206100002)
4,El Gandoul,القندول,,,10.03807697,34.65112313,El Gandoul,القندول,,,TN346358,Bir Ali Ben Khélifa,بئر علي بن خليفة,,,TN3463,Sfax,صفاقس,,,TN34,Centre East,الوسط الشرقي,,,TN3,Tunisie,,,,TN,2022-11-15,,v01,fr,ar,,,POINT (10.038076972999988 34.65112313200001)
4,Oued Ech-Cheikh,وادي الشيخ,,,10.0807917,34.68353728,Oued Ech-Cheikh,وادي الشيخ,,,TN346359,Bir Ali Ben Khélifa,بئر علي بن خليفة,,,TN3463,Sfax,صفاقس,,,TN34,Centre East,الوسط الشرقي,,,TN3,Tunisie,,,,TN,2022-11-15,,v01,fr,ar,,,POINT (10.080791696999995 34.683537280999985)
4,Ouadrane Sud,ودران الجنوبية,,,9.9548014,34.59891006,Ouadrane Sud,ودران الجنوبية,,,TN346360,Bir Ali Ben Khélifa,بئر علي بن خليفة,,,TN3463,Sfax,صفاقس,,,TN34,Centre East,الوسط الشرقي,,,TN3,Tunisie,,,,TN,2022-11-15,,v01,fr,ar,,,POINT (9.954801401999987 34.59891005899999)
4,Ouadrane Nord,ودران الشمالية,,,9.96334562,34.71722776,Ouadrane Nord,ودران الشمالية,,,TN346361,Bir Ali Ben Khélifa,بئر علي بن خليفة,,,TN3463,Sfax,صفاقس,,,TN34,Centre East,الوسط الشرقي,,,TN3,Tunisie,,,,TN,2022-11-15,,v01,fr,ar,,,POINT (9.96334562200002 34.71722775699999)
4,En-Nadhour,الناظور,,,10.02905038,34.8041599,En-Nadhour,الناظور,,,TN346362,Bir Ali Ben Khélifa,بئر علي بن خليفة,,,TN3463,Sfax,صفاقس,,,TN34,Centre East,الوسط الشرقي,,,TN3,Tunisie,,,,TN,2022-11-15,,v01,fr,ar,,,POINT (10.029050384000016 34.80415989699998)
4,Sbih,صبيح,,,9.90354226,34.27568852,Sbih,صبيح,,,TN346451,Skhira,الصخيرة,,,TN3464,Sfax,صفاقس,,,TN34,Centre East,الوسط الشرقي,,,TN3,Tunisie,,,,TN,2022-11-15,,v01,fr,ar,,,POINT (9.903542259000005 34.275688522999985)
4,El Khadhra,الخضراء,,,9.87523783,34.23707663,El Khadhra,الخضراء,,,TN346452,Skhira,الصخيرة,,,TN3464,Sfax,صفاقس,,,TN34,Centre East,الوسط الشرقي,,,TN3,Tunisie,,,,TN,2022-11-15,,v01,fr,ar,,,POINT (9.875237825999989 34.23707662999999)
4,Naoual,نوال,,,9.92220958,34.37896287,Naoual,نوال,,,TN346453,Skhira,الصخيرة,,,TN3464,Sfax,صفاقس,,,TN34,Centre East,الوسط الشرقي,,,TN3,Tunisie,,,,TN,2022-11-15,,v01,fr,ar,,,POINT (9.922209581999994 34.37896287000001)
4,Skhira,الصخيرة,,,10.03160496,34.28825722,Skhira,الصخيرة,,,TN346454,Skhira,الصخيرة,,,TN3464,Sfax,صفاقس,,,TN34,Centre East,الوسط الشرقي,,,TN3,Tunisie,,,,TN,2022-11-15,,v01,fr,ar,,,POINT (10.031604962000017 34.28825721499999)
4,El Kenitra,القنيطرة,,,9.9568396,34.27248606,El Kenitra,القنيطرة,,,TN346455,Skhira,الصخيرة,,,TN3464,Sfax,صفاقس,,,TN34,Centre East,الوسط الشرقي,,,TN3,Tunisie,,,,TN,2022-11-15,,v01,fr,ar,,,POINT (9.956839602999992 34.272486061999984)
4,Sidi Mohamed,سيدي محمد,,,10.0019153,34.44620709,Sidi Mohamed,سيدي محمد,,,TN346456,Skhira,الصخيرة,,,TN3464,Sfax,صفاقس,,,TN34,Centre East,الوسط الشرقي,,,TN3,Tunisie,,,,TN,2022-11-15,,v01,fr,ar,,,POINT (10.001915295000003 34.446207093)
4,El Hammada,الحمادة,,,10.10715498,34.42241459,El Hammada,الحمادة,,,TN346457,Skhira,الصخيرة,,,TN3464,Sfax,صفاقس,,,TN34,Centre East,الوسط الشرقي,,,TN3,Tunisie,,,,TN,2022-11-15,,v01,fr,ar,,,POINT (10.107154975000014 34.422414586)
4,Mahres,المحرس,,,10.51646568,34.54660517,Mahres,المحرس,,,TN346551,Mahres,المحرس,,,TN3465,Sfax,صفاقس,,,TN34,Centre East,الوسط الشرقي,,,TN3,Tunisie,,,,TN,2022-11-15,,v01,fr,ar,,,POINT (10.516465681999989 34.546605168999974)
4,Mahres Sud,المحرس الجنوبية,,,10.42286736,34.5675739,Mahres Sud,المحرس الجنوبية,,,TN346552,Mahres,المحرس,,,TN3465,Sfax,صفاقس,,,TN34,Centre East,الوسط الشرقي,,,TN3,Tunisie,,,,TN,2022-11-15,,v01,fr,ar,,,POINT (10.422867354999994 34.567573899000024)
4,Chaffar,الشفار,,,10.55610463,34.57472344,Chaffar,الشفار,,,TN346553,Mahres,المحرس,,,TN3465,Sfax,صفاقس,,,TN34,Centre East,الوسط الشرقي,,,TN3,Tunisie,,,,TN,2022-11-15,,v01,fr,ar,,,POINT (10.556104629999993 34.57472343500001)
4,Sidi Ghrib,سيدي غريب,,,10.37288197,34.50204795,Sidi Ghrib,سيدي غريب,,,TN346554,Mahres,المحرس,,,TN3465,Sfax,صفاقس,,,TN34,Centre East,الوسط الشرقي,,,TN3,Tunisie,,,,TN,2022-11-15,,v01,fr,ar,,,POINT (10.372881968000002 34.50204795000002)
4,Aithet Chelaia,عيثة الشلايا,,,10.48132212,34.61182617,Aithet Chelaia,عيثة الشلايا,,,TN346555,Mahres,المحرس,,,TN3465,Sfax,صفاقس,,,TN34,Centre East,الوسط الشرقي,,,TN3,Tunisie,,,,TN,2022-11-15,,v01,fr,ar,,,POINT (10.48132211699999 34.61182616899998)
4,Es-Smara,السمارة,,,10.31418059,34.44930861,Es-Smara,السمارة,,,TN346556,Mahres,المحرس,,,TN3465,Sfax,صفاقس,,,TN34,Centre East,الوسط الشرقي,,,TN3,Tunisie,,,,TN,2022-11-15,,v01,fr,ar,,,POINT (10.314180593000003 34.44930861)
4,El Ataya,العطايا,,,11.27987462,34.74032866,El Ataya,العطايا,,,TN346651,Kerkennah,قرقنة,,,TN3466,Sfax,صفاقس,,,TN34,Centre East,الوسط الشرقي,,,TN3,Tunisie,,,,TN,2022-11-15,,v01,fr,ar,,,POINT (11.279874618999997 34.74032865999999)
4,El Ramla,الرملة,,,11.19536243,34.73151699,El Ramla,الرملة,,,TN346652,Kerkennah,قرقنة,,,TN3466,Sfax,صفاقس,,,TN34,Centre East,الوسط الشرقي,,,TN3,Tunisie,,,,TN,2022-11-15,,v01,fr,ar,,,POINT (11.195362432000024 34.731516985999974)
4,Sidi Frej,سيدي فرج,,,11.15007138,34.69873837,Sidi Frej,سيدي فرج,,,TN346653,Kerkennah,قرقنة,,,TN3466,Sfax,صفاقس,,,TN34,Centre East,الوسط الشرقي,,,TN3,Tunisie,,,,TN,2022-11-15,,v01,fr,ar,,,POINT (11.150071382000021 34.69873836900001)
4,Melita,مليتة,,,11.03777065,34.643407,Melita,مليتة,,,TN346654,Kerkennah,قرقنة,,,TN3466,Sfax,صفاقس,,,TN34,Centre East,الوسط الشرقي,,,TN3,Tunisie,,,,TN,2022-11-15,,v01,fr,ar,,,POINT (11.037770647000002 34.64340699600001)
4,El Kalabine,الكلابين,,,11.23757569,34.72446113,El Kalabine,الكلابين,,,TN346655,Kerkennah,قرقنة,,,TN3466,Sfax,صفاقس,,,TN34,Centre East,الوسط الشرقي,,,TN3,Tunisie,,,,TN,2022-11-15,,v01,fr,ar,,,POINT (11.237575688999982 34.72446112900002)
4,En-Najet,النجا ة,,,11.2504726,34.77939869,En-Najet,النجا ة,,,TN346656,Kerkennah,قرقنة,,,TN3466,Sfax,صفاقس,,,TN34,Centre East,الوسط الشرقي,,,TN3,Tunisie,,,,TN,2022-11-15,,v01,fr,ar,,,POINT (11.250472602000002 34.77939869199997)
4,El Chargui,الشرقي,,,11.24276726,34.75558802,El Chargui,الشرقي,,,TN346657,Kerkennah,قرقنة,,,TN3466,Sfax,صفاقس,,,TN34,Centre East,الوسط الشرقي,,,TN3,Tunisie,,,,TN,2022-11-15,,v01,fr,ar,,,POINT (11.24276725599998 34.75558802500001)
4,El Kantra,القنطرة,,,11.13684514,34.67458982,El Kantra,القنطرة,,,TN346658,Kerkennah,قرقنة,,,TN3466,Sfax,صفاقس,,,TN34,Centre East,الوسط الشرقي,,,TN3,Tunisie,,,,TN,2022-11-15,,v01,fr,ar,,,POINT (11.136845135999977 34.674589817000026)
4,El Kraten,القراطن,,,11.25835733,34.81453556,El Kraten,القراطن,,,TN346659,Kerkennah,قرقنة,,,TN3466,Sfax,صفاقس,,,TN34,Centre East,الوسط الشرقي,,,TN3,Tunisie,,,,TN,2022-11-15,,v01,fr,ar,,,POINT (11.258357332000003 34.814535560000024)
4,Ouled Kacem,أولاد قاسم,,,11.17939642,34.70650279,Ouled Kacem,أولاد قاسم,,,TN346660,Kerkennah,قرقنة,,,TN3466,Sfax,صفاقس,,,TN34,Centre East,الوسط الشرقي,,,TN3,Tunisie,,,,TN,2022-11-15,,v01,fr,ar,,,POINT (11.179396419 34.70650279)
4,Al Ansar,الأنصار,,,10.09912085,35.67560255,Al Ansar,الأنصار,,,TN415151,Kairouan Nord,القيروان الشمالية,,,TN4151,Kairouan,القيروان,,,TN41,Centre West,الوسط الغربي,,,TN4,Tunisie,,,,TN,2022-11-15,,v01,fr,ar,,,POINT (10.099120847999984 35.67560255199999)
4,El Jemaa Nord,الجامع الشمالية,,,10.10952851,35.6872698,El Jemaa Nord,الجامع الشمالية,,,TN415152,Kairouan Nord,القيروان الشمالية,,,TN4151,Kairouan,القيروان,,,TN41,Centre West,الوسط الغربي,,,TN4,Tunisie,,,,TN,2022-11-15,,v01,fr,ar,,,POINT (10.109528511000008 35.687269802)
4,El Jemaa Sud,الجامع الجنوبية,,,10.10952414,35.68011139,El Jemaa Sud,الجامع الجنوبية,,,TN415153,Kairouan Nord,القيروان الشمالية,,,TN4151,Kairouan,القيروان,,,TN41,Centre West,الوسط الغربي,,,TN4,Tunisie,,,,TN,2022-11-15,,v01,fr,ar,,,POINT (10.109524136999994 35.680111391000025)
4,Kebilia Nord,القبلية الشمالية,,,10.09491789,35.67152419,Kebilia Nord,القبلية الشمالية,,,TN415154,Kairouan Nord,القيروان الشمالية,,,TN4151,Kairouan,القيروان,,,TN41,Centre West,الوسط الغربي,,,TN4,Tunisie,,,,TN,2022-11-15,,v01,fr,ar,,,POINT (10.094917884999973 35.67152419500002)
4,Jeblia Nord,الجبلية الشمالية,,,10.08796351,35.69123598,Jeblia Nord,الجبلية الشمالية,,,TN415155,Kairouan Nord,القيروان الشمالية,,,TN4151,Kairouan,القيروان,,,TN41,Centre West,الوسط الغربي,,,TN4,Tunisie,,,,TN,2022-11-15,,v01,fr,ar,,,POINT (10.087963511999988 35.691235979)
4,Jeblia Sud,الجبلية الجنوبية,,,10.09146799,35.67545129,Jeblia Sud,الجبلية الجنوبية,,,TN415156,Kairouan Nord,القيروان الشمالية,,,TN4151,Kairouan,القيروان,,,TN41,Centre West,الوسط الغربي,,,TN4,Tunisie,,,,TN,2022-11-15,,v01,fr,ar,,,POINT (10.091467991999991 35.67545128699999)
4,El Menchia,المنشية,,,10.07826388,35.67982254,El Menchia,المنشية,,,TN415157,Kairouan Nord,القيروان الشمالية,,,TN4151,Kairouan,القيروان,,,TN41,Centre West,الوسط الغربي,,,TN4,Tunisie,,,,TN,2022-11-15,,v01,fr,ar,,,POINT (10.078263882999977 35.679822537999996)
4,Al Aghalba,الأغالبة,,,10.07978996,35.67318798,Al Aghalba,الأغالبة,,,TN415158,Kairouan Nord,القيروان الشمالية,,,TN4151,Kairouan,القيروان,,,TN41,Centre West,الوسط الغربي,,,TN4,Tunisie,,,,TN,2022-11-15,,v01,fr,ar,,,POINT (10.079789961000017 35.67318797600001)
4,Elbaten,الباطن,,,10.02909985,35.74306749,Elbaten,الباطن,,,TN415159,Kairouan Nord,القيروان الشمالية,,,TN4151,Kairouan,القيروان,,,TN41,Centre West,الوسط الغربي,,,TN4,Tunisie,,,,TN,2022-11-15,,v01,fr,ar,,,POINT (10.029099850000023 35.74306748800001)
4,Dheraa Ettammar,ذراع التمار,,,10.10111553,35.74495835,Dheraa Ettammar,ذراع التمار,,,TN415160,Kairouan Nord,القيروان الشمالية,,,TN4151,Kairouan,القيروان,,,TN41,Centre West,الوسط الغربي,,,TN4,Tunisie,,,,TN,2022-11-15,,v01,fr,ar,,,POINT (10.101115526000001 35.744958349)
4,Metbasta,المتبسطة,,,10.16209645,35.77833972,Metbasta,المتبسطة,,,TN415161,Kairouan Nord,القيروان الشمالية,,,TN4151,Kairouan,القيروان,,,TN41,Centre West,الوسط الغربي,,,TN4,Tunisie,,,,TN,2022-11-15,,v01,fr,ar,,,POINT (10.16209644899999 35.77833972100001)
4,El Ghabet,الغابات,,,10.18003971,35.72143128,El Ghabet,الغابات,,,TN415162,Kairouan Nord,القيروان الشمالية,,,TN4151,Kairouan,القيروان,,,TN41,Centre West,الوسط الغربي,,,TN4,Tunisie,,,,TN,2022-11-15,,v01,fr,ar,,,POINT (10.180039713999975 35.721431284000005)
4,Elmansoura Nord,المنصورة الشمالية,,,10.0820453,35.66028619,Elmansoura Nord,المنصورة الشمالية,,,TN415251,Kairouan Sud,القيروان الجنوبية,,,TN4152,Kairouan,القيروان,,,TN41,Centre West,الوسط الغربي,,,TN4,Tunisie,,,,TN,2022-11-15,,v01,fr,ar,,,POINT (10.082045305000008 35.66028619299999)
4,Elmansoura Sud,المنصورة الجنوبية,,,10.09244925,35.65501841,Elmansoura Sud,المنصورة الجنوبية,,,TN415252,Kairouan Sud,القيروان الجنوبية,,,TN4152,Kairouan,القيروان,,,TN41,Centre West,الوسط الغربي,,,TN4,Tunisie,,,,TN,2022-11-15,,v01,fr,ar,,,POINT (10.092449245000012 35.65501840799999)
4,Keblia Sud,القبلية الجنوبية,,,10.10220115,35.65880576,Keblia Sud,القبلية الجنوبية,,,TN415253,Kairouan Sud,القيروان الجنوبية,,,TN4152,Kairouan,القيروان,,,TN41,Centre West,الوسط الغربي,,,TN4,Tunisie,,,,TN,2022-11-15,,v01,fr,ar,,,POINT (10.102201147000017 35.65880575800003)
4,Merguellil,مرق الليل,,,10.02294873,35.64759886,Merguellil,مرق الليل,,,TN415254,Kairouan Sud,القيروان الجنوبية,,,TN4152,Kairouan,القيروان,,,TN41,Centre West,الوسط الغربي,,,TN4,Tunisie,,,,TN,2022-11-15,,v01,fr,ar,,,POINT (10.022948731999975 35.647598862999985)
4,Rakada,رقادة,,,10.06423496,35.61793004,Rakada,رقادة,,,TN415255,Kairouan Sud,القيروان الجنوبية,,,TN4152,Kairouan,القيروان,,,TN41,Centre West,الوسط الغربي,,,TN4,Tunisie,,,,TN,2022-11-15,,v01,fr,ar,,,POINT (10.064234957999986 35.61793003600002)
4,Zroud,زرود,,,10.15456197,35.65876069,Zroud,زرود,,,TN415256,Kairouan Sud,القيروان الجنوبية,,,TN4152,Kairouan,القيروان,,,TN41,Centre West,الوسط الغربي,,,TN4,Tunisie,,,,TN,2022-11-15,,v01,fr,ar,,,POINT (10.154561971000021 35.658760685000004)
4,Ettaen,التبان,,,10.11480612,35.65991099,Ettaen,التبان,,,TN415257,Kairouan Sud,القيروان الجنوبية,,,TN4152,Kairouan,القيروان,,,TN41,Centre West,الوسط الغربي,,,TN4,Tunisie,,,,TN,2022-11-15,,v01,fr,ar,,,POINT (10.114806120000026 35.65991099199999)
4,Ouled Nhar,أولاد نهار,,,10.22402026,35.64455865,Ouled Nhar,أولاد نهار,,,TN415258,Kairouan Sud,القيروان الجنوبية,,,TN4152,Kairouan,القيروان,,,TN41,Centre West,الوسط الغربي,,,TN4,Tunisie,,,,TN,2022-11-15,,v01,fr,ar,,,POINT (10.224020256000017 35.64455865399998)
4,Khazazia,الخزازية,,,10.22771105,35.61300257,Khazazia,الخزازية,,,TN415259,Kairouan Sud,القيروان الجنوبية,,,TN4152,Kairouan,القيروان,,,TN41,Centre West,الوسط الغربي,,,TN4,Tunisie,,,,TN,2022-11-15,,v01,fr,ar,,,POINT (10.227711049999982 35.61300257200003)
4,El Makhsouma,المخصومة,,,10.20622613,35.57282797,El Makhsouma,المخصومة,,,TN415260,Kairouan Sud,القيروان الجنوبية,,,TN4152,Kairouan,القيروان,,,TN41,Centre West,الوسط الغربي,,,TN4,Tunisie,,,,TN,2022-11-15,,v01,fr,ar,,,POINT (10.20622612599999 35.57282796599998)
4,El Nebech,النبش,,,10.20775141,35.51059722,El Nebech,النبش,,,TN415261,Kairouan Sud,القيروان الجنوبية,,,TN4152,Kairouan,القيروان,,,TN41,Centre West,الوسط الغربي,,,TN4,Tunisie,,,,TN,2022-11-15,,v01,fr,ar,,,POINT (10.207751412999983 35.51059722100001)
4,Zaafrana,زعفرانة,,,10.09736677,35.55502658,Zaafrana,زعفرانة,,,TN415262,Kairouan Sud,القيروان الجنوبية,,,TN4152,Kairouan,القيروان,,,TN41,Centre West,الوسط الغربي,,,TN4,Tunisie,,,,TN,2022-11-15,,v01,fr,ar,,,POINT (10.097366769000018 35.55502657599999)
4,El Khadra,الخضراء,,,9.96718598,35.47911197,El Khadra,الخضراء,,,TN415263,Kairouan Sud,القيروان الجنوبية,,,TN4152,Kairouan,القيروان,,,TN41,Centre West,الوسط الغربي,,,TN4,Tunisie,,,,TN,2022-11-15,,v01,fr,ar,,,POINT (9.967185977999975 35.479111972)
4,El Hammam,الحمام,,,9.98666476,35.51114991,El Hammam,الحمام,,,TN415264,Kairouan Sud,القيروان الجنوبية,,,TN4152,Kairouan,القيروان,,,TN41,Centre West,الوسط الغربي,,,TN4,Tunisie,,,,TN,2022-11-15,,v01,fr,ar,,,POINT (9.986664755999982 35.511149906000014)
4,Beriket El Argoub,بريكات العرقوب,,,9.91210242,35.47048135,Beriket El Argoub,بريكات العرقوب,,,TN415265,Kairouan Sud,القيروان الجنوبية,,,TN4152,Kairouan,القيروان,,,TN41,Centre West,الوسط الغربي,,,TN4,Tunisie,,,,TN,2022-11-15,,v01,fr,ar,,,POINT (9.912102418000018 35.470481354000015)
4,Echbika,الشبيكة,,,9.90639061,35.62494939,Echbika,الشبيكة,,,TN415351,Chebika,الشبيكة,,,TN4153,Kairouan,القيروان,,,TN41,Centre West,الوسط الغربي,,,TN4,Tunisie,,,,TN,2022-11-15,,v01,fr,ar,,,POINT (9.906390611999996 35.624949394)
4,Jaouaouda,الجواودة,,,9.91270628,35.68858162,Jaouaouda,الجواودة,,,TN415352,Chebika,الشبيكة,,,TN4153,Kairouan,القيروان,,,TN41,Centre West,الوسط الغربي,,,TN4,Tunisie,,,,TN,2022-11-15,,v01,fr,ar,,,POINT (9.912706284000024 35.68858161700001)
4,El Aouamria,العوامرية,,,9.98486254,35.67431906,El Aouamria,العوامرية,,,TN415353,Chebika,الشبيكة,,,TN4153,Kairouan,القيروان,,,TN41,Centre West,الوسط الغربي,,,TN4,Tunisie,,,,TN,2022-11-15,,v01,fr,ar,,,POINT (9.984862539000005 35.674319061000006)
4,Errouisset,الرويسات,,,9.9106064,35.7672213,Errouisset,الرويسات,,,TN415354,Chebika,الشبيكة,,,TN4153,Kairouan,القيروان,,,TN41,Centre West,الوسط الغربي,,,TN4,Tunisie,,,,TN,2022-11-15,,v01,fr,ar,,,POINT (9.91060640400002 35.76722130500002)
4,Abida,عبيدة,,,10.00199148,35.57402616,Abida,عبيدة,,,TN415355,Chebika,الشبيكة,,,TN4153,Kairouan,القيروان,,,TN41,Centre West,الوسط الغربي,,,TN4,Tunisie,,,,TN,2022-11-15,,v01,fr,ar,,,POINT (10.001991480000015 35.57402615699999)
4,Sidi Ali Ben Salem,سيدي علي بن سالم,,,9.89499838,35.57761477,Sidi Ali Ben Salem,سيدي علي بن سالم,,,TN415356,Chebika,الشبيكة,,,TN4153,Kairouan,القيروان,,,TN41,Centre West,الوسط الغربي,,,TN4,Tunisie,,,,TN,2022-11-15,,v01,fr,ar,,,POINT (9.894998381999983 35.57761477399998)
4,Hammed,هماد,,,9.90205412,35.52716641,Hammed,هماد,,,TN415357,Chebika,الشبيكة,,,TN4153,Kairouan,القيروان,,,TN41,Centre West,الوسط الغربي,,,TN4,Tunisie,,,,TN,2022-11-15,,v01,fr,ar,,,POINT (9.902054118000024 35.527166405)
4,El Karma,الكرمة,,,9.82048972,35.54237668,El Karma,الكرمة,,,TN415358,Chebika,الشبيكة,,,TN4153,Kairouan,القيروان,,,TN41,Centre West,الوسط الغربي,,,TN4,Tunisie,,,,TN,2022-11-15,,v01,fr,ar,,,POINT (9.820489716999987 35.54237667899997)
4,Sbikha Centre,السبيخة المركز,,,10.01868644,35.95113469,Sbikha Centre,السبيخة المركز,,,TN415451,Sbikha,السبيخة,,,TN4154,Kairouan,القيروان,,,TN41,Centre West,الوسط الغربي,,,TN4,Tunisie,,,,TN,2022-11-15,,v01,fr,ar,,,POINT (10.018686442999979 35.951134688000025)
4,Ain Bou Morra,عين بومرة,,,9.93618321,35.96766339,Ain Bou Morra,عين بومرة,,,TN415452,Sbikha,السبيخة,,,TN4154,Kairouan,القيروان,,,TN41,Centre West,الوسط الغربي,,,TN4,Tunisie,,,,TN,2022-11-15,,v01,fr,ar,,,POINT (9.936183208999978 35.967663388999995)
4,El Friouet,الفريوات,,,9.98002858,35.99204137,El Friouet,الفريوات,,,TN415453,Sbikha,السبيخة,,,TN4154,Kairouan,القيروان,,,TN41,Centre West,الوسط الغربي,,,TN4,Tunisie,,,,TN,2022-11-15,,v01,fr,ar,,,POINT (9.98002857900002 35.992041373000006)
4,Sidi Messaoud,سيدي مسعود,,,9.88178685,36.01035646,Sidi Messaoud,سيدي مسعود,,,TN415454,Sbikha,السبيخة,,,TN4154,Kairouan,القيروان,,,TN41,Centre West,الوسط الغربي,,,TN4,Tunisie,,,,TN,2022-11-15,,v01,fr,ar,,,POINT (9.881786853999984 36.010356457)
4,Ed-Dekhila,الدخيلة,,,9.99092315,35.85473304,Ed-Dekhila,الدخيلة,,,TN415455,Sbikha,السبيخة,,,TN4154,Kairouan,القيروان,,,TN41,Centre West,الوسط الغربي,,,TN4,Tunisie,,,,TN,2022-11-15,,v01,fr,ar,,,POINT (9.990923146 35.854733038000006)
4,Ed-Dheriaat,الدريعات,,,10.12809702,35.96685243,Ed-Dheriaat,الدريعات,,,TN415456,Sbikha,السبيخة,,,TN4154,Kairouan,القيروان,,,TN41,Centre West,الوسط الغربي,,,TN4,Tunisie,,,,TN,2022-11-15,,v01,fr,ar,,,POINT (10.128097018000005 35.96685242799998)
4,El Gfi,القفى,,,10.1769227,36.08672967,El Gfi,القفى,,,TN415457,Sbikha,السبيخة,,,TN4154,Kairouan,القيروان,,,TN41,Centre West,الوسط الغربي,,,TN4,Tunisie,,,,TN,2022-11-15,,v01,fr,ar,,,POINT (10.176922697999998 36.08672967000001)
4,El Alam,العلم,,,10.09689929,35.86837382,El Alam,العلم,,,TN415458,Sbikha,السبيخة,,,TN4154,Kairouan,القيروان,,,TN41,Centre West,الوسط الغربي,,,TN4,Tunisie,,,,TN,2022-11-15,,v01,fr,ar,,,POINT (10.096899287999975 35.868373822000024)
4,El Katifa,القطيفة,,,10.12548586,35.91967381,El Katifa,القطيفة,,,TN415459,Sbikha,السبيخة,,,TN4154,Kairouan,القيروان,,,TN41,Centre West,الوسط الغربي,,,TN4,Tunisie,,,,TN,2022-11-15,,v01,fr,ar,,,POINT (10.125485864999973 35.919673810000006)
4,El Aouitha,العويثة,,,10.2289253,36.0046823,El Aouitha,العويثة,,,TN415460,Sbikha,السبيخة,,,TN4154,Kairouan,القيروان,,,TN41,Centre West,الوسط الغربي,,,TN4,Tunisie,,,,TN,2022-11-15,,v01,fr,ar,,,POINT (10.228925302999983 36.00468230400003)
4,Sisseb,سيسب,,,10.18101396,35.98895217,Sisseb,سيسب,,,TN415461,Sbikha,السبيخة,,,TN4154,Kairouan,القيروان,,,TN41,Centre West,الوسط الغربي,,,TN4,Tunisie,,,,TN,2022-11-15,,v01,fr,ar,,,POINT (10.181013957000005 35.98895217299997)
4,Ech-Chorfa,الشرفة,,,9.89733411,35.83624151,Ech-Chorfa,الشرفة,,,TN415462,Sbikha,السبيخة,,,TN4154,Kairouan,القيروان,,,TN41,Centre West,الوسط الغربي,,,TN4,Tunisie,,,,TN,2022-11-15,,v01,fr,ar,,,POINT (9.897334105000027 35.83624151499998)
4,Chogafia,الشقافية,,,9.85132444,35.90374039,Chogafia,الشقافية,,,TN415463,Sbikha,السبيخة,,,TN4154,Kairouan,القيروان,,,TN41,Centre West,الوسط الغربي,,,TN4,Tunisie,,,,TN,2022-11-15,,v01,fr,ar,,,POINT (9.85132444300001 35.903740389999996)
4,Serdiania,سرديانة,,,9.95194066,35.92920393,Serdiania,سرديانة,,,TN415464,Sbikha,السبيخة,,,TN4154,Kairouan,القيروان,,,TN41,Centre West,الوسط الغربي,,,TN4,Tunisie,,,,TN,2022-11-15,,v01,fr,ar,,,POINT (9.951940659000002 35.92920392899998)
4,Oued El Khraouia,واد الخريوع,,,10.09158269,36.06225644,Oued El Khraouia,واد الخريوع,,,TN415465,Sbikha,السبيخة,,,TN4154,Kairouan,القيروان,,,TN41,Centre West,الوسط الغربي,,,TN4,Tunisie,,,,TN,2022-11-15,,v01,fr,ar,,,POINT (10.091582690999985 36.062256435999984)
4,Maarouf,معروف,,,9.7000147,36.00571178,Maarouf,معروف,,,TN415551,Oueslatia,الوسلاتية,,,TN4155,Kairouan,القيروان,,,TN41,Centre West,الوسط الغربي,,,TN4,Tunisie,,,,TN,2022-11-15,,v01,fr,ar,,,POINT (9.700014705000001 36.00571177500001)
4,El Ooueslatia Est,الوسلاتية الشرقية,,,9.60666079,35.85330899,El Ooueslatia Est,الوسلاتية الشرقية,,,TN415552,Oueslatia,الوسلاتية,,,TN4155,Kairouan,القيروان,,,TN41,Centre West,الوسط الغربي,,,TN4,Tunisie,,,,TN,2022-11-15,,v01,fr,ar,,,POINT (9.606660788999989 35.85330898900003)
4,El Ooueslatia Ouest,الوسلاتية الغربية,,,9.58655846,35.84962984,El Ooueslatia Ouest,الوسلاتية الغربية,,,TN415553,Oueslatia,الوسلاتية,,,TN4155,Kairouan,القيروان,,,TN41,Centre West,الوسط الغربي,,,TN4,Tunisie,,,,TN,2022-11-15,,v01,fr,ar,,,POINT (9.586558457000024 35.84962984399999)
4,El Menzel,المنزل,,,9.56063116,35.75907626,El Menzel,المنزل,,,TN415554,Oueslatia,الوسلاتية,,,TN4155,Kairouan,القيروان,,,TN41,Centre West,الوسط الغربي,,,TN4,Tunisie,,,,TN,2022-11-15,,v01,fr,ar,,,POINT (9.560631156 35.75907625799999)
4,Djebel Essarj,جبل السرج,,,9.6019042,35.93414173,Djebel Essarj,جبل السرج,,,TN415555,Oueslatia,الوسلاتية,,,TN4155,Kairouan,القيروان,,,TN41,Centre West,الوسط الغربي,,,TN4,Tunisie,,,,TN,2022-11-15,,v01,fr,ar,,,POINT (9.601904199999979 35.934141728999975)
4,Zaghdoud,زغدود,,,9.717356,35.91390074,Zaghdoud,زغدود,,,TN415556,Oueslatia,الوسلاتية,,,TN4155,Kairouan,القيروان,,,TN41,Centre West,الوسط الغربي,,,TN4,Tunisie,,,,TN,2022-11-15,,v01,fr,ar,,,POINT (9.717355999999995 35.913900738999985)
4,Djebel Oouestat,جبل وسلات,,,9.73041837,35.78525592,Djebel Oouestat,جبل وسلات,,,TN415557,Oueslatia,الوسلاتية,,,TN4155,Kairouan,القيروان,,,TN41,Centre West,الوسط الغربي,,,TN4,Tunisie,,,,TN,2022-11-15,,v01,fr,ar,,,POINT (9.730418369999995 35.78525592300002)
4,Djebel Erreihane,جبل الريحان,,,9.65771264,35.79749709,Djebel Erreihane,جبل الريحان,,,TN415558,Oueslatia,الوسلاتية,,,TN4155,Kairouan,القيروان,,,TN41,Centre West,الوسط الغربي,,,TN4,Tunisie,,,,TN,2022-11-15,,v01,fr,ar,,,POINT (9.657712643000025 35.79749708899999)
4,Ain Djeloula,عين جلولة,,,9.80281336,35.79865818,Ain Djeloula,عين جلولة,,,TN415559,Oueslatia,الوسلاتية,,,TN4155,Kairouan,القيروان,,,TN41,Centre West,الوسط الغربي,,,TN4,Tunisie,,,,TN,2022-11-15,,v01,fr,ar,,,POINT (9.802813360000016 35.798658175000014)
4,Oued El Ksab,وادي القصب,,,9.76979175,36.05818669,Oued El Ksab,وادي القصب,,,TN415560,Oueslatia,الوسلاتية,,,TN4155,Kairouan,القيروان,,,TN41,Centre West,الوسط الغربي,,,TN4,Tunisie,,,,TN,2022-11-15,,v01,fr,ar,,,POINT (9.769791747999989 36.058186691)
4,El Behair,البحاير,,,9.55120682,35.85590626,El Behair,البحاير,,,TN415561,Oueslatia,الوسلاتية,,,TN4155,Kairouan,القيروان,,,TN41,Centre West,الوسط الغربي,,,TN4,Tunisie,,,,TN,2022-11-15,,v01,fr,ar,,,POINT (9.551206824000019 35.855906258000005)
4,Hafouz Centre,حفوز المركز,,,9.68558555,35.6344636,Hafouz Centre,حفوز المركز,,,TN415651,Haffouz,حفوز,,,TN4156,Kairouan,القيروان,,,TN41,Centre West,الوسط الغربي,,,TN4,Tunisie,,,,TN,2022-11-15,,v01,fr,ar,,,POINT (9.685585548000006 35.63446360199998)
4,Khit El Oued,خيط الوادي,,,9.63027093,35.7176511,Khit El Oued,خيط الوادي,,,TN415652,Haffouz,حفوز,,,TN4156,Kairouan,القيروان,,,TN41,Centre West,الوسط الغربي,,,TN4,Tunisie,,,,TN,2022-11-15,,v01,fr,ar,,,POINT (9.630270930999984 35.717651105000016)
4,Oued El Jabbes,وادي الجباس,,,9.64672435,35.62976439,Oued El Jabbes,وادي الجباس,,,TN415653,Haffouz,حفوز,,,TN4156,Kairouan,القيروان,,,TN41,Centre West,الوسط الغربي,,,TN4,Tunisie,,,,TN,2022-11-15,,v01,fr,ar,,,POINT (9.64672434800002 35.62976438599998)
4,El Ain El Beidha,العين البيضاء,,,9.71214232,35.49918958,El Ain El Beidha,العين البيضاء,,,TN415654,Haffouz,حفوز,,,TN4156,Kairouan,القيروان,,,TN41,Centre West,الوسط الغربي,,,TN4,Tunisie,,,,TN,2022-11-15,,v01,fr,ar,,,POINT (9.712142316999973 35.49918957599999)
4,El Houfia,الحوفية,,,9.76724213,35.62163061,El Houfia,الحوفية,,,TN415655,Haffouz,حفوز,,,TN4156,Kairouan,القيروان,,,TN41,Centre West,الوسط الغربي,,,TN4,Tunisie,,,,TN,2022-11-15,,v01,fr,ar,,,POINT (9.767242126999975 35.62163061299998)
4,Cherichira,الشريشيرة,,,9.78006605,35.69011632,Cherichira,الشريشيرة,,,TN415656,Haffouz,حفوز,,,TN4156,Kairouan,القيروان,,,TN41,Centre West,الوسط الغربي,,,TN4,Tunisie,,,,TN,2022-11-15,,v01,fr,ar,,,POINT (9.780066046000002 35.690116320000016)
4,Traza Sud,طرزة الجنوبية,,,9.63332214,35.53806195,Traza Sud,طرزة الجنوبية,,,TN415657,Haffouz,حفوز,,,TN4156,Kairouan,القيروان,,,TN41,Centre West,الوسط الغربي,,,TN4,Tunisie,,,,TN,2022-11-15,,v01,fr,ar,,,POINT (9.633322140000018 35.53806194600003)
4,Ouled Khalfallah,أولاد خلف الله,,,9.78323236,35.51668697,Ouled Khalfallah,أولاد خلف الله,,,TN415658,Haffouz,حفوز,,,TN4156,Kairouan,القيروان,,,TN41,Centre West,الوسط الغربي,,,TN4,Tunisie,,,,TN,2022-11-15,,v01,fr,ar,,,POINT (9.783232364000014 35.51668697299999)
4,El Alaa,العلا,,,9.59111209,35.62522866,El Alaa,العلا,,,TN415751,Alaa,العلاء,,,TN4157,Kairouan,القيروان,,,TN41,Centre West,الوسط الغربي,,,TN4,Tunisie,,,,TN,2022-11-15,,v01,fr,ar,,,POINT (9.59111208600001 35.62522866500001)
4,El Messaid,المساعيد,,,9.49091816,35.70882097,El Messaid,المساعيد,,,TN415752,Alaa,العلاء,,,TN4157,Kairouan,القيروان,,,TN41,Centre West,الوسط الغربي,,,TN4,Tunisie,,,,TN,2022-11-15,,v01,fr,ar,,,POINT (9.490918163000003 35.708820973)
4,El Guettar,القطار,,,9.52111591,35.61953852,El Guettar,القطار,,,TN415753,Alaa,العلاء,,,TN4157,Kairouan,القيروان,,,TN41,Centre West,الوسط الغربي,,,TN4,Tunisie,,,,TN,2022-11-15,,v01,fr,ar,,,POINT (9.521115914999996 35.619538524000006)
4,Messiouta El Hanachir,مسيوتة الهناشير,,,9.42530323,35.66415449,Messiouta El Hanachir,مسيوتة الهناشير,,,TN415754,Alaa,العلاء,,,TN4157,Kairouan,القيروان,,,TN41,Centre West,الوسط الغربي,,,TN4,Tunisie,,,,TN,2022-11-15,,v01,fr,ar,,,POINT (9.425303235000001 35.66415448599997)
4,Messiouta Ennaguaz,مسيوتة النقاز,,,9.47578095,35.63498167,Messiouta Ennaguaz,مسيوتة النقاز,,,TN415755,Alaa,العلاء,,,TN4157,Kairouan,القيروان,,,TN41,Centre West,الوسط الغربي,,,TN4,Tunisie,,,,TN,2022-11-15,,v01,fr,ar,,,POINT (9.475780949000011 35.63498167300003)
4,Sayada Nord,صيادة الشمالية,,,9.34292666,35.67304144,Sayada Nord,صيادة الشمالية,,,TN415756,Alaa,العلاء,,,TN4157,Kairouan,القيروان,,,TN41,Centre West,الوسط الغربي,,,TN4,Tunisie,,,,TN,2022-11-15,,v01,fr,ar,,,POINT (9.342926657000021 35.67304144000002)
4,Sayada Sud,صيادة الجنوبية,,,9.39210689,35.61900096,Sayada Sud,صيادة الجنوبية,,,TN415757,Alaa,العلاء,,,TN4157,Kairouan,القيروان,,,TN41,Centre West,الوسط الغربي,,,TN4,Tunisie,,,,TN,2022-11-15,,v01,fr,ar,,,POINT (9.392106888 35.61900095599998)
4,Ouled Amor,أولاد عمر,,,9.52185493,35.67052917,Ouled Amor,أولاد عمر,,,TN415758,Alaa,العلاء,,,TN4157,Kairouan,القيروان,,,TN41,Centre West,الوسط الغربي,,,TN4,Tunisie,,,,TN,2022-11-15,,v01,fr,ar,,,POINT (9.521854935000022 35.67052916900002)
4,Tarza Nord,طرزة الشمالية,,,9.57493169,35.56506983,Tarza Nord,طرزة الشمالية,,,TN415759,Alaa,العلاء,,,TN4157,Kairouan,القيروان,,,TN41,Centre West,الوسط الغربي,,,TN4,Tunisie,,,,TN,2022-11-15,,v01,fr,ar,,,POINT (9.574931688999982 35.56506982799999)
4,El Hajeb Centre,الحاجب المركز,,,9.53538783,35.39810434,El Hajeb Centre,الحاجب المركز,,,TN415851,Hajeb El Ayoun,حاجب العيون,,,TN4158,Kairouan,القيروان,,,TN41,Centre West,الوسط الغربي,,,TN4,Tunisie,,,,TN,2022-11-15,,v01,fr,ar,,,POINT (9.535387828000012 35.398104339999975)
4,Ahouaz El Hajeb,أحواز الحاجب,,,9.52804883,35.3487982,Ahouaz El Hajeb,أحواز الحاجب,,,TN415852,Hajeb El Ayoun,حاجب العيون,,,TN4158,Kairouan,القيروان,,,TN41,Centre West,الوسط الغربي,,,TN4,Tunisie,,,,TN,2022-11-15,,v01,fr,ar,,,POINT (9.528048829999989 35.348798198)
4,Chaouachi,الشواشي,,,9.52328962,35.53212814,Chaouachi,الشواشي,,,TN415853,Hajeb El Ayoun,حاجب العيون,,,TN4158,Kairouan,القيروان,,,TN41,Centre West,الوسط الغربي,,,TN4,Tunisie,,,,TN,2022-11-15,,v01,fr,ar,,,POINT (9.523289617999978 35.53212813599998)
4,Esserja,السرجة,,,9.45615038,35.53854269,Esserja,السرجة,,,TN415854,Hajeb El Ayoun,حاجب العيون,,,TN4158,Kairouan,القيروان,,,TN41,Centre West,الوسط الغربي,,,TN4,Tunisie,,,,TN,2022-11-15,,v01,fr,ar,,,POINT (9.456150383000022 35.538542688999996)
4,El Kantra,القنطرة,,,9.51207126,35.44792536,El Kantra,القنطرة,,,TN415855,Hajeb El Ayoun,حاجب العيون,,,TN4158,Kairouan,القيروان,,,TN41,Centre West,الوسط الغربي,,,TN4,Tunisie,,,,TN,2022-11-15,,v01,fr,ar,,,POINT (9.512071263999985 35.447925363000024)
4,El Hadaya,الهدايا,,,9.63872747,35.42780072,El Hadaya,الهدايا,,,TN415856,Hajeb El Ayoun,حاجب العيون,,,TN4158,Kairouan,القيروان,,,TN41,Centre West,الوسط الغربي,,,TN4,Tunisie,,,,TN,2022-11-15,,v01,fr,ar,,,POINT (9.638727469999992 35.427800719000004)
4,El Ghouiba,الغويبة,,,9.57932285,35.37181898,El Ghouiba,الغويبة,,,TN415857,Hajeb El Ayoun,حاجب العيون,,,TN4158,Kairouan,القيروان,,,TN41,Centre West,الوسط الغربي,,,TN4,Tunisie,,,,TN,2022-11-15,,v01,fr,ar,,,POINT (9.579322853999997 35.37181898099999)
4,Oued El Hajel,وادي الحجل,,,9.63448364,35.31385728,Oued El Hajel,وادي الحجل,,,TN415858,Hajeb El Ayoun,حاجب العيون,,,TN4158,Kairouan,القيروان,,,TN41,Centre West,الوسط الغربي,,,TN4,Tunisie,,,,TN,2022-11-15,,v01,fr,ar,,,POINT (9.634483638000006 35.313857283000004)
4,Errehima,الرحيمة,,,9.62944115,35.47563193,Errehima,الرحيمة,,,TN415859,Hajeb El Ayoun,حاجب العيون,,,TN4158,Kairouan,القيروان,,,TN41,Centre West,الوسط الغربي,,,TN4,Tunisie,,,,TN,2022-11-15,,v01,fr,ar,,,POINT (9.629441148000012 35.47563193399998)
4,Nasrallah Centre,نصر اللّه المركز,,,9.82984528,35.36204447,Nasrallah Centre,نصر اللّه المركز,,,TN415951,Nasrallah,نصر اللّه,,,TN4159,Kairouan,القيروان,,,TN41,Centre West,الوسط الغربي,,,TN4,Tunisie,,,,TN,2022-11-15,,v01,fr,ar,,,POINT (9.829845281000019 35.362044465999986)
4,Nasrallah Banlieue,نصر الله الأحواز,,,9.86676183,35.26647424,Nasrallah Banlieue,نصر الله الأحواز,,,TN415952,Nasrallah,نصر اللّه,,,TN4159,Kairouan,القيروان,,,TN41,Centre West,الوسط الغربي,,,TN4,Tunisie,,,,TN,2022-11-15,,v01,fr,ar,,,POINT (9.866761833999988 35.26647423899999)
4,El Hmidet,الحميدات,,,9.85415472,35.48304781,El Hmidet,الحميدات,,,TN415953,Nasrallah,نصر اللّه,,,TN4159,Kairouan,القيروان,,,TN41,Centre West,الوسط الغربي,,,TN4,Tunisie,,,,TN,2022-11-15,,v01,fr,ar,,,POINT (9.854154725 35.483047813999974)
4,El Fejij,الفجيج,,,9.84276667,35.40193846,El Fejij,الفجيج,,,TN415954,Nasrallah,نصر اللّه,,,TN4159,Kairouan,القيروان,,,TN41,Centre West,الوسط الغربي,,,TN4,Tunisie,,,,TN,2022-11-15,,v01,fr,ar,,,POINT (9.842766675000007 35.401938460999986)
4,Ettouila,الطويلة,,,9.74009702,35.39966542,Ettouila,الطويلة,,,TN415955,Nasrallah,نصر اللّه,,,TN4159,Kairouan,القيروان,,,TN41,Centre West,الوسط الغربي,,,TN4,Tunisie,,,,TN,2022-11-15,,v01,fr,ar,,,POINT (9.740097015000003 35.399665417999984)
4,El Manara,المنارة,,,9.76646313,35.27732676,El Manara,المنارة,,,TN415956,Nasrallah,نصر اللّه,,,TN4159,Kairouan,القيروان,,,TN41,Centre West,الوسط الغربي,,,TN4,Tunisie,,,,TN,2022-11-15,,v01,fr,ar,,,POINT (9.766463131000023 35.27732675599998)
4,El Kabbara,الكبارة,,,9.77253865,35.19806537,El Kabbara,الكبارة,,,TN415957,Nasrallah,نصر اللّه,,,TN4159,Kairouan,القيروان,,,TN41,Centre West,الوسط الغربي,,,TN4,Tunisie,,,,TN,2022-11-15,,v01,fr,ar,,,POINT (9.77253865199998 35.19806537300002)
4,El Briket,البريكات,,,9.92944392,35.22395434,El Briket,البريكات,,,TN415958,Nasrallah,نصر اللّه,,,TN4159,Kairouan,القيروان,,,TN41,Centre West,الوسط الغربي,,,TN4,Tunisie,,,,TN,2022-11-15,,v01,fr,ar,,,POINT (9.929443918000004 35.22395433700001)
4,Echrarda,الشراردة,,,10.02783044,35.09714989,Echrarda,الشراردة,,,TN416051,Chrarda,الشراردة,,,TN4160,Kairouan,القيروان,,,TN41,Centre West,الوسط الغربي,,,TN4,Tunisie,,,,TN,2022-11-15,,v01,fr,ar,,,POINT (10.027830443000028 35.097149892000004)
4,Bir El Helou,بئر الحلو,,,10.09720639,35.12436801,Bir El Helou,بئر الحلو,,,TN416052,Chrarda,الشراردة,,,TN4160,Kairouan,القيروان,,,TN41,Centre West,الوسط الغربي,,,TN4,Tunisie,,,,TN,2022-11-15,,v01,fr,ar,,,POINT (10.097206394000011 35.124368006)
4,Ouled Farjallah Sud,أولاد فرج اللّه الجنوبية,,,10.18205196,35.17861429,Ouled Farjallah Sud,أولاد فرج اللّه الجنوبية,,,TN416053,Chrarda,الشراردة,,,TN4160,Kairouan,القيروان,,,TN41,Centre West,الوسط الغربي,,,TN4,Tunisie,,,,TN,2022-11-15,,v01,fr,ar,,,POINT (10.182051962999992 35.17861429300001)
4,Cheraitia Sud,الشرائطية الجنوبية,,,10.07819382,35.18235805,Cheraitia Sud,الشرائطية الجنوبية,,,TN416054,Chrarda,الشراردة,,,TN4160,Kairouan,القيروان,,,TN41,Centre West,الوسط الغربي,,,TN4,Tunisie,,,,TN,2022-11-15,,v01,fr,ar,,,POINT (10.078193822999992 35.18235804699998)
4,El Ksour,القصور,,,9.9976061,35.22678767,El Ksour,القصور,,,TN416055,Chrarda,الشراردة,,,TN4160,Kairouan,القيروان,,,TN41,Centre West,الوسط الغربي,,,TN4,Tunisie,,,,TN,2022-11-15,,v01,fr,ar,,,POINT (9.997606103999999 35.22678766600001)
4,Bouhajla Centre,بوحجلة المركز,,,10.04449189,35.39311823,Bouhajla Centre,بوحجلة المركز,,,TN416151,Bouhajla,بوحجلة,,,TN4161,Kairouan,القيروان,,,TN41,Centre West,الوسط الغربي,,,TN4,Tunisie,,,,TN,2022-11-15,,v01,fr,ar,,,POINT (10.044491892999986 35.39311822899998)
4,Bouhajla El Ahouez,بوحجلة الأحواز,,,10.00205558,35.38206667,Bouhajla El Ahouez,بوحجلة الأحواز,,,TN416152,Bouhajla,بوحجلة,,,TN4161,Kairouan,القيروان,,,TN41,Centre West,الوسط الغربي,,,TN4,Tunisie,,,,TN,2022-11-15,,v01,fr,ar,,,POINT (10.002055584999994 35.382066667000004)
4,Jehina Sud,جهينة الجنوبية,,,10.0086877,35.30098856,Jehina Sud,جهينة الجنوبية,,,TN416153,Bouhajla,بوحجلة,,,TN4161,Kairouan,القيروان,,,TN41,Centre West,الوسط الغربي,,,TN4,Tunisie,,,,TN,2022-11-15,,v01,fr,ar,,,POINT (10.008687699999996 35.30098856000001)
4,Jehina Nord,جهينة الشمالية,,,9.95408943,35.32117878,Jehina Nord,جهينة الشمالية,,,TN416154,Bouhajla,بوحجلة,,,TN4161,Kairouan,القيروان,,,TN41,Centre West,الوسط الغربي,,,TN4,Tunisie,,,,TN,2022-11-15,,v01,fr,ar,,,POINT (9.954089429000021 35.32117877600001)
4,El Ketitir,القطيطير,,,10.09511829,35.33058612,El Ketitir,القطيطير,,,TN416155,Bouhajla,بوحجلة,,,TN4161,Kairouan,القيروان,,,TN41,Centre West,الوسط الغربي,,,TN4,Tunisie,,,,TN,2022-11-15,,v01,fr,ar,,,POINT (10.095118292999985 35.330586117999985)
4,Ouled Achour,أولاد عاشور,,,10.165219,35.32534996,Ouled Achour,أولاد عاشور,,,TN416156,Bouhajla,بوحجلة,,,TN4161,Kairouan,القيروان,,,TN41,Centre West,الوسط الغربي,,,TN4,Tunisie,,,,TN,2022-11-15,,v01,fr,ar,,,POINT (10.165219003000004 35.32534996200002)
4,El Fatah,الفتح,,,10.12478555,35.39444811,El Fatah,الفتح,,,TN416157,Bouhajla,بوحجلة,,,TN4161,Kairouan,القيروان,,,TN41,Centre West,الوسط الغربي,,,TN4,Tunisie,,,,TN,2022-11-15,,v01,fr,ar,,,POINT (10.124785550000013 35.394448108999995)
4,Ouled Fardjallah Nord,أولاد فرج اللّه الشمالية,,,10.14158828,35.24610333,Ouled Fardjallah Nord,أولاد فرج اللّه الشمالية,,,TN416158,Bouhajla,بوحجلة,,,TN4161,Kairouan,القيروان,,,TN41,Centre West,الوسط الغربي,,,TN4,Tunisie,,,,TN,2022-11-15,,v01,fr,ar,,,POINT (10.141588276999983 35.24610332899999)
4,Ennasr,النصر,,,10.13845161,35.48532389,Ennasr,النصر,,,TN416159,Bouhajla,بوحجلة,,,TN4161,Kairouan,القيروان,,,TN41,Centre West,الوسط الغربي,,,TN4,Tunisie,,,,TN,2022-11-15,,v01,fr,ar,,,POINT (10.138451609000015 35.48532388899997)
4,Bir Msikine,بئر مسكين,,,10.06223777,35.45476312,Bir Msikine,بئر مسكين,,,TN416160,Bouhajla,بوحجلة,,,TN4161,Kairouan,القيروان,,,TN41,Centre West,الوسط الغربي,,,TN4,Tunisie,,,,TN,2022-11-15,,v01,fr,ar,,,POINT (10.06223776600001 35.45476311599998)
4,El Mouisset,المويسات,,,9.96119869,35.41454775,El Mouisset,المويسات,,,TN416161,Bouhajla,بوحجلة,,,TN4161,Kairouan,القيروان,,,TN41,Centre West,الوسط الغربي,,,TN4,Tunisie,,,,TN,2022-11-15,,v01,fr,ar,,,POINT (9.961198691999982 35.414547751999976)
4,Bir Bousari,بئر بوساري,,,9.934377,35.38895636,Bir Bousari,بئر بوساري,,,TN416162,Bouhajla,بوحجلة,,,TN4161,Kairouan,القيروان,,,TN41,Centre West,الوسط الغربي,,,TN4,Tunisie,,,,TN,2022-11-15,,v01,fr,ar,,,POINT (9.934376997000015 35.388956355999994)
4,Cheraitia Nord,الشرايطية الشمالية,,,10.05637074,35.28155556,Cheraitia Nord,الشرايطية الشمالية,,,TN416163,Bouhajla,بوحجلة,,,TN4161,Kairouan,القيروان,,,TN41,Centre West,الوسط الغربي,,,TN4,Tunisie,,,,TN,2022-11-15,,v01,fr,ar,,,POINT (10.056370743999992 35.281555559000026)
4,Chouamekh,الشوامخ,,,10.00284402,35.45783065,Chouamekh,الشوامخ,,,TN416164,Bouhajla,بوحجلة,,,TN4161,Kairouan,القيروان,,,TN41,Centre West,الوسط الغربي,,,TN4,Tunisie,,,,TN,2022-11-15,,v01,fr,ar,,,POINT (10.002844018000019 35.45783065500001)
4,Ennour Est,النور الشرقي,,,8.85338994,35.17246856,Ennour Est,النور الشرقي,,,TN425151,Kasserine Nord,القصرين الشمالية,,,TN4251,Kassérine,القصرين,,,TN42,Centre West,الوسط الغربي,,,TN4,Tunisie,,,,TN,2022-11-15,,v01,fr,ar,,,POINT (8.853389936999974 35.17246856100002)
4,Ennour Ouest,النور الغربي,,,8.84698488,35.15913063,Ennour Ouest,النور الغربي,,,TN425152,Kasserine Nord,القصرين الشمالية,,,TN4251,Kassérine,القصرين,,,TN42,Centre West,الوسط الغربي,,,TN4,Tunisie,,,,TN,2022-11-15,,v01,fr,ar,,,POINT (8.846984881000026 35.15913063199997)
4,El Bassatine,البساتين,,,8.83872162,35.17577709,El Bassatine,البساتين,,,TN425153,Kasserine Nord,القصرين الشمالية,,,TN4251,Kassérine,القصرين,,,TN42,Centre West,الوسط الغربي,,,TN4,Tunisie,,,,TN,2022-11-15,,v01,fr,ar,,,POINT (8.838721615999987 35.17577708699997)
4,El Khadhra,الخضراء,,,8.81173447,35.16799589,El Khadhra,الخضراء,,,TN425154,Kasserine Nord,القصرين الشمالية,,,TN4251,Kassérine,القصرين,,,TN42,Centre West,الوسط الغربي,,,TN4,Tunisie,,,,TN,2022-11-15,,v01,fr,ar,,,POINT (8.811734467000008 35.167995889999986)
4,El Arich,العريش,,,8.80823441,35.20825403,El Arich,العريش,,,TN425155,Kasserine Nord,القصرين الشمالية,,,TN4251,Kassérine,القصرين,,,TN42,Centre West,الوسط الغربي,,,TN4,Tunisie,,,,TN,2022-11-15,,v01,fr,ar,,,POINT (8.808234411 35.208254031000024)
4,Boulaaba,بولعابة,,,8.73407549,35.22283047,Boulaaba,بولعابة,,,TN425156,Kasserine Nord,القصرين الشمالية,,,TN4251,Kassérine,القصرين,,,TN42,Centre West,الوسط الغربي,,,TN4,Tunisie,,,,TN,2022-11-15,,v01,fr,ar,,,POINT (8.734075486999984 35.22283047100001)
4,El Aouija,العويجة,,,8.88485381,35.11531359,El Aouija,العويجة,,,TN425251,Kasserine Sud,القصرين الجنوبية,,,TN4252,Kassérine,القصرين,,,TN42,Centre West,الوسط الغربي,,,TN4,Tunisie,,,,TN,2022-11-15,,v01,fr,ar,,,POINT (8.884853809999981 35.11531358600001)
4,Boulhijet,بولهيجات,,,8.63581247,35.06601504,Boulhijet,بولهيجات,,,TN425252,Kasserine Sud,القصرين الجنوبية,,,TN4252,Kassérine,القصرين,,,TN42,Centre West,الوسط الغربي,,,TN4,Tunisie,,,,TN,2022-11-15,,v01,fr,ar,,,POINT (8.635812471000008 35.06601503799999)
4,Meghdoudech,مقدودش,,,8.69741268,35.00503436,Meghdoudech,مقدودش,,,TN425253,Kasserine Sud,القصرين الجنوبية,,,TN4252,Kassérine,القصرين,,,TN42,Centre West,الوسط الغربي,,,TN4,Tunisie,,,,TN,2022-11-15,,v01,fr,ar,,,POINT (8.697412675999999 35.005034361000014)
4,Bouzguam,بوزقام,,,8.8936493,35.2253937,Bouzguam,بوزقام,,,TN425254,Kasserine Sud,القصرين الجنوبية,,,TN4252,Kassérine,القصرين,,,TN42,Centre West,الوسط الغربي,,,TN4,Tunisie,,,,TN,2022-11-15,,v01,fr,ar,,,POINT (8.893649298000014 35.225393699999984)
4,Eddoghra,الدغرة,,,8.69796749,35.17399838,Eddoghra,الدغرة,,,TN425255,Kasserine Sud,القصرين الجنوبية,,,TN4252,Kassérine,القصرين,,,TN42,Centre West,الوسط الغربي,,,TN4,Tunisie,,,,TN,2022-11-15,,v01,fr,ar,,,POINT (8.697967493000021 35.17399837800002)
4,Sidi Harreth,سيدي حراث,,,8.80924336,35.25925167,Sidi Harreth,سيدي حراث,,,TN425256,Kasserine Sud,القصرين الجنوبية,,,TN4252,Kassérine,القصرين,,,TN42,Centre West,الوسط الغربي,,,TN4,Tunisie,,,,TN,2022-11-15,,v01,fr,ar,,,POINT (8.809243358000003 35.259251672999994)
4,Ezzouhour Est (1),الزهور الشرقي 1,,,8.83516627,35.16496511,Ezzouhour Est (1),الزهور الشرقي 1,,,TN425351,Ezzouhour,الزهور,,,TN4253,Kassérine,القصرين,,,TN42,Centre West,الوسط الغربي,,,TN4,Tunisie,,,,TN,2022-11-15,,v01,fr,ar,,,POINT (8.835166270999991 35.164965112999994)
4,Ezzouhour Est (2),الزهور الشرقي 2,,,8.83948823,35.15679188,Ezzouhour Est (2),الزهور الشرقي 2,,,TN425352,Ezzouhour,الزهور,,,TN4253,Kassérine,القصرين,,,TN42,Centre West,الوسط الغربي,,,TN4,Tunisie,,,,TN,2022-11-15,,v01,fr,ar,,,POINT (8.839488231000018 35.15679188500002)
4,Ezzouhour Ouest (1),الزهور الغربي 1,,,8.83462708,35.158823,Ezzouhour Ouest (1),الزهور الغربي 1,,,TN425353,Ezzouhour,الزهور,,,TN4253,Kassérine,القصرين,,,TN42,Centre West,الوسط الغربي,,,TN4,Tunisie,,,,TN,2022-11-15,,v01,fr,ar,,,POINT (8.834627081000008 35.158822998000005)
4,Ezzouhour Ouest (2),الزهور الغربي 2,,,8.83530785,35.15427271,Ezzouhour Ouest (2),الزهور الغربي 2,,,TN425354,Ezzouhour,الزهور,,,TN4253,Kassérine,القصرين,,,TN42,Centre West,الوسط الغربي,,,TN4,Tunisie,,,,TN,2022-11-15,,v01,fr,ar,,,POINT (8.835307849999992 35.15427271499999)
4,Ezzouhour Ouest (3),الزهور الغربي 3,,,8.82747925,35.15669773,Ezzouhour Ouest (3),الزهور الغربي 3,,,TN425355,Ezzouhour,الزهور,,,TN4253,Kassérine,القصرين,,,TN42,Centre West,الوسط الغربي,,,TN4,Tunisie,,,,TN,2022-11-15,,v01,fr,ar,,,POINT (8.827479252999979 35.15669773000002)
4,Ezzouhour Ouest (4),الزهور الغربي 4,,,8.8186406,35.16125415,Ezzouhour Ouest (4),الزهور الغربي 4,,,TN425356,Ezzouhour,الزهور,,,TN4253,Kassérine,القصرين,,,TN42,Centre West,الوسط الغربي,,,TN4,Tunisie,,,,TN,2022-11-15,,v01,fr,ar,,,POINT (8.818640603000006 35.16125414800001)
4,Hassi El Ferid,حاسي الفريد,,,8.93829902,34.94185729,Hassi El Ferid,حاسي الفريد,,,TN425451,Hassi El Ferid,حاسي الفريد,,,TN4254,Kassérine,القصرين,,,TN42,Centre West,الوسط الغربي,,,TN4,Tunisie,,,,TN,2022-11-15,,v01,fr,ar,,,POINT (8.938299015999974 34.941857288999984)
4,El Hechim,الهشيم,,,9.00673623,34.99734997,El Hechim,الهشيم,,,TN425452,Hassi El Ferid,حاسي الفريد,,,TN4254,Kassérine,القصرين,,,TN42,Centre West,الوسط الغربي,,,TN4,Tunisie,,,,TN,2022-11-15,,v01,fr,ar,,,POINT (9.006736228000022 34.997349972999984)
4,Khanguet Jezia,خنقة الجازية,,,9.09771898,35.06737428,Khanguet Jezia,خنقة الجازية,,,TN425453,Hassi El Ferid,حاسي الفريد,,,TN4254,Kassérine,القصرين,,,TN42,Centre West,الوسط الغربي,,,TN4,Tunisie,,,,TN,2022-11-15,,v01,fr,ar,,,POINT (9.097718981000014 35.06737427899998)
4,Essalloum,السلوم,,,8.98242476,35.08887966,Essalloum,السلوم,,,TN425454,Hassi El Ferid,حاسي الفريد,,,TN4254,Kassérine,القصرين,,,TN42,Centre West,الوسط الغربي,,,TN4,Tunisie,,,,TN,2022-11-15,,v01,fr,ar,,,POINT (8.982424756 35.08887965600002)
4,El Kamour,الكامور,,,8.83473279,34.87416579,El Kamour,الكامور,,,TN425455,Hassi El Ferid,حاسي الفريد,,,TN4254,Kassérine,القصرين,,,TN42,Centre West,الوسط الغربي,,,TN4,Tunisie,,,,TN,2022-11-15,,v01,fr,ar,,,POINT (8.834732793 34.87416579400002)
4,Sbeitla,سبيطلة,,,9.1116576,35.2405708,Sbeitla,سبيطلة,,,TN425551,Sbeitla,سبيطلة,,,TN4255,Kassérine,القصرين,,,TN42,Centre West,الوسط الغربي,,,TN4,Tunisie,,,,TN,2022-11-15,,v01,fr,ar,,,POINT (9.111657604000015 35.24057079800002)
4,Cite Essourour,حي السرور,,,9.13630528,35.22020152,Cite Essourour,حي السرور,,,TN425552,Sbeitla,سبيطلة,,,TN4255,Kassérine,القصرين,,,TN42,Centre West,الوسط الغربي,,,TN4,Tunisie,,,,TN,2022-11-15,,v01,fr,ar,,,POINT (9.13630527700002 35.220201522000025)
4,Semama,سمامة,,,8.91695099,35.37360162,Semama,سمامة,,,TN425553,Sbeitla,سبيطلة,,,TN4255,Kassérine,القصرين,,,TN42,Centre West,الوسط الغربي,,,TN4,Tunisie,,,,TN,2022-11-15,,v01,fr,ar,,,POINT (8.916950985000028 35.373601622000024)
4,Errakhmet,الرخمات,,,9.22510307,35.07081856,Errakhmet,الرخمات,,,TN425554,Sbeitla,سبيطلة,,,TN4255,Kassérine,القصرين,,,TN42,Centre West,الوسط الغربي,,,TN4,Tunisie,,,,TN,2022-11-15,,v01,fr,ar,,,POINT (9.225103065999974 35.070818556999996)
4,El Gounna,الفنة,,,9.10393596,35.40394569,El Gounna,الفنة,,,TN425555,Sbeitla,سبيطلة,,,TN4255,Kassérine,القصرين,,,TN42,Centre West,الوسط الغربي,,,TN4,Tunisie,,,,TN,2022-11-15,,v01,fr,ar,,,POINT (9.103935954999997 35.403945686999975)
4,Eddouleb,الدولاب,,,9.05774181,35.37663762,Eddouleb,الدولاب,,,TN425556,Sbeitla,سبيطلة,,,TN4255,Kassérine,القصرين,,,TN42,Centre West,الوسط الغربي,,,TN4,Tunisie,,,,TN,2022-11-15,,v01,fr,ar,,,POINT (9.057741808000003 35.376637620999986)
4,Ech-Charaya,الشرائع,,,9.01435305,35.21487504,Ech-Charaya,الشرائع,,,TN425557,Sbeitla,سبيطلة,,,TN4255,Kassérine,القصرين,,,TN42,Centre West,الوسط الغربي,,,TN4,Tunisie,,,,TN,2022-11-15,,v01,fr,ar,,,POINT (9.01435305199999 35.214875043000006)
4,Machrek Ech-Chams,مشرق الشمس,,,9.03201409,35.32353323,Machrek Ech-Chams,مشرق الشمس,,,TN425558,Sbeitla,سبيطلة,,,TN4255,Kassérine,القصرين,,,TN42,Centre West,الوسط الغربي,,,TN4,Tunisie,,,,TN,2022-11-15,,v01,fr,ar,,,POINT (9.032014086999993 35.323533234000024)
4,Ouassaia,الوساعية,,,8.93198681,35.29324321,Ouassaia,الوساعية,,,TN425559,Sbeitla,سبيطلة,,,TN4255,Kassérine,القصرين,,,TN42,Centre West,الوسط الغربي,,,TN4,Tunisie,,,,TN,2022-11-15,,v01,fr,ar,,,POINT (8.931986810000012 35.293243206)
4,El Khadhra,الخضراء,,,9.16003358,35.246606,El Khadhra,الخضراء,,,TN425560,Sbeitla,سبيطلة,,,TN4255,Kassérine,القصرين,,,TN42,Centre West,الوسط الغربي,,,TN4,Tunisie,,,,TN,2022-11-15,,v01,fr,ar,,,POINT (9.160033580000004 35.24660600300001)
4,El Athar,الأثار,,,9.0988336,35.16352758,El Athar,الأثار,,,TN425561,Sbeitla,سبيطلة,,,TN4255,Kassérine,القصرين,,,TN42,Centre West,الوسط الغربي,,,TN4,Tunisie,,,,TN,2022-11-15,,v01,fr,ar,,,POINT (9.09883359600002 35.163527579000004)
4,El Mezara,المزارة,,,9.17068375,35.07432825,El Mezara,المزارة,,,TN425562,Sbeitla,سبيطلة,,,TN4255,Kassérine,القصرين,,,TN42,Centre West,الوسط الغربي,,,TN4,Tunisie,,,,TN,2022-11-15,,v01,fr,ar,,,POINT (9.170683748999977 35.07432825500001)
4,El Garaa El Hamra,القرعة الحمراء,,,9.1726705,35.12130365,El Garaa El Hamra,القرعة الحمراء,,,TN425563,Sbeitla,سبيطلة,,,TN4255,Kassérine,القصرين,,,TN42,Centre West,الوسط الغربي,,,TN4,Tunisie,,,,TN,2022-11-15,,v01,fr,ar,,,POINT (9.172670498999992 35.121303646)
4,El Ksar,القصر,,,9.07044804,35.25501009,El Ksar,القصر,,,TN425564,Sbeitla,سبيطلة,,,TN4255,Kassérine,القصرين,,,TN42,Centre West,الوسط الغربي,,,TN4,Tunisie,,,,TN,2022-11-15,,v01,fr,ar,,,POINT (9.070448037999995 35.25501008499998)
4,Sbiba,سبيبة,,,9.04579273,35.54476458,Sbiba,سبيبة,,,TN425651,Sbiba,سبيبة,,,TN4256,Kassérine,القصرين,,,TN42,Centre West,الوسط الغربي,,,TN4,Tunisie,,,,TN,2022-11-15,,v01,fr,ar,,,POINT (9.045792726999991 35.54476457499999)
4,El Ahouaz,الأحواز,,,9.06668557,35.50773205,El Ahouaz,الأحواز,,,TN425652,Sbiba,سبيبة,,,TN4256,Kassérine,القصرين,,,TN42,Centre West,الوسط الغربي,,,TN4,Tunisie,,,,TN,2022-11-15,,v01,fr,ar,,,POINT (9.066685572999972 35.50773205500002)
4,Oued El Hatab,وادي الحطب,,,9.12504102,35.58277418,Oued El Hatab,وادي الحطب,,,TN425653,Sbiba,سبيبة,,,TN4256,Kassérine,القصرين,,,TN42,Centre West,الوسط الغربي,,,TN4,Tunisie,,,,TN,2022-11-15,,v01,fr,ar,,,POINT (9.125041015000022 35.58277417900001)
4,Brahim Ezzahhar,إبراهيم الزهار,,,9.22986733,35.54073501,Brahim Ezzahhar,إبراهيم الزهار,,,TN425654,Sbiba,سبيبة,,,TN4256,Kassérine,القصرين,,,TN42,Centre West,الوسط الغربي,,,TN4,Tunisie,,,,TN,2022-11-15,,v01,fr,ar,,,POINT (9.229867327000022 35.54073500499999)
4,Ain Zaiene,عين زيان,,,9.18710126,35.4136987,Ain Zaiene,عين زيان,,,TN425655,Sbiba,سبيبة,,,TN4256,Kassérine,القصرين,,,TN42,Centre West,الوسط الغربي,,,TN4,Tunisie,,,,TN,2022-11-15,,v01,fr,ar,,,POINT (9.187101258999974 35.41369870099999)
4,Etthamed,الثماد,,,9.23203821,35.45808891,Etthamed,الثماد,,,TN425656,Sbiba,سبيبة,,,TN4256,Kassérine,القصرين,,,TN42,Centre West,الوسط الغربي,,,TN4,Tunisie,,,,TN,2022-11-15,,v01,fr,ar,,,POINT (9.232038207000016 35.45808890799998)
4,Ain El Khemaissia,عين الخمائسية,,,9.12822814,35.47050288,Ain El Khemaissia,عين الخمائسية,,,TN425657,Sbiba,سبيبة,,,TN4256,Kassérine,القصرين,,,TN42,Centre West,الوسط الغربي,,,TN4,Tunisie,,,,TN,2022-11-15,,v01,fr,ar,,,POINT (9.128228136000018 35.47050287600001)
4,Djedliane,جدليان,,,9.04405225,35.59756254,Djedliane,جدليان,,,TN425751,Jedeliane,جدليان,,,TN4257,Kassérine,القصرين,,,TN42,Centre West,الوسط الغربي,,,TN4,Tunisie,,,,TN,2022-11-15,,v01,fr,ar,,,POINT (9.044052249999993 35.59756253799998)
4,Fej Terbah,فج تربح,,,8.92441003,35.6984991,Fej Terbah,فج تربح,,,TN425752,Jedeliane,جدليان,,,TN4257,Kassérine,القصرين,,,TN42,Centre West,الوسط الغربي,,,TN4,Tunisie,,,,TN,2022-11-15,,v01,fr,ar,,,POINT (8.924410028000011 35.69849910300002)
4,Ain El Hamadna,عين الحمادنة,,,8.83020381,35.65654252,Ain El Hamadna,عين الحمادنة,,,TN425753,Jedeliane,جدليان,,,TN4257,Kassérine,القصرين,,,TN42,Centre West,الوسط الغربي,,,TN4,Tunisie,,,,TN,2022-11-15,,v01,fr,ar,,,POINT (8.83020381099999 35.656542520000016)
4,Mehrza,محرزة,,,8.83981816,35.61513425,Mehrza,محرزة,,,TN425754,Jedeliane,جدليان,,,TN4257,Kassérine,القصرين,,,TN42,Centre West,الوسط الغربي,,,TN4,Tunisie,,,,TN,2022-11-15,,v01,fr,ar,,,POINT (8.839818158000014 35.61513424899999)
4,Ain Oum El Jedour,عين أم الجدور,,,8.93681449,35.63351551,Ain Oum El Jedour,عين أم الجدور,,,TN425755,Jedeliane,جدليان,,,TN4257,Kassérine,القصرين,,,TN42,Centre West,الوسط الغربي,,,TN4,Tunisie,,,,TN,2022-11-15,,v01,fr,ar,,,POINT (8.936814489000028 35.63351551400001)
4,El Ayoun,العيون,,,8.85792677,35.53483241,El Ayoun,العيون,,,TN425851,Ayoun,العيون,,,TN4258,Kassérine,القصرين,,,TN42,Centre West,الوسط الغربي,,,TN4,Tunisie,,,,TN,2022-11-15,,v01,fr,ar,,,POINT (8.857926765000002 35.53483240899999)
4,El Grine,القرين,,,8.84797319,35.41019308,El Grine,القرين,,,TN425852,Ayoun,العيون,,,TN4258,Kassérine,القصرين,,,TN42,Centre West,الوسط الغربي,,,TN4,Tunisie,,,,TN,2022-11-15,,v01,fr,ar,,,POINT (8.84797318599999 35.41019308)
4,El Brek,البرك,,,8.84121536,35.47146069,El Brek,البرك,,,TN425853,Ayoun,العيون,,,TN4258,Kassérine,القصرين,,,TN42,Centre West,الوسط الغربي,,,TN4,Tunisie,,,,TN,2022-11-15,,v01,fr,ar,,,POINT (8.841215359999978 35.47146069399997)
4,El Baouajer,البواجر,,,8.8413069,35.57767875,El Baouajer,البواجر,,,TN425854,Ayoun,العيون,,,TN4258,Kassérine,القصرين,,,TN42,Centre West,الوسط الغربي,,,TN4,Tunisie,,,,TN,2022-11-15,,v01,fr,ar,,,POINT (8.841306896999981 35.57767875299999)
4,Tiwicha,توشة,,,8.94793178,35.48390995,Tiwicha,توشة,,,TN425855,Ayoun,العيون,,,TN4258,Kassérine,القصرين,,,TN42,Centre West,الوسط الغربي,,,TN4,Tunisie,,,,TN,2022-11-15,,v01,fr,ar,,,POINT (8.94793178399999 35.48390995099999)
4,Ain Esselsela,عين السلسلة,,,8.96302059,35.57265658,Ain Esselsela,عين السلسلة,,,TN425856,Ayoun,العيون,,,TN4258,Kassérine,القصرين,,,TN42,Centre West,الوسط الغربي,,,TN4,Tunisie,,,,TN,2022-11-15,,v01,fr,ar,,,POINT (8.96302059200002 35.572656575999986)
4,Thala Est,تالة الشرقية,,,8.67090233,35.5776253,Thala Est,تالة الشرقية,,,TN425951,Thala,تالة,,,TN4259,Kassérine,القصرين,,,TN42,Centre West,الوسط الغربي,,,TN4,Tunisie,,,,TN,2022-11-15,,v01,fr,ar,,,POINT (8.670902327000022 35.57762530399998)
4,Thala Ouest,تالة الغربية,,,8.66712026,35.57715928,Thala Ouest,تالة الغربية,,,TN425952,Thala,تالة,,,TN4259,Kassérine,القصرين,,,TN42,Centre West,الوسط الغربي,,,TN4,Tunisie,,,,TN,2022-11-15,,v01,fr,ar,,,POINT (8.66712025999999 35.577159279)
4,Eddachra,الدشرة,,,8.63152241,35.64180276,Eddachra,الدشرة,,,TN425953,Thala,تالة,,,TN4259,Kassérine,القصرين,,,TN42,Centre West,الوسط الغربي,,,TN4,Tunisie,,,,TN,2022-11-15,,v01,fr,ar,,,POINT (8.631522405999988 35.64180276000002)
4,Ain Aj-Jadeida,عين الجديدة,,,8.75005009,35.63644138,Ain Aj-Jadeida,عين الجديدة,,,TN425954,Thala,تالة,,,TN4259,Kassérine,القصرين,,,TN42,Centre West,الوسط الغربي,,,TN4,Tunisie,,,,TN,2022-11-15,,v01,fr,ar,,,POINT (8.750050086999977 35.63644137900002)
4,Barmajna,برماجنة,,,8.69830293,35.6313915,Barmajna,برماجنة,,,TN425955,Thala,تالة,,,TN4259,Kassérine,القصرين,,,TN42,Centre West,الوسط الغربي,,,TN4,Tunisie,,,,TN,2022-11-15,,v01,fr,ar,,,POINT (8.698302927999976 35.63139150400002)
4,Oued Errachech,وادي الرشح,,,8.72724233,35.43097625,Oued Errachech,وادي الرشح,,,TN425956,Thala,تالة,,,TN4259,Kassérine,القصرين,,,TN42,Centre West,الوسط الغربي,,,TN4,Tunisie,,,,TN,2022-11-15,,v01,fr,ar,,,POINT (8.727242328999978 35.43097624699999)
4,El Joua,الجوى,,,8.75415642,35.5142927,El Joua,الجوى,,,TN425957,Thala,تالة,,,TN4259,Kassérine,القصرين,,,TN42,Centre West,الوسط الغربي,,,TN4,Tunisie,,,,TN,2022-11-15,,v01,fr,ar,,,POINT (8.75415641699999 35.51429270199998)
4,El Hamed,الحماد,,,8.68777807,35.48883247,El Hamed,الحماد,,,TN425958,Thala,تالة,,,TN4259,Kassérine,القصرين,,,TN42,Centre West,الوسط الغربي,,,TN4,Tunisie,,,,TN,2022-11-15,,v01,fr,ar,,,POINT (8.68777806899999 35.48883247200001)
4,Zelfane,زلفان,,,8.77465779,35.41921269,Zelfane,زلفان,,,TN425959,Thala,تالة,,,TN4259,Kassérine,القصرين,,,TN42,Centre West,الوسط الغربي,,,TN4,Tunisie,,,,TN,2022-11-15,,v01,fr,ar,,,POINT (8.774657784999988 35.419212688000016)
4,Boulahnech,بو الأحناش,,,8.72689751,35.68702342,Boulahnech,بو الأحناش,,,TN425960,Thala,تالة,,,TN4259,Kassérine,القصرين,,,TN42,Centre West,الوسط الغربي,,,TN4,Tunisie,,,,TN,2022-11-15,,v01,fr,ar,,,POINT (8.726897513999972 35.68702341900001)
4,Sidi M'Hammed,سيدي محمد,,,8.77806606,35.72607231,Sidi M'Hammed,سيدي محمد,,,TN425961,Thala,تالة,,,TN4259,Kassérine,القصرين,,,TN42,Centre West,الوسط الغربي,,,TN4,Tunisie,,,,TN,2022-11-15,,v01,fr,ar,,,POINT (8.778066061000004 35.72607230599999)
4,Ouljet Edhel,ولجة الظل,,,8.67738435,35.73737007,Ouljet Edhel,ولجة الظل,,,TN425962,Thala,تالة,,,TN4259,Kassérine,القصرين,,,TN42,Centre West,الوسط الغربي,,,TN4,Tunisie,,,,TN,2022-11-15,,v01,fr,ar,,,POINT (8.677384354000026 35.73737007400001)
4,Ech-Chaffai,الشافعي,,,8.60285364,35.5450509,Ech-Chaffai,الشافعي,,,TN425963,Thala,تالة,,,TN4259,Kassérine,القصرين,,,TN42,Centre West,الوسط الغربي,,,TN4,Tunisie,,,,TN,2022-11-15,,v01,fr,ar,,,POINT (8.602853638 35.545050902000014)
4,Hidra,حيدرة,,,8.50114601,35.55780706,Hidra,حيدرة,,,TN426051,Hidra,حيدرة,,,TN4260,Kassérine,القصرين,,,TN42,Centre West,الوسط الغربي,,,TN4,Tunisie,,,,TN,2022-11-15,,v01,fr,ar,,,POINT (8.501146014000028 35.55780705699999)
4,T'Baga,الطباقة,,,8.45804797,35.50482107,T'Baga,الطباقة,,,TN426052,Hidra,حيدرة,,,TN4260,Kassérine,القصرين,,,TN42,Centre West,الوسط الغربي,,,TN4,Tunisie,,,,TN,2022-11-15,,v01,fr,ar,,,POINT (8.458047971999974 35.504821074000006)
4,El Mekimen,المكيمن,,,8.47302308,35.63196239,El Mekimen,المكيمن,,,TN426053,Hidra,حيدرة,,,TN4260,Kassérine,القصرين,,,TN42,Centre West,الوسط الغربي,,,TN4,Tunisie,,,,TN,2022-11-15,,v01,fr,ar,,,POINT (8.473023081999997 35.631962386)
4,Lajrad,الأجرد,,,8.56171299,35.45757745,Lajrad,الأجرد,,,TN426054,Hidra,حيدرة,,,TN4260,Kassérine,القصرين,,,TN42,Centre West,الوسط الغربي,,,TN4,Tunisie,,,,TN,2022-11-15,,v01,fr,ar,,,POINT (8.56171298999999 35.457577448999984)
4,Es-Sray,الصري,,,8.39731002,35.55698955,Es-Sray,الصري,,,TN426055,Hidra,حيدرة,,,TN4260,Kassérine,القصرين,,,TN42,Centre West,الوسط الغربي,,,TN4,Tunisie,,,,TN,2022-11-15,,v01,fr,ar,,,POINT (8.397310018999974 35.55698954799999)
4,Ain Eddefla,عين الدفلة,,,8.57044298,35.60680435,Ain Eddefla,عين الدفلة,,,TN426056,Hidra,حيدرة,,,TN4260,Kassérine,القصرين,,,TN42,Centre West,الوسط الغربي,,,TN4,Tunisie,,,,TN,2022-11-15,,v01,fr,ar,,,POINT (8.57044298400001 35.60680434599999)
4,Foussana,فوسانة,,,8.62223816,35.35110798,Foussana,فوسانة,,,TN426151,Foussana,فوسانة,,,TN4261,Kassérine,القصرين,,,TN42,Centre West,الوسط الغربي,,,TN4,Tunisie,,,,TN,2022-11-15,,v01,fr,ar,,,POINT (8.622238164999999 35.35110797599998)
4,Foussana Lahouaz,فوسانة الأحواز,,,8.6758045,35.35541997,Foussana Lahouaz,فوسانة الأحواز,,,TN426152,Foussana,فوسانة,,,TN4261,Kassérine,القصرين,,,TN42,Centre West,الوسط الغربي,,,TN4,Tunisie,,,,TN,2022-11-15,,v01,fr,ar,,,POINT (8.675804502999995 35.35541996699999)
4,Khmouda Nord,خمودة الشمالية,,,8.71912553,35.32256369,Khmouda Nord,خمودة الشمالية,,,TN426153,Foussana,فوسانة,,,TN4261,Kassérine,القصرين,,,TN42,Centre West,الوسط الغربي,,,TN4,Tunisie,,,,TN,2022-11-15,,v01,fr,ar,,,POINT (8.719125528999996 35.322563686000024)
4,Khmouda Sud,خمودةالجنوبية,,,8.78148766,35.34754183,Khmouda Sud,خمودةالجنوبية,,,TN426154,Foussana,فوسانة,,,TN4261,Kassérine,القصرين,,,TN42,Centre West,الوسط الغربي,,,TN4,Tunisie,,,,TN,2022-11-15,,v01,fr,ar,,,POINT (8.781487659999982 35.347541827999976)
4,Ouled Mahfoudh,أولاد محفوظ,,,8.56241325,35.34725039,Ouled Mahfoudh,أولاد محفوظ,,,TN426155,Foussana,فوسانة,,,TN4261,Kassérine,القصرين,,,TN42,Centre West,الوسط الغربي,,,TN4,Tunisie,,,,TN,2022-11-15,,v01,fr,ar,,,POINT (8.562413246999995 35.347250393000024)
4,Afrane,أفران,,,8.40685895,35.42789827,Afrane,أفران,,,TN426156,Foussana,فوسانة,,,TN4261,Kassérine,القصرين,,,TN42,Centre West,الوسط الغربي,,,TN4,Tunisie,,,,TN,2022-11-15,,v01,fr,ar,,,POINT (8.406858947999979 35.427898270000014)
4,El Meziraa,المزيرعة,,,8.62080427,35.29284335,El Meziraa,المزيرعة,,,TN426157,Foussana,فوسانة,,,TN4261,Kassérine,القصرين,,,TN42,Centre West,الوسط الغربي,,,TN4,Tunisie,,,,TN,2022-11-15,,v01,fr,ar,,,POINT (8.620804270999997 35.29284335199998)
4,El Aadhira,العذيرة,,,8.48900719,35.3188334,El Aadhira,العذيرة,,,TN426158,Foussana,فوسانة,,,TN4261,Kassérine,القصرين,,,TN42,Centre West,الوسط الغربي,,,TN4,Tunisie,,,,TN,2022-11-15,,v01,fr,ar,,,POINT (8.489007187000027 35.318833396)
4,El Hazza,الحازة,,,8.39109912,35.36905195,El Hazza,الحازة,,,TN426159,Foussana,فوسانة,,,TN4261,Kassérine,القصرين,,,TN42,Centre West,الوسط الغربي,,,TN4,Tunisie,,,,TN,2022-11-15,,v01,fr,ar,,,POINT (8.391099118 35.369051953999985)
4,El Brika,البريكة,,,8.66541221,35.24260133,El Brika,البريكة,,,TN426160,Foussana,فوسانة,,,TN4261,Kassérine,القصرين,,,TN42,Centre West,الوسط الغربي,,,TN4,Tunisie,,,,TN,2022-11-15,,v01,fr,ar,,,POINT (8.66541220900001 35.24260132500001)
4,Bouderiass,بودرياس,,,8.47334447,35.25029986,Bouderiass,بودرياس,,,TN426161,Foussana,فوسانة,,,TN4261,Kassérine,القصرين,,,TN42,Centre West,الوسط الغربي,,,TN4,Tunisie,,,,TN,2022-11-15,,v01,fr,ar,,,POINT (8.473344472000008 35.25029985499998)
4,Ain El Jinene,عين الجنان,,,8.37830895,35.29433944,Ain El Jinene,عين الجنان,,,TN426162,Foussana,فوسانة,,,TN4261,Kassérine,القصرين,,,TN42,Centre West,الوسط الغربي,,,TN4,Tunisie,,,,TN,2022-11-15,,v01,fr,ar,,,POINT (8.378308953999976 35.29433944300001)
4,Er-Rtibet,الرطيبات,,,8.7054859,35.40128342,Er-Rtibet,الرطيبات,,,TN426163,Foussana,فوسانة,,,TN4261,Kassérine,القصرين,,,TN42,Centre West,الوسط الغربي,,,TN4,Tunisie,,,,TN,2022-11-15,,v01,fr,ar,,,POINT (8.705485898999996 35.401283422999995)
4,Feriana,فريانة,,,8.58660015,34.96014709,Feriana,فريانة,,,TN426251,Feriana,فريانة,,,TN4262,Kassérine,القصرين,,,TN42,Centre West,الوسط الغربي,,,TN4,Tunisie,,,,TN,2022-11-15,,v01,fr,ar,,,POINT (8.586600154999985 34.960147086000006)
4,El Erg,العرق,,,8.59663802,34.90529333,El Erg,العرق,,,TN426252,Feriana,فريانة,,,TN4262,Kassérine,القصرين,,,TN42,Centre West,الوسط الغربي,,,TN4,Tunisie,,,,TN,2022-11-15,,v01,fr,ar,,,POINT (8.596638016999975 34.905293330999996)
4,El Ahouach,الأحواش,,,8.53059572,34.91500385,El Ahouach,الأحواش,,,TN426253,Feriana,فريانة,,,TN4262,Kassérine,القصرين,,,TN42,Centre West,الوسط الغربي,,,TN4,Tunisie,,,,TN,2022-11-15,,v01,fr,ar,,,POINT (8.530595715000004 34.915003849000016)
4,Es-Skhirat,الصخيرات,,,8.31592218,34.8753388,Es-Skhirat,الصخيرات,,,TN426254,Feriana,فريانة,,,TN4262,Kassérine,القصرين,,,TN42,Centre West,الوسط الغربي,,,TN4,Tunisie,,,,TN,2022-11-15,,v01,fr,ar,,,POINT (8.315922182999998 34.87533879799997)
4,El Araar,العرعار,,,8.35939685,34.92008974,El Araar,العرعار,,,TN426255,Feriana,فريانة,,,TN4262,Kassérine,القصرين,,,TN42,Centre West,الوسط الغربي,,,TN4,Tunisie,,,,TN,2022-11-15,,v01,fr,ar,,,POINT (8.359396851999975 34.920089742000016)
4,Hanachi,حناشي,,,8.4562066,34.9311478,Hanachi,حناشي,,,TN426256,Feriana,فريانة,,,TN4262,Kassérine,القصرين,,,TN42,Centre West,الوسط الغربي,,,TN4,Tunisie,,,,TN,2022-11-15,,v01,fr,ar,,,POINT (8.45620660100002 34.931147796000005)
4,Garet En-Naam,قارة النعام,,,8.52997814,35.03449593,Garet En-Naam,قارة النعام,,,TN426257,Feriana,فريانة,,,TN4262,Kassérine,القصرين,,,TN42,Centre West,الوسط الغربي,,,TN4,Tunisie,,,,TN,2022-11-15,,v01,fr,ar,,,POINT (8.52997813899998 35.03449592999999)
4,Bouchebka,بوشبكة,,,8.45123933,35.11007555,Bouchebka,بوشبكة,,,TN426258,Feriana,فريانة,,,TN4262,Kassérine,القصرين,,,TN42,Centre West,الوسط الغربي,,,TN4,Tunisie,,,,TN,2022-11-15,,v01,fr,ar,,,POINT (8.451239326999996 35.11007555100002)
4,Om Ali,أم علي,,,8.39391339,35.03936806,Om Ali,أم علي,,,TN426259,Feriana,فريانة,,,TN4262,Kassérine,القصرين,,,TN42,Centre West,الوسط الغربي,,,TN4,Tunisie,,,,TN,2022-11-15,,v01,fr,ar,,,POINT (8.393913387999987 35.03936805699999)
4,Bouhaya,بوحية,,,8.56735747,35.11007555,Bouhaya,بوحية,,,TN426260,Feriana,فريانة,,,TN4262,Kassérine,القصرين,,,TN42,Centre West,الوسط الغربي,,,TN4,Tunisie,,,,TN,2022-11-15,,v01,fr,ar,,,POINT (8.567357469000001 35.11007555100002)
4,Telept,تلابت,,,8.59454586,34.98907296,Telept,تلابت,,,TN426261,Feriana,فريانة,,,TN4262,Kassérine,القصرين,,,TN42,Centre West,الوسط الغربي,,,TN4,Tunisie,,,,TN,2022-11-15,,v01,fr,ar,,,POINT (8.594545858999993 34.98907295800001)
4,Abdeladhim,عبد العظيم,,,8.56025941,35.19116945,Abdeladhim,عبد العظيم,,,TN426262,Feriana,فريانة,,,TN4262,Kassérine,القصرين,,,TN42,Centre West,الوسط الغربي,,,TN4,Tunisie,,,,TN,2022-11-15,,v01,fr,ar,,,POINT (8.560259415000019 35.19116944899997)
4,Majel Bel Abbes Nord,ماجل بالعباس الشمالية,,,8.55542272,34.80411803,Majel Bel Abbes Nord,ماجل بالعباس الشمالية,,,TN426351,Majel Belabbes,ماجل بلعباس,,,TN4263,Kassérine,القصرين,,,TN42,Centre West,الوسط الغربي,,,TN4,Tunisie,,,,TN,2022-11-15,,v01,fr,ar,,,POINT (8.555422722000003 34.804118027000015)
4,Majel Bel Abbes Sud,ماجل بالعباس الجنوبية,,,8.56452766,34.68801343,Majel Bel Abbes Sud,ماجل بالعباس الجنوبية,,,TN426352,Majel Belabbes,ماجل بلعباس,,,TN4263,Kassérine,القصرين,,,TN42,Centre West,الوسط الغربي,,,TN4,Tunisie,,,,TN,2022-11-15,,v01,fr,ar,,,POINT (8.564527661999989 34.68801342699999)
4,Oum Laksab,أم الأقصاب,,,8.40767292,34.74286815,Oum Laksab,أم الأقصاب,,,TN426353,Majel Belabbes,ماجل بلعباس,,,TN4263,Kassérine,القصرين,,,TN42,Centre West,الوسط الغربي,,,TN4,Tunisie,,,,TN,2022-11-15,,v01,fr,ar,,,POINT (8.407672921000028 34.74286814599998)
4,Ennadhour,الناظور,,,8.69891587,34.72860902,Ennadhour,الناظور,,,TN426354,Majel Belabbes,ماجل بلعباس,,,TN4263,Kassérine,القصرين,,,TN42,Centre West,الوسط الغربي,,,TN4,Tunisie,,,,TN,2022-11-15,,v01,fr,ar,,,POINT (8.698915865000004 34.728609022)
4,Henchir Oum El Khir,هنشير أم الخير,,,8.75206114,34.77641268,Henchir Oum El Khir,هنشير أم الخير,,,TN426355,Majel Belabbes,ماجل بلعباس,,,TN4263,Kassérine,القصرين,,,TN42,Centre West,الوسط الغربي,,,TN4,Tunisie,,,,TN,2022-11-15,,v01,fr,ar,,,POINT (8.752061140000023 34.776412677999986)
4,Soula,صولة,,,8.43583092,34.82409144,Soula,صولة,,,TN426356,Majel Belabbes,ماجل بلعباس,,,TN4263,Kassérine,القصرين,,,TN42,Centre West,الوسط الغربي,,,TN4,Tunisie,,,,TN,2022-11-15,,v01,fr,ar,,,POINT (8.435830919000011 34.824091442)
4,Groua El Jedra,قروع الجدرة,,,8.66534491,34.82088894,Groua El Jedra,قروع الجدرة,,,TN426357,Majel Belabbes,ماجل بلعباس,,,TN4263,Kassérine,القصرين,,,TN42,Centre West,الوسط الغربي,,,TN4,Tunisie,,,,TN,2022-11-15,,v01,fr,ar,,,POINT (8.665344905999973 34.82088893600002)
4,Sidi Bouzid,سيدي بوزيد,,,9.49283518,35.03484659,Sidi Bouzid,سيدي بوزيد,,,TN435151,Sidi Bouzid Ouest,سيدي بوزيد الغربية,,,TN4351,Sidi Bou Zid,سيدي بوزيد,,,TN43,Centre West,الوسط الغربي,,,TN4,Tunisie,,,,TN,2022-11-15,,v01,fr,ar,,,POINT (9.492835184 35.03484659399999)
4,Ennour,النور,,,9.48467334,35.04212834,Ennour,النور,,,TN435152,Sidi Bouzid Ouest,سيدي بوزيد الغربية,,,TN4351,Sidi Bou Zid,سيدي بوزيد,,,TN43,Centre West,الوسط الغربي,,,TN4,Tunisie,,,,TN,2022-11-15,,v01,fr,ar,,,POINT (9.484673339999972 35.042128343)
4,Sidi Salem,سيدي سالم,,,9.46688705,35.09440621,Sidi Salem,سيدي سالم,,,TN435153,Sidi Bouzid Ouest,سيدي بوزيد الغربية,,,TN4351,Sidi Bou Zid,سيدي بوزيد,,,TN43,Centre West,الوسط الغربي,,,TN4,Tunisie,,,,TN,2022-11-15,,v01,fr,ar,,,POINT (9.466887045000021 35.09440620800001)
4,El Hichria,الهيشرية,,,9.40957034,34.89499926,El Hichria,الهيشرية,,,TN435154,Sidi Bouzid Ouest,سيدي بوزيد الغربية,,,TN4351,Sidi Bou Zid,سيدي بوزيد,,,TN43,Centre West,الوسط الغربي,,,TN4,Tunisie,,,,TN,2022-11-15,,v01,fr,ar,,,POINT (9.409570339000027 34.894999262)
4,El Friou,الفريو,,,9.42686566,34.83883045,El Friou,الفريو,,,TN435155,Sidi Bouzid Ouest,سيدي بوزيد الغربية,,,TN4351,Sidi Bou Zid,سيدي بوزيد,,,TN43,Centre West,الوسط الغربي,,,TN4,Tunisie,,,,TN,2022-11-15,,v01,fr,ar,,,POINT (9.42686566499998 34.83883044800001)
4,Sadakia,الصداقية,,,9.42740339,35.09684471,Sadakia,الصداقية,,,TN435156,Sidi Bouzid Ouest,سيدي بوزيد الغربية,,,TN4351,Sidi Bou Zid,سيدي بوزيد,,,TN43,Centre West,الوسط الغربي,,,TN4,Tunisie,,,,TN,2022-11-15,,v01,fr,ar,,,POINT (9.427403384999991 35.096844707)
4,Oum El Adham (1),أم العظام 1,,,9.39007791,35.1069551,Oum El Adham (1),أم العظام 1,,,TN435157,Sidi Bouzid Ouest,سيدي بوزيد الغربية,,,TN4351,Sidi Bou Zid,سيدي بوزيد,,,TN43,Centre West,الوسط الغربي,,,TN4,Tunisie,,,,TN,2022-11-15,,v01,fr,ar,,,POINT (9.390077908000023 35.10695509599998)
4,Oum El Adham (2),أم العظام 2,,,9.3392511,35.08316572,Oum El Adham (2),أم العظام 2,,,TN435158,Sidi Bouzid Ouest,سيدي بوزيد الغربية,,,TN4351,Sidi Bou Zid,سيدي بوزيد,,,TN43,Centre West,الوسط الغربي,,,TN4,Tunisie,,,,TN,2022-11-15,,v01,fr,ar,,,POINT (9.339251101999992 35.083165716999986)
4,Ettouila,الطويلة,,,9.41396563,34.9955584,Ettouila,الطويلة,,,TN435159,Sidi Bouzid Ouest,سيدي بوزيد الغربية,,,TN4351,Sidi Bou Zid,سيدي بوزيد,,,TN43,Centre West,الوسط الغربي,,,TN4,Tunisie,,,,TN,2022-11-15,,v01,fr,ar,,,POINT (9.413965630999996 34.99555839999999)
4,Ennasr,النصر,,,9.38335595,35.14829519,Ennasr,النصر,,,TN435160,Sidi Bouzid Ouest,سيدي بوزيد الغربية,,,TN4351,Sidi Bou Zid,سيدي بوزيد,,,TN43,Centre West,الوسط الغربي,,,TN4,Tunisie,,,,TN,2022-11-15,,v01,fr,ar,,,POINT (9.383355952999977 35.14829518900001)
4,Sidi Bouzid Sud,سيدي بوزيد الجنوبية,,,9.47865857,35.03262514,Sidi Bouzid Sud,سيدي بوزيد الجنوبية,,,TN435161,Sidi Bouzid Ouest,سيدي بوزيد الغربية,,,TN4351,Sidi Bou Zid,سيدي بوزيد,,,TN43,Centre West,الوسط الغربي,,,TN4,Tunisie,,,,TN,2022-11-15,,v01,fr,ar,,,POINT (9.478658569999993 35.03262513999999)
4,Sidi Bouzid Ouest,سيدي بوزيد الغربية,,,9.47514787,35.03798092,Sidi Bouzid Ouest,سيدي بوزيد الغربية,,,TN435162,Sidi Bouzid Ouest,سيدي بوزيد الغربية,,,TN4351,Sidi Bou Zid,سيدي بوزيد,,,TN43,Centre West,الوسط الغربي,,,TN4,Tunisie,,,,TN,2022-11-15,,v01,fr,ar,,,POINT (9.475147865999986 35.03798092400001)
4,El Ahouaz,الأحواز,,,9.50087627,34.99102903,El Ahouaz,الأحواز,,,TN435251,Sidi Bouzid Est,سيدي بوزيد الشرقية,,,TN4352,Sidi Bou Zid,سيدي بوزيد,,,TN43,Centre West,الوسط الغربي,,,TN4,Tunisie,,,,TN,2022-11-15,,v01,fr,ar,,,POINT (9.500876269999992 34.99102903199997)
4,Bennour,بنور,,,9.54227466,35.18061117,Bennour,بنور,,,TN435252,Sidi Bouzid Est,سيدي بوزيد الشرقية,,,TN4352,Sidi Bou Zid,سيدي بوزيد,,,TN43,Centre West,الوسط الغربي,,,TN4,Tunisie,,,,TN,2022-11-15,,v01,fr,ar,,,POINT (9.542274657999997 35.18061117000002)
4,Faiedh,فانض,,,9.68435917,35.07256038,Faiedh,فانض,,,TN435253,Sidi Bouzid Est,سيدي بوزيد الشرقية,,,TN4352,Sidi Bou Zid,سيدي بوزيد,,,TN43,Centre West,الوسط الغربي,,,TN4,Tunisie,,,,TN,2022-11-15,,v01,fr,ar,,,POINT (9.684359174000008 35.07256038100002)
4,El Assouad,الأسود,,,9.53610341,35.07758664,El Assouad,الأسود,,,TN435254,Sidi Bouzid Est,سيدي بوزيد الشرقية,,,TN4352,Sidi Bou Zid,سيدي بوزيد,,,TN43,Centre West,الوسط الغربي,,,TN4,Tunisie,,,,TN,2022-11-15,,v01,fr,ar,,,POINT (9.536103412999978 35.07758664400001)
4,El Amra,العامرة,,,9.65093643,35.15322905,El Amra,العامرة,,,TN435255,Sidi Bouzid Est,سيدي بوزيد الشرقية,,,TN4352,Sidi Bou Zid,سيدي بوزيد,,,TN43,Centre West,الوسط الغربي,,,TN4,Tunisie,,,,TN,2022-11-15,,v01,fr,ar,,,POINT (9.65093643199998 35.15322904599998)
4,El Makarem,المكارم,,,9.64934467,35.21956624,El Makarem,المكارم,,,TN435256,Sidi Bouzid Est,سيدي بوزيد الشرقية,,,TN4352,Sidi Bou Zid,سيدي بوزيد,,,TN43,Centre West,الوسط الغربي,,,TN4,Tunisie,,,,TN,2022-11-15,,v01,fr,ar,,,POINT (9.649344670000005 35.21956623800003)
4,El Makarem Est,المكارم الشرقية,,,9.56776671,35.23638446,El Makarem Est,المكارم الشرقية,,,TN435257,Sidi Bouzid Est,سيدي بوزيد الشرقية,,,TN4352,Sidi Bou Zid,سيدي بوزيد,,,TN43,Centre West,الوسط الغربي,,,TN4,Tunisie,,,,TN,2022-11-15,,v01,fr,ar,,,POINT (9.567766709000011 35.23638446299998)
4,El Okla,العقلة,,,9.6234505,35.10186108,El Okla,العقلة,,,TN435258,Sidi Bouzid Est,سيدي بوزيد الشرقية,,,TN4352,Sidi Bou Zid,سيدي بوزيد,,,TN43,Centre West,الوسط الغربي,,,TN4,Tunisie,,,,TN,2022-11-15,,v01,fr,ar,,,POINT (9.623450495999975 35.101861079)
4,Ain Rebaou,عين رباو,,,9.69570751,34.99279544,Ain Rebaou,عين رباو,,,TN435259,Sidi Bouzid Est,سيدي بوزيد الشرقية,,,TN4352,Sidi Bou Zid,سيدي بوزيد,,,TN43,Centre West,الوسط الغربي,,,TN4,Tunisie,,,,TN,2022-11-15,,v01,fr,ar,,,POINT (9.695707513000002 34.99279544400002)
4,El Henia Abazid,الحنية أبازيد,,,9.73387163,35.02883695,El Henia Abazid,الحنية أبازيد,,,TN435260,Sidi Bouzid Est,سيدي بوزيد الشرقية,,,TN4352,Sidi Bou Zid,سيدي بوزيد,,,TN43,Centre West,الوسط الغربي,,,TN4,Tunisie,,,,TN,2022-11-15,,v01,fr,ar,,,POINT (9.733871625999996 35.028836947)
4,Garet Hadid,قارة حديد,,,9.57651631,34.99615061,Garet Hadid,قارة حديد,,,TN435261,Sidi Bouzid Est,سيدي بوزيد الشرقية,,,TN4352,Sidi Bou Zid,سيدي بوزيد,,,TN43,Centre West,الوسط الغربي,,,TN4,Tunisie,,,,TN,2022-11-15,,v01,fr,ar,,,POINT (9.576516313000013 34.99615060899998)
4,Ezzitouna,الزيتونة,,,9.49065348,34.91342743,Ezzitouna,الزيتونة,,,TN435262,Sidi Bouzid Est,سيدي بوزيد الشرقية,,,TN4352,Sidi Bou Zid,سيدي بوزيد,,,TN43,Centre West,الوسط الغربي,,,TN4,Tunisie,,,,TN,2022-11-15,,v01,fr,ar,,,POINT (9.490653480999981 34.91342743199999)
4,Jilma Est,جملة الشرقية,,,9.44652079,35.32212175,Jilma Est,جملة الشرقية,,,TN435351,Jelma,جلمة,,,TN4353,Sidi Bou Zid,سيدي بوزيد,,,TN43,Centre West,الوسط الغربي,,,TN4,Tunisie,,,,TN,2022-11-15,,v01,fr,ar,,,POINT (9.446520785000018 35.32212174900002)
4,Jilma Ouest,جلمة الغريبة,,,9.40038216,35.28315159,Jilma Ouest,جلمة الغريبة,,,TN435352,Jelma,جلمة,,,TN4353,Sidi Bou Zid,سيدي بوزيد,,,TN43,Centre West,الوسط الغربي,,,TN4,Tunisie,,,,TN,2022-11-15,,v01,fr,ar,,,POINT (9.400382160999982 35.28315158800001)
4,Lazirek,لزيرق,,,9.33901487,35.28060222,Lazirek,لزيرق,,,TN435353,Jelma,جلمة,,,TN4353,Sidi Bou Zid,سيدي بوزيد,,,TN43,Centre West,الوسط الغربي,,,TN4,Tunisie,,,,TN,2022-11-15,,v01,fr,ar,,,POINT (9.339014865000024 35.28060221599998)
4,Selta,سلتة,,,9.26381278,35.36652365,Selta,سلتة,,,TN435354,Jelma,جلمة,,,TN4353,Sidi Bou Zid,سيدي بوزيد,,,TN43,Centre West,الوسط الغربي,,,TN4,Tunisie,,,,TN,2022-11-15,,v01,fr,ar,,,POINT (9.263812776000009 35.366523649999976)
4,Zoghmar,زغمار,,,9.32680876,35.39733741,Zoghmar,زغمار,,,TN435355,Jelma,جلمة,,,TN4353,Sidi Bou Zid,سيدي بوزيد,,,TN43,Centre West,الوسط الغربي,,,TN4,Tunisie,,,,TN,2022-11-15,,v01,fr,ar,,,POINT (9.326808762999974 35.39733741499998)
4,Ghedir Ezzitoun,غدير الزيتون,,,9.49360216,35.28441424,Ghedir Ezzitoun,غدير الزيتون,,,TN435356,Jelma,جلمة,,,TN4353,Sidi Bou Zid,سيدي بوزيد,,,TN43,Centre West,الوسط الغربي,,,TN4,Tunisie,,,,TN,2022-11-15,,v01,fr,ar,,,POINT (9.493602157999987 35.284414235999975)
4,Baten Elghezel Sud,باطن الغزال الجنوبية,,,9.38413264,35.37689224,Baten Elghezel Sud,باطن الغزال الجنوبية,,,TN435357,Jelma,جلمة,,,TN4353,Sidi Bou Zid,سيدي بوزيد,,,TN43,Centre West,الوسط الغربي,,,TN4,Tunisie,,,,TN,2022-11-15,,v01,fr,ar,,,POINT (9.384132640000018 35.37689223699999)
4,Baten Elghezel Nord,باطن الغزال الشمالية,,,9.33575597,35.44703482,Baten Elghezel Nord,باطن الغزال الشمالية,,,TN435358,Jelma,جلمة,,,TN4353,Sidi Bou Zid,سيدي بوزيد,,,TN43,Centre West,الوسط الغربي,,,TN4,Tunisie,,,,TN,2022-11-15,,v01,fr,ar,,,POINT (9.335755972000015 35.44703481800002)
4,El Adhla,العضلة,,,9.4157053,35.42549647,El Adhla,العضلة,,,TN435359,Jelma,جلمة,,,TN4353,Sidi Bou Zid,سيدي بوزيد,,,TN43,Centre West,الوسط الغربي,,,TN4,Tunisie,,,,TN,2022-11-15,,v01,fr,ar,,,POINT (9.415705304000028 35.425496474)
4,El Hamima,الحميمة,,,9.43310534,35.20793324,El Hamima,الحميمة,,,TN435360,Jelma,جلمة,,,TN4353,Sidi Bou Zid,سيدي بوزيد,,,TN43,Centre West,الوسط الغربي,,,TN4,Tunisie,,,,TN,2022-11-15,,v01,fr,ar,,,POINT (9.433105336999972 35.20793324099998)
4,El Abaiedh,الأبيض,,,9.4581843,35.43983899,El Abaiedh,الأبيض,,,TN435361,Jelma,جلمة,,,TN4353,Sidi Bou Zid,سيدي بوزيد,,,TN43,Centre West,الوسط الغربي,,,TN4,Tunisie,,,,TN,2022-11-15,,v01,fr,ar,,,POINT (9.458184302000006 35.43983899099999)
4,Cebalet,السبالة,,,9.27749213,35.18442632,Cebalet,السبالة,,,TN435451,Sabalat Ouled Asker,سبالة أولاد عسكر,,,TN4354,Sidi Bou Zid,سيدي بوزيد,,,TN43,Centre West,الوسط الغربي,,,TN4,Tunisie,,,,TN,2022-11-15,,v01,fr,ar,,,POINT (9.27749213200002 35.184426325000004)
4,El Amra,العامرة,,,9.30795271,35.12349796,El Amra,العامرة,,,TN435452,Sabalat Ouled Asker,سبالة أولاد عسكر,,,TN4354,Sidi Bou Zid,سيدي بوزيد,,,TN43,Centre West,الوسط الغربي,,,TN4,Tunisie,,,,TN,2022-11-15,,v01,fr,ar,,,POINT (9.307952714999999 35.12349795799997)
4,Essed,السد,,,9.33834592,35.19861283,Essed,السد,,,TN435453,Sabalat Ouled Asker,سبالة أولاد عسكر,,,TN4354,Sidi Bou Zid,سيدي بوزيد,,,TN43,Centre West,الوسط الغربي,,,TN4,Tunisie,,,,TN,2022-11-15,,v01,fr,ar,,,POINT (9.338345919000005 35.19861283199998)
4,Meghila,مغيلة,,,9.26250211,35.26672452,Meghila,مغيلة,,,TN435454,Sabalat Ouled Asker,سبالة أولاد عسكر,,,TN4354,Sidi Bou Zid,سيدي بوزيد,,,TN43,Centre West,الوسط الغربي,,,TN4,Tunisie,,,,TN,2022-11-15,,v01,fr,ar,,,POINT (9.262502111000003 35.26672452399998)
4,El Ayoun,العيون,,,9.21308944,35.31697023,El Ayoun,العيون,,,TN435455,Sabalat Ouled Asker,سبالة أولاد عسكر,,,TN4354,Sidi Bou Zid,سيدي بوزيد,,,TN43,Centre West,الوسط الغربي,,,TN4,Tunisie,,,,TN,2022-11-15,,v01,fr,ar,,,POINT (9.21308944399999 35.316970233000006)
4,Bir El Hafey,بئر الحفي,,,9.19673557,34.95550086,Bir El Hafey,بئر الحفي,,,TN435551,Bir El Hfay,بئر الحفي,,,TN4355,Sidi Bou Zid,سيدي بوزيد,,,TN43,Centre West,الوسط الغربي,,,TN4,Tunisie,,,,TN,2022-11-15,,v01,fr,ar,,,POINT (9.196735568999998 34.95550085799999)
4,El Mohamdia,المحمدية,,,9.1601909,34.98322575,El Mohamdia,المحمدية,,,TN435552,Bir El Hfay,بئر الحفي,,,TN4355,Sidi Bou Zid,سيدي بوزيد,,,TN43,Centre West,الوسط الغربي,,,TN4,Tunisie,,,,TN,2022-11-15,,v01,fr,ar,,,POINT (9.160190904999979 34.98322575200001)
4,El Ksar,القصر,,,9.33963989,34.96864349,El Ksar,القصر,,,TN435553,Bir El Hfay,بئر الحفي,,,TN4355,Sidi Bou Zid,سيدي بوزيد,,,TN43,Centre West,الوسط الغربي,,,TN4,Tunisie,,,,TN,2022-11-15,,v01,fr,ar,,,POINT (9.339639893000026 34.96864348999998)
4,Bir Amama,بئر عمامة,,,9.30325087,34.87316857,Bir Amama,بئر عمامة,,,TN435554,Bir El Hfay,بئر الحفي,,,TN4355,Sidi Bou Zid,سيدي بوزيد,,,TN43,Centre West,الوسط الغربي,,,TN4,Tunisie,,,,TN,2022-11-15,,v01,fr,ar,,,POINT (9.303250870999989 34.873168566000004)
4,El Mezara,المزارة,,,9.27746416,34.9646463,El Mezara,المزارة,,,TN435555,Bir El Hfay,بئر الحفي,,,TN4355,Sidi Bou Zid,سيدي بوزيد,,,TN43,Centre West,الوسط الغربي,,,TN4,Tunisie,,,,TN,2022-11-15,,v01,fr,ar,,,POINT (9.277464160000022 34.964646301000016)
4,Essalama,السلامة,,,9.38051473,34.81703367,Essalama,السلامة,,,TN435556,Bir El Hfay,بئر الحفي,,,TN4355,Sidi Bou Zid,سيدي بوزيد,,,TN43,Centre West,الوسط الغربي,,,TN4,Tunisie,,,,TN,2022-11-15,,v01,fr,ar,,,POINT (9.38051472699999 34.81703366800002)
4,Ourgha,ورغة,,,9.29278648,34.78716891,Ourgha,ورغة,,,TN435557,Bir El Hfay,بئر الحفي,,,TN4355,Sidi Bou Zid,سيدي بوزيد,,,TN43,Centre West,الوسط الغربي,,,TN4,Tunisie,,,,TN,2022-11-15,,v01,fr,ar,,,POINT (9.292786481999997 34.787168913000016)
4,Rahal,رحال,,,9.33738309,34.79079509,Rahal,رحال,,,TN435558,Bir El Hfay,بئر الحفي,,,TN4355,Sidi Bou Zid,سيدي بوزيد,,,TN43,Centre West,الوسط الغربي,,,TN4,Tunisie,,,,TN,2022-11-15,,v01,fr,ar,,,POINT (9.337383086999978 34.790795091999996)
4,Bir Bousbiaa,بئر بوصبيع,,,9.26778416,34.89777633,Bir Bousbiaa,بئر بوصبيع,,,TN435559,Bir El Hfay,بئر الحفي,,,TN4355,Sidi Bou Zid,سيدي بوزيد,,,TN43,Centre West,الوسط الغربي,,,TN4,Tunisie,,,,TN,2022-11-15,,v01,fr,ar,,,POINT (9.267784161999998 34.89777632900001)
4,Sidi Ali Ben Aoun,سيدي علي بن عون,,,9.14822496,34.88771316,Sidi Ali Ben Aoun,سيدي علي بن عون,,,TN435651,Sidi Ali Ben Aoun,سيدي علي بن عون,,,TN4356,Sidi Bou Zid,سيدي بوزيد,,,TN43,Centre West,الوسط الغربي,,,TN4,Tunisie,,,,TN,2022-11-15,,v01,fr,ar,,,POINT (9.148224957000025 34.887713158)
4,Errabta,الرابطة,,,9.22545406,34.76067244,Errabta,الرابطة,,,TN435652,Sidi Ali Ben Aoun,سيدي علي بن عون,,,TN4356,Sidi Bou Zid,سيدي بوزيد,,,TN43,Centre West,الوسط الغربي,,,TN4,Tunisie,,,,TN,2022-11-15,,v01,fr,ar,,,POINT (9.225454062999972 34.76067244400002)
4,Essahla,الساهلة,,,9.08336475,34.83703481,Essahla,الساهلة,,,TN435653,Sidi Ali Ben Aoun,سيدي علي بن عون,,,TN4356,Sidi Bou Zid,سيدي بوزيد,,,TN43,Centre West,الوسط الغربي,,,TN4,Tunisie,,,,TN,2022-11-15,,v01,fr,ar,,,POINT (9.083364752000023 34.83703481200001)
4,El Ouaara,الواعرة,,,9.01608833,34.81016814,El Ouaara,الواعرة,,,TN435654,Sidi Ali Ben Aoun,سيدي علي بن عون,,,TN4356,Sidi Bou Zid,سيدي بوزيد,,,TN43,Centre West,الوسط الغربي,,,TN4,Tunisie,,,,TN,2022-11-15,,v01,fr,ar,,,POINT (9.016088328000023 34.81016814399999)
4,Ouled Brahim,أولاد إبراهيم,,,8.98746069,34.77851499,Ouled Brahim,أولاد إبراهيم,,,TN435655,Sidi Ali Ben Aoun,سيدي علي بن عون,,,TN4356,Sidi Bou Zid,سيدي بوزيد,,,TN43,Centre West,الوسط الغربي,,,TN4,Tunisie,,,,TN,2022-11-15,,v01,fr,ar,,,POINT (8.98746068700001 34.778514992)
4,El Mansoura Est,المنصورة الشرقية,,,9.12070477,34.73440784,El Mansoura Est,المنصورة الشرقية,,,TN435656,Sidi Ali Ben Aoun,سيدي علي بن عون,,,TN4356,Sidi Bou Zid,سيدي بوزيد,,,TN43,Centre West,الوسط الغربي,,,TN4,Tunisie,,,,TN,2022-11-15,,v01,fr,ar,,,POINT (9.120704768999985 34.734407843999975)
4,El Mansoura Ouest,المنصورة الغربية,,,9.04035361,34.74348209,El Mansoura Ouest,المنصورة الغربية,,,TN435657,Sidi Ali Ben Aoun,سيدي علي بن عون,,,TN4356,Sidi Bou Zid,سيدي بوزيد,,,TN43,Centre West,الوسط الغربي,,,TN4,Tunisie,,,,TN,2022-11-15,,v01,fr,ar,,,POINT (9.040353609000022 34.743482090999976)
4,Menzel Bouzaiane,منزل بوزيان,,,9.4177927,34.56962581,Menzel Bouzaiane,منزل بوزيان,,,TN435751,Menzel Bouzaiene,منزل بوزيان,,,TN4357,Sidi Bou Zid,سيدي بوزيد,,,TN43,Centre West,الوسط الغربي,,,TN4,Tunisie,,,,TN,2022-11-15,,v01,fr,ar,,,POINT (9.417792700000007 34.56962580999999)
4,En-Nouamer,النوامر,,,9.42834906,34.60943728,En-Nouamer,النوامر,,,TN435752,Menzel Bouzaiene,منزل بوزيان,,,TN4357,Sidi Bou Zid,سيدي بوزيد,,,TN43,Centre West,الوسط الغربي,,,TN4,Tunisie,,,,TN,2022-11-15,,v01,fr,ar,,,POINT (9.428349056000002 34.60943728299998)
4,Kallel,قلال,,,9.34916149,34.69537266,Kallel,قلال,,,TN435753,Menzel Bouzaiene,منزل بوزيان,,,TN4357,Sidi Bou Zid,سيدي بوزيد,,,TN43,Centre West,الوسط الغربي,,,TN4,Tunisie,,,,TN,2022-11-15,,v01,fr,ar,,,POINT (9.349161487000003 34.69537265600002)
4,El Khorchef,الخرشف,,,9.51198758,34.71392217,El Khorchef,الخرشف,,,TN435754,Menzel Bouzaiene,منزل بوزيان,,,TN4357,Sidi Bou Zid,سيدي بوزيد,,,TN43,Centre West,الوسط الغربي,,,TN4,Tunisie,,,,TN,2022-11-15,,v01,fr,ar,,,POINT (9.511987577000014 34.71392216800001)
4,El Kharrouba,الخروبة,,,9.42783647,34.67156312,El Kharrouba,الخروبة,,,TN435755,Menzel Bouzaiene,منزل بوزيان,,,TN4357,Sidi Bou Zid,سيدي بوزيد,,,TN43,Centre West,الوسط الغربي,,,TN4,Tunisie,,,,TN,2022-11-15,,v01,fr,ar,,,POINT (9.427836472000024 34.671563117000005)
4,El Omria,العمرية,,,9.31993167,34.61948289,El Omria,العمرية,,,TN435756,Menzel Bouzaiene,منزل بوزيان,,,TN4357,Sidi Bou Zid,سيدي بوزيد,,,TN43,Centre West,الوسط الغربي,,,TN4,Tunisie,,,,TN,2022-11-15,,v01,fr,ar,,,POINT (9.319931666000002 34.619482886000014)
4,El Omrane,العمران,,,9.40889543,34.53426437,El Omrane,العمران,,,TN435757,Menzel Bouzaiene,منزل بوزيان,,,TN4357,Sidi Bou Zid,سيدي بوزيد,,,TN43,Centre West,الوسط الغربي,,,TN4,Tunisie,,,,TN,2022-11-15,,v01,fr,ar,,,POINT (9.408895428999983 34.534264372999985)
4,El Jebbes,الجباس,,,9.63481357,34.72084673,El Jebbes,الجباس,,,TN435851,Meknassi,المكناسي,,,TN4358,Sidi Bou Zid,سيدي بوزيد,,,TN43,Centre West,الوسط الغربي,,,TN4,Tunisie,,,,TN,2022-11-15,,v01,fr,ar,,,POINT (9.63481357400002 34.720846731999984)
4,Gheris Ouest,الغريس الغربية,,,9.76708133,34.64664565,Gheris Ouest,الغريس الغربية,,,TN435852,Meknassi,المكناسي,,,TN4358,Sidi Bou Zid,سيدي بوزيد,,,TN43,Centre West,الوسط الغربي,,,TN4,Tunisie,,,,TN,2022-11-15,,v01,fr,ar,,,POINT (9.767081328000017 34.646645654)
4,Mech,مش,,,9.51790796,34.50641525,Mech,مش,,,TN435853,Meknassi,المكناسي,,,TN4358,Sidi Bou Zid,سيدي بوزيد,,,TN43,Centre West,الوسط الغربي,,,TN4,Tunisie,,,,TN,2022-11-15,,v01,fr,ar,,,POINT (9.517907959000013 34.506415247999996)
4,Meknassy Est,المكناسي الشرقية,,,9.65570394,34.58679082,Meknassy Est,المكناسي الشرقية,,,TN435854,Meknassi,المكناسي,,,TN4358,Sidi Bou Zid,سيدي بوزيد,,,TN43,Centre West,الوسط الغربي,,,TN4,Tunisie,,,,TN,2022-11-15,,v01,fr,ar,,,POINT (9.655703936000009 34.58679082200001)
4,Meknassy Ouest,المكناسي الغربية,,,9.62023894,34.55161132,Meknassy Ouest,المكناسي الغربية,,,TN435855,Meknassi,المكناسي,,,TN4358,Sidi Bou Zid,سيدي بوزيد,,,TN43,Centre West,الوسط الغربي,,,TN4,Tunisie,,,,TN,2022-11-15,,v01,fr,ar,,,POINT (9.620238939999979 34.55161131599999)
4,Meknassy Nord,المكناسي الشمالية,,,9.60162726,34.62241641,Meknassy Nord,المكناسي الشمالية,,,TN435856,Meknassi,المكناسي,,,TN4358,Sidi Bou Zid,سيدي بوزيد,,,TN43,Centre West,الوسط الغربي,,,TN4,Tunisie,,,,TN,2022-11-15,,v01,fr,ar,,,POINT (9.601627258999997 34.62241641100002)
4,Ezzouaraa,الزوارع,,,9.70355588,34.73249722,Ezzouaraa,الزوارع,,,TN435857,Meknassi,المكناسي,,,TN4358,Sidi Bou Zid,سيدي بوزيد,,,TN43,Centre West,الوسط الغربي,,,TN4,Tunisie,,,,TN,2022-11-15,,v01,fr,ar,,,POINT (9.703555879000021 34.73249721799999)
4,El Mabrouka,المبروكة,,,9.58602544,34.67897713,El Mabrouka,المبروكة,,,TN435858,Meknassi,المكناسي,,,TN4358,Sidi Bou Zid,سيدي بوزيد,,,TN43,Centre West,الوسط الغربي,,,TN4,Tunisie,,,,TN,2022-11-15,,v01,fr,ar,,,POINT (9.586025443999972 34.678977135000025)
4,Ennasr,النصر,,,9.53313606,34.56386998,Ennasr,النصر,,,TN435859,Meknassi,المكناسي,,,TN4358,Sidi Bou Zid,سيدي بوزيد,,,TN43,Centre West,الوسط الغربي,,,TN4,Tunisie,,,,TN,2022-11-15,,v01,fr,ar,,,POINT (9.533136055 34.56386997999999)
4,Souk Jedid,سوق الجديد,,,9.58030802,34.90697098,Souk Jedid,سوق الجديد,,,TN435951,Souk Jedid,سوق الجديد,,,TN4359,Sidi Bou Zid,سيدي بوزيد,,,TN43,Centre West,الوسط الغربي,,,TN4,Tunisie,,,,TN,2022-11-15,,v01,fr,ar,,,POINT (9.580308021000008 34.906970977000014)
4,Ghiriouis,غريويس,,,9.65358053,34.94629028,Ghiriouis,غريويس,,,TN435952,Souk Jedid,سوق الجديد,,,TN4359,Sidi Bou Zid,سيدي بوزيد,,,TN43,Centre West,الوسط الغربي,,,TN4,Tunisie,,,,TN,2022-11-15,,v01,fr,ar,,,POINT (9.65358052800002 34.946290275000024)
4,Ksaira,القصيرة,,,9.60250644,34.97077246,Ksaira,القصيرة,,,TN435953,Souk Jedid,سوق الجديد,,,TN4359,Sidi Bou Zid,سيدي بوزيد,,,TN43,Centre West,الوسط الغربي,,,TN4,Tunisie,,,,TN,2022-11-15,,v01,fr,ar,,,POINT (9.602506441999992 34.97077245999998)
4,Sekdal,سقدال,,,9.61208574,34.92568213,Sekdal,سقدال,,,TN435954,Souk Jedid,سوق الجديد,,,TN4359,Sidi Bou Zid,سيدي بوزيد,,,TN43,Centre West,الوسط الغربي,,,TN4,Tunisie,,,,TN,2022-11-15,,v01,fr,ar,,,POINT (9.612085744000012 34.92568212600003)
4,Erremelia,الرميلية,,,9.58534019,34.80362392,Erremelia,الرميلية,,,TN435955,Souk Jedid,سوق الجديد,,,TN4359,Sidi Bou Zid,سيدي بوزيد,,,TN43,Centre West,الوسط الغربي,,,TN4,Tunisie,,,,TN,2022-11-15,,v01,fr,ar,,,POINT (9.585340189000021 34.803623921999986)
4,Ezzafzaf,الزفزاف,,,9.49271462,34.80002634,Ezzafzaf,الزفزاف,,,TN435956,Souk Jedid,سوق الجديد,,,TN4359,Sidi Bou Zid,سيدي بوزيد,,,TN43,Centre West,الوسط الغربي,,,TN4,Tunisie,,,,TN,2022-11-15,,v01,fr,ar,,,POINT (9.492714622999983 34.800026339)
4,Bir Badr,بئر بدر,,,9.52070649,34.86994443,Bir Badr,بئر بدر,,,TN435957,Souk Jedid,سوق الجديد,,,TN4359,Sidi Bou Zid,سيدي بوزيد,,,TN43,Centre West,الوسط الغربي,,,TN4,Tunisie,,,,TN,2022-11-15,,v01,fr,ar,,,POINT (9.520706487999973 34.869944429999975)
4,Mezzouna,المزونة,,,9.85962629,34.55078427,Mezzouna,المزونة,,,TN436051,Mazzouna,المزونة,,,TN4360,Sidi Bou Zid,سيدي بوزيد,,,TN43,Centre West,الوسط الغربي,,,TN4,Tunisie,,,,TN,2022-11-15,,v01,fr,ar,,,POINT (9.859626290999984 34.55078426900002)
4,El Founi,الفوني,,,9.95874796,34.49366629,El Founi,الفوني,,,TN436052,Mazzouna,المزونة,,,TN4360,Sidi Bou Zid,سيدي بوزيد,,,TN43,Centre West,الوسط الغربي,,,TN4,Tunisie,,,,TN,2022-11-15,,v01,fr,ar,,,POINT (9.958747962000018 34.493666295000025)
4,Bou Hedma,بوهدمة,,,9.5547915,34.43689714,Bou Hedma,بوهدمة,,,TN436053,Mazzouna,المزونة,,,TN4360,Sidi Bou Zid,سيدي بوزيد,,,TN43,Centre West,الوسط الغربي,,,TN4,Tunisie,,,,TN,2022-11-15,,v01,fr,ar,,,POINT (9.554791502 34.43689713600003)
4,El Gheris Est,الغريس الشرقية,,,9.83006261,34.61844848,El Gheris Est,الغريس الشرقية,,,TN436054,Mazzouna,المزونة,,,TN4360,Sidi Bou Zid,سيدي بوزيد,,,TN43,Centre West,الوسط الغربي,,,TN4,Tunisie,,,,TN,2022-11-15,,v01,fr,ar,,,POINT (9.830062610000027 34.61844847499998)
4,Khobna,الخبنة,,,9.61221052,34.3632537,Khobna,الخبنة,,,TN436055,Mazzouna,المزونة,,,TN4360,Sidi Bou Zid,سيدي بوزيد,,,TN43,Centre West,الوسط الغربي,,,TN4,Tunisie,,,,TN,2022-11-15,,v01,fr,ar,,,POINT (9.612210516999994 34.363253697999994)
4,Eddaouara,الدوارة,,,9.74038002,34.54123901,Eddaouara,الدوارة,,,TN436056,Mazzouna,المزونة,,,TN4360,Sidi Bou Zid,سيدي بوزيد,,,TN43,Centre West,الوسط الغربي,,,TN4,Tunisie,,,,TN,2022-11-15,,v01,fr,ar,,,POINT (9.74038002399999 34.54123900600001)
4,El Khaoui,الخوي,,,9.95209838,34.54851772,El Khaoui,الخوي,,,TN436057,Mazzouna,المزونة,,,TN4360,Sidi Bou Zid,سيدي بوزيد,,,TN43,Centre West,الوسط الغربي,,,TN4,Tunisie,,,,TN,2022-11-15,,v01,fr,ar,,,POINT (9.952098378000017 34.54851772000001)
4,El Besbes,البسباس,,,9.8444463,34.43211204,El Besbes,البسباس,,,TN436058,Mazzouna,المزونة,,,TN4360,Sidi Bou Zid,سيدي بوزيد,,,TN43,Centre West,الوسط الغربي,,,TN4,Tunisie,,,,TN,2022-11-15,,v01,fr,ar,,,POINT (9.844446302999984 34.43211203599998)
4,Essed,السد,,,9.72395085,34.4279037,Essed,السد,,,TN436059,Mazzouna,المزونة,,,TN4360,Sidi Bou Zid,سيدي بوزيد,,,TN43,Centre West,الوسط الغربي,,,TN4,Tunisie,,,,TN,2022-11-15,,v01,fr,ar,,,POINT (9.723950849999994 34.42790370199998)
4,Regueb,الرقاب,,,9.78663203,34.8604055,Regueb,الرقاب,,,TN436151,Regueb,الرقاب,,,TN4361,Sidi Bou Zid,سيدي بوزيد,,,TN43,Centre West,الوسط الغربي,,,TN4,Tunisie,,,,TN,2022-11-15,,v01,fr,ar,,,POINT (9.78663203299999 34.86040549500001)
4,Khechem Ouest,الخشم الغربية,,,9.95003708,35.02715163,Khechem Ouest,الخشم الغربية,,,TN436152,Regueb,الرقاب,,,TN4361,Sidi Bou Zid,سيدي بوزيد,,,TN43,Centre West,الوسط الغربي,,,TN4,Tunisie,,,,TN,2022-11-15,,v01,fr,ar,,,POINT (9.950037079000026 35.02715163300002)
4,Essaida Nord,السعيدة الشمالية,,,9.92409553,34.97914229,Essaida Nord,السعيدة الشمالية,,,TN436153,Regueb,الرقاب,,,TN4361,Sidi Bou Zid,سيدي بوزيد,,,TN43,Centre West,الوسط الغربي,,,TN4,Tunisie,,,,TN,2022-11-15,,v01,fr,ar,,,POINT (9.924095530999978 34.979142293999985)
4,Ksar El Hammam Est,قصر الحمام الشرقية,,,9.89558598,34.87435732,Ksar El Hammam Est,قصر الحمام الشرقية,,,TN436154,Regueb,الرقاب,,,TN4361,Sidi Bou Zid,سيدي بوزيد,,,TN43,Centre West,الوسط الغربي,,,TN4,Tunisie,,,,TN,2022-11-15,,v01,fr,ar,,,POINT (9.895585980000021 34.87435732)
4,Gouleb,قولاب,,,9.73988286,34.75694907,Gouleb,قولاب,,,TN436155,Regueb,الرقاب,,,TN4361,Sidi Bou Zid,سيدي بوزيد,,,TN43,Centre West,الوسط الغربي,,,TN4,Tunisie,,,,TN,2022-11-15,,v01,fr,ar,,,POINT (9.739882857999987 34.756949066999994)
4,Erradhaa,الرضاع,,,9.84259662,34.69003391,Erradhaa,الرضاع,,,TN436156,Regueb,الرقاب,,,TN4361,Sidi Bou Zid,سيدي بوزيد,,,TN43,Centre West,الوسط الغربي,,,TN4,Tunisie,,,,TN,2022-11-15,,v01,fr,ar,,,POINT (9.842596624999999 34.690033914000026)
4,Erradhaa Est,الرضاع الشرقية,,,9.88513379,34.7165552,Erradhaa Est,الرضاع الشرقية,,,TN436157,Regueb,الرقاب,,,TN4361,Sidi Bou Zid,سيدي بوزيد,,,TN43,Centre West,الوسط الغربي,,,TN4,Tunisie,,,,TN,2022-11-15,,v01,fr,ar,,,POINT (9.885133791999976 34.71655519900003)
4,Boudinar,بودينار,,,9.69617863,34.90419273,Boudinar,بودينار,,,TN436158,Regueb,الرقاب,,,TN4361,Sidi Bou Zid,سيدي بوزيد,,,TN43,Centre West,الوسط الغربي,,,TN4,Tunisie,,,,TN,2022-11-15,,v01,fr,ar,,,POINT (9.696178626000005 34.90419273200001)
4,Ksar El Hammam Ouest,قصر الحمام الغربية,,,9.77079385,34.9207596,Ksar El Hammam Ouest,قصر الحمام الغربية,,,TN436159,Regueb,الرقاب,,,TN4361,Sidi Bou Zid,سيدي بوزيد,,,TN43,Centre West,الوسط الغربي,,,TN4,Tunisie,,,,TN,2022-11-15,,v01,fr,ar,,,POINT (9.770793852999986 34.92075959800002)
4,Gobrar,قبرار,,,9.82322793,34.94041777,Gobrar,قبرار,,,TN436160,Regueb,الرقاب,,,TN4361,Sidi Bou Zid,سيدي بوزيد,,,TN43,Centre West,الوسط الغربي,,,TN4,Tunisie,,,,TN,2022-11-15,,v01,fr,ar,,,POINT (9.823227926000015 34.940417766999985)
4,Rihana,ريحانة,,,9.69353295,34.82668091,Rihana,ريحانة,,,TN436161,Regueb,الرقاب,,,TN4361,Sidi Bou Zid,سيدي بوزيد,,,TN43,Centre West,الوسط الغربي,,,TN4,Tunisie,,,,TN,2022-11-15,,v01,fr,ar,,,POINT (9.693532946999994 34.82668090599998)
4,Essekba,السكبة,,,9.84368234,34.78161956,Essekba,السكبة,,,TN436162,Regueb,الرقاب,,,TN4361,Sidi Bou Zid,سيدي بوزيد,,,TN43,Centre West,الوسط الغربي,,,TN4,Tunisie,,,,TN,2022-11-15,,v01,fr,ar,,,POINT (9.843682334999983 34.78161955799999)
4,Khechem Est,الخشم الشرقية,,,10.01625211,35.00171345,Khechem Est,الخشم الشرقية,,,TN436163,Regueb,الرقاب,,,TN4361,Sidi Bou Zid,سيدي بوزيد,,,TN43,Centre West,الوسط الغربي,,,TN4,Tunisie,,,,TN,2022-11-15,,v01,fr,ar,,,POINT (10.016252110999972 35.00171344900002)
4,Essaida Sud,السعيدة الجنوبية,,,9.8565912,34.96562872,Essaida Sud,السعيدة الجنوبية,,,TN436164,Regueb,الرقاب,,,TN4361,Sidi Bou Zid,سيدي بوزيد,,,TN43,Centre West,الوسط الغربي,,,TN4,Tunisie,,,,TN,2022-11-15,,v01,fr,ar,,,POINT (9.856591197 34.96562872300001)
4,Essaida Est,السعيدة الشرقية,,,9.96870976,34.9012928,Essaida Est,السعيدة الشرقية,,,TN436165,Regueb,الرقاب,,,TN4361,Sidi Bou Zid,سيدي بوزيد,,,TN43,Centre West,الوسط الغربي,,,TN4,Tunisie,,,,TN,2022-11-15,,v01,fr,ar,,,POINT (9.968709758999978 34.90129280000002)
4,Ferch Gharib,فرش غريب,,,9.91957562,34.80386817,Ferch Gharib,فرش غريب,,,TN436166,Regueb,الرقاب,,,TN4361,Sidi Bou Zid,سيدي بوزيد,,,TN43,Centre West,الوسط الغربي,,,TN4,Tunisie,,,,TN,2022-11-15,,v01,fr,ar,,,POINT (9.919575614999985 34.80386816499998)
4,Ouled Ayouni,أولاد عيوني,,,9.8366793,34.82987763,Ouled Ayouni,أولاد عيوني,,,TN436167,Regueb,الرقاب,,,TN4361,Sidi Bou Zid,سيدي بوزيد,,,TN43,Centre West,الوسط الغربي,,,TN4,Tunisie,,,,TN,2022-11-15,,v01,fr,ar,,,POINT (9.836679301999993 34.82987762699997)
4,Ouled Haffouz,أولاد حفوز,,,9.8451826,35.08333704,Ouled Haffouz,أولاد حفوز,,,TN436251,Ouled Haffouz,أولاد حفوز,,,TN4362,Sidi Bou Zid,سيدي بوزيد,,,TN43,Centre West,الوسط الغربي,,,TN4,Tunisie,,,,TN,2022-11-15,,v01,fr,ar,,,POINT (9.845182602000023 35.08333703599999)
4,Dheouibet Sud,الدويبات الجنوبية,,,9.97240557,35.09452907,Dheouibet Sud,الدويبات الجنوبية,,,TN436252,Ouled Haffouz,أولاد حفوز,,,TN4362,Sidi Bou Zid,سيدي بوزيد,,,TN43,Centre West,الوسط الغربي,,,TN4,Tunisie,,,,TN,2022-11-15,,v01,fr,ar,,,POINT (9.972405573000003 35.094529066999996)
4,Sidi Khelif,سيدي خليف,,,9.81448931,35.14422693,Sidi Khelif,سيدي خليف,,,TN436253,Ouled Haffouz,أولاد حفوز,,,TN4362,Sidi Bou Zid,سيدي بوزيد,,,TN43,Centre West,الوسط الغربي,,,TN4,Tunisie,,,,TN,2022-11-15,,v01,fr,ar,,,POINT (9.81448930800002 35.14422692800002)
4,El Henia,الحنية,,,9.76555041,35.07941175,El Henia,الحنية,,,TN436254,Ouled Haffouz,أولاد حفوز,,,TN4362,Sidi Bou Zid,سيدي بوزيد,,,TN43,Centre West,الوسط الغربي,,,TN4,Tunisie,,,,TN,2022-11-15,,v01,fr,ar,,,POINT (9.765550414000018 35.07941175000002)
4,Kassouda,كسودة,,,9.89195068,35.10840469,Kassouda,كسودة,,,TN436255,Ouled Haffouz,أولاد حفوز,,,TN4362,Sidi Bou Zid,سيدي بوزيد,,,TN43,Centre West,الوسط الغربي,,,TN4,Tunisie,,,,TN,2022-11-15,,v01,fr,ar,,,POINT (9.891950684999983 35.10840468499998)
4,El Mebarkia,المباركية,,,9.80624135,35.03418331,El Mebarkia,المباركية,,,TN436256,Ouled Haffouz,أولاد حفوز,,,TN4362,Sidi Bou Zid,سيدي بوزيد,,,TN43,Centre West,الوسط الغربي,,,TN4,Tunisie,,,,TN,2022-11-15,,v01,fr,ar,,,POINT (9.806241348000015 35.03418331500001)
4,Ech-Cheouachia,الشواشية,,,9.8613881,35.03826035,Ech-Cheouachia,الشواشية,,,TN436257,Ouled Haffouz,أولاد حفوز,,,TN4362,Sidi Bou Zid,سيدي بوزيد,,,TN43,Centre West,الوسط الغربي,,,TN4,Tunisie,,,,TN,2022-11-15,,v01,fr,ar,,,POINT (9.861388103000024 35.03826035399999)
4,Sidi Ellafi,سيدي اللافي,,,9.74722203,35.16750006,Sidi Ellafi,سيدي اللافي,,,TN436258,Ouled Haffouz,أولاد حفوز,,,TN4362,Sidi Bou Zid,سيدي بوزيد,,,TN43,Centre West,الوسط الغربي,,,TN4,Tunisie,,,,TN,2022-11-15,,v01,fr,ar,,,POINT (9.74722202800001 35.167500055999994)
4,Dheouibet Nord,الذويبات الشمالية,,,9.93610288,35.16806526,Dheouibet Nord,الذويبات الشمالية,,,TN436259,Ouled Haffouz,أولاد حفوز,,,TN4362,Sidi Bou Zid,سيدي بوزيد,,,TN43,Centre West,الوسط الغربي,,,TN4,Tunisie,,,,TN,2022-11-15,,v01,fr,ar,,,POINT (9.936102880000021 35.16806525499999)
4,Secteur (1),المنطقة الأولى,,,10.08605076,33.88826801,Secteur (1),المنطقة الأولى,,,TN515151,Gabès Médina,قابس المدينة,,,TN5151,Gabès,قابس,,,TN51,South East,الجنوب الشرقي,,,TN5,Tunisie,,,,TN,2022-11-15,,v01,fr,ar,,,POINT (10.086050762000013 33.888268005999976)
4,Secteur (2),المنطقة الثانية,,,10.09210079,33.87700267,Secteur (2),المنطقة الثانية,,,TN515152,Gabès Médina,قابس المدينة,,,TN5151,Gabès,قابس,,,TN51,South East,الجنوب الشرقي,,,TN5,Tunisie,,,,TN,2022-11-15,,v01,fr,ar,,,POINT (10.092100789000028 33.87700267299999)
4,Secteur (3),المنطقة الثالثة,,,10.09251933,33.89206874,Secteur (3),المنطقة الثالثة,,,TN515153,Gabès Médina,قابس المدينة,,,TN5151,Gabès,قابس,,,TN51,South East,الجنوب الشرقي,,,TN5,Tunisie,,,,TN,2022-11-15,,v01,fr,ar,,,POINT (10.09251932699999 33.892068741)
4,Secteur (4),المنطقة الرابعة,,,10.10971128,33.88741328,Secteur (4),المنطقة الرابعة,,,TN515154,Gabès Médina,قابس المدينة,,,TN5151,Gabès,قابس,,,TN51,South East,الجنوب الشرقي,,,TN5,Tunisie,,,,TN,2022-11-15,,v01,fr,ar,,,POINT (10.109711284000014 33.88741328100002)
4,Chott Sidi Abdesselam,شط سيدي عبد السلام,,,10.08989218,33.91485808,Chott Sidi Abdesselam,شط سيدي عبد السلام,,,TN515155,Gabès Médina,قابس المدينة,,,TN5151,Gabès,قابس,,,TN51,South East,الجنوب الشرقي,,,TN5,Tunisie,,,,TN,2022-11-15,,v01,fr,ar,,,POINT (10.089892182000028 33.914858084)
4,Er-Remathi,الرماثي,,,9.94360646,33.87573951,Er-Remathi,الرماثي,,,TN515251,Gabès Ouest,قابس الغربية,,,TN5152,Gabès,قابس,,,TN51,South East,الجنوب الشرقي,,,TN5,Tunisie,,,,TN,2022-11-15,,v01,fr,ar,,,POINT (9.94360646299998 33.875739513999974)
4,Bou-Chemma,بوشمة,,,10.02618102,33.90761255,Bou-Chemma,بوشمة,,,TN515252,Gabès Ouest,قابس الغربية,,,TN5152,Gabès,قابس,,,TN51,South East,الجنوب الشرقي,,,TN5,Tunisie,,,,TN,2022-11-15,,v01,fr,ar,,,POINT (10.026181025000028 33.907612547999975)
4,Nahal,النحال,,,10.07681017,33.88116907,Nahal,النحال,,,TN515253,Gabès Ouest,قابس الغربية,,,TN5152,Gabès,قابس,,,TN51,South East,الجنوب الشرقي,,,TN5,Tunisie,,,,TN,2022-11-15,,v01,fr,ar,,,POINT (10.076810168000009 33.88116907400001)
4,Jaouaoula,الجواولة,,,10.05742373,33.88116907,Jaouaoula,الجواولة,,,TN515254,Gabès Ouest,قابس الغربية,,,TN5152,Gabès,قابس,,,TN51,South East,الجنوب الشرقي,,,TN5,Tunisie,,,,TN,2022-11-15,,v01,fr,ar,,,POINT (10.057423734999986 33.88116907400001)
4,Chenini Nord,شنني الشمالية,,,10.01368107,33.86548125,Chenini Nord,شنني الشمالية,,,TN515255,Gabès Ouest,قابس الغربية,,,TN5152,Gabès,قابس,,,TN51,South East,الجنوب الشرقي,,,TN5,Tunisie,,,,TN,2022-11-15,,v01,fr,ar,,,POINT (10.013681070000018 33.865481250000016)
4,Chenini Est,شنني الشرقية,,,10.05720677,33.8693485,Chenini Est,شنني الشرقية,,,TN515256,Gabès Ouest,قابس الغربية,,,TN5152,Gabès,قابس,,,TN51,South East,الجنوب الشرقي,,,TN5,Tunisie,,,,TN,2022-11-15,,v01,fr,ar,,,POINT (10.057206769999993 33.869348495)
4,Chenini Ouest,شنني الغربية,,,10.0622004,33.85948882,Chenini Ouest,شنني الغربية,,,TN515257,Gabès Ouest,قابس الغربية,,,TN5152,Gabès,قابس,,,TN51,South East,الجنوب الشرقي,,,TN5,Tunisie,,,,TN,2022-11-15,,v01,fr,ar,,,POINT (10.062200398000016 33.85948881600001)
4,Teboulbou,تبلبو,,,10.13537208,33.81273557,Teboulbou,تبلبو,,,TN515351,Gabès Sud,قابس الجنوبية,,,TN5153,Gabès,قابس,,,TN51,South East,الجنوب الشرقي,,,TN5,Tunisie,,,,TN,2022-11-15,,v01,fr,ar,,,POINT (10.135372082999993 33.812735573)
4,Sidi Boulbaba,سيدي بولبابة,,,10.08811334,33.85653057,Sidi Boulbaba,سيدي بولبابة,,,TN515352,Gabès Sud,قابس الجنوبية,,,TN5153,Gabès,قابس,,,TN51,South East,الجنوب الشرقي,,,TN5,Tunisie,,,,TN,2022-11-15,,v01,fr,ar,,,POINT (10.088113339000017 33.856530566)
4,Zrig Eddakhlania,زريق الدخلانية,,,10.10070598,33.85435162,Zrig Eddakhlania,زريق الدخلانية,,,TN515353,Gabès Sud,قابس الجنوبية,,,TN5153,Gabès,قابس,,,TN51,South East,الجنوب الشرقي,,,TN5,Tunisie,,,,TN,2022-11-15,,v01,fr,ar,,,POINT (10.100705979999987 33.85435161800001)
4,Secteur (5),المنطقة الخامسة,,,10.11667243,33.86791436,Secteur (5),المنطقة الخامسة,,,TN515354,Gabès Sud,قابس الجنوبية,,,TN5153,Gabès,قابس,,,TN51,South East,الجنوب الشرقي,,,TN5,Tunisie,,,,TN,2022-11-15,,v01,fr,ar,,,POINT (10.116672428000015 33.86791436200002)
4,El Medou,المدو,,,10.01826786,33.80000525,El Medou,المدو,,,TN515355,Gabès Sud,قابس الجنوبية,,,TN5153,Gabès,قابس,,,TN51,South East,الجنوب الشرقي,,,TN5,Tunisie,,,,TN,2022-11-15,,v01,fr,ar,,,POINT (10.018267856000023 33.800005251000016)
4,Limaoua,ليماوة,,,10.09482739,33.73030135,Limaoua,ليماوة,,,TN515356,Gabès Sud,قابس الجنوبية,,,TN5153,Gabès,قابس,,,TN51,South East,الجنوب الشرقي,,,TN5,Tunisie,,,,TN,2022-11-15,,v01,fr,ar,,,POINT (10.094827392000013 33.730301352000026)
4,El Amazir,الأمازير,,,9.97479417,33.75110848,El Amazir,الأمازير,,,TN515357,Gabès Sud,قابس الجنوبية,,,TN5153,Gabès,قابس,,,TN51,South East,الجنوب الشرقي,,,TN5,Tunisie,,,,TN,2022-11-15,,v01,fr,ar,,,POINT (9.97479417300002 33.75110848000003)
4,Ghanouch Est,غنوش الشرقية,,,10.07293355,33.93896165,Ghanouch Est,غنوش الشرقية,,,TN515451,Ghannouch,غنوش,,,TN5154,Gabès,قابس,,,TN51,South East,الجنوب الشرقي,,,TN5,Tunisie,,,,TN,2022-11-15,,v01,fr,ar,,,POINT (10.072933551999995 33.93896165299998)
4,Ghanouch Ouest,غنوش الغربية,,,10.04940341,33.95429391,Ghanouch Ouest,غنوش الغربية,,,TN515452,Ghannouch,غنوش,,,TN5154,Gabès,قابس,,,TN51,South East,الجنوب الشرقي,,,TN5,Tunisie,,,,TN,2022-11-15,,v01,fr,ar,,,POINT (10.049403411000014 33.95429390800001)
4,Ghanouche Sud,غنوش الجنوبية,,,10.05332678,33.92663716,Ghanouche Sud,غنوش الجنوبية,,,TN515453,Ghannouch,غنوش,,,TN5154,Gabès,قابس,,,TN51,South East,الجنوب الشرقي,,,TN5,Tunisie,,,,TN,2022-11-15,,v01,fr,ar,,,POINT (10.053326782 33.926637157000016)
4,Ghanouche Nord,غنوش الشمالية,,,10.06080651,33.96168538,Ghanouche Nord,غنوش الشمالية,,,TN515454,Ghannouch,غنوش,,,TN5154,Gabès,قابس,,,TN51,South East,الجنوب الشرقي,,,TN5,Tunisie,,,,TN,2022-11-15,,v01,fr,ar,,,POINT (10.060806513999978 33.96168537699998)
4,El Metouia Nord,المطويةالشمالية,,,10.01519376,34.03040223,El Metouia Nord,المطويةالشمالية,,,TN515551,Metouia,المطوية,,,TN5155,Gabès,قابس,,,TN51,South East,الجنوب الشرقي,,,TN5,Tunisie,,,,TN,2022-11-15,,v01,fr,ar,,,POINT (10.015193759999988 34.03040223199997)
4,El Metouia Sud,المطورية الجنوبية,,,9.97310739,33.94568506,El Metouia Sud,المطورية الجنوبية,,,TN515552,Metouia,المطوية,,,TN5155,Gabès,قابس,,,TN51,South East,الجنوب الشرقي,,,TN5,Tunisie,,,,TN,2022-11-15,,v01,fr,ar,,,POINT (9.973107385999981 33.94568506000002)
4,Ouedhref Nord,وذرف الشمالية,,,9.94827048,34.04147224,Ouedhref Nord,وذرف الشمالية,,,TN515553,Metouia,المطوية,,,TN5155,Gabès,قابس,,,TN51,South East,الجنوب الشرقي,,,TN5,Tunisie,,,,TN,2022-11-15,,v01,fr,ar,,,POINT (9.948270482999988 34.04147224299999)
4,Ouedhref Sud,وذرف الجنوبية,,,9.93027196,33.99004202,Ouedhref Sud,وذرف الجنوبية,,,TN515554,Metouia,المطوية,,,TN5155,Gabès,قابس,,,TN51,South East,الجنوب الشرقي,,,TN5,Tunisie,,,,TN,2022-11-15,,v01,fr,ar,,,POINT (9.930271956000013 33.99004202499998)
4,El Akarit,العكاريت,,,9.97541884,34.07703903,El Akarit,العكاريت,,,TN515555,Metouia,المطوية,,,TN5155,Gabès,قابس,,,TN51,South East,الجنوب الشرقي,,,TN5,Tunisie,,,,TN,2022-11-15,,v01,fr,ar,,,POINT (9.97541884399999 34.07703902600002)
4,El Hicha,الهيشة,,,9.96962532,34.15048583,El Hicha,الهيشة,,,TN515556,Metouia,المطوية,,,TN5155,Gabès,قابس,,,TN51,South East,الجنوب الشرقي,,,TN5,Tunisie,,,,TN,2022-11-15,,v01,fr,ar,,,POINT (9.969625321000024 34.15048582700001)
4,El Mida,الميدة,,,9.87632164,34.05441369,El Mida,الميدة,,,TN515557,Metouia,المطوية,,,TN5155,Gabès,قابس,,,TN51,South East,الجنوب الشرقي,,,TN5,Tunisie,,,,TN,2022-11-15,,v01,fr,ar,,,POINT (9.876321637999979 34.05441368800001)
4,Oued Ezzitoun,وادي الزيتون,,,9.6453649,34.1621785,Oued Ezzitoun,وادي الزيتون,,,TN515651,Menzel Habib,منزل الحبيب,,,TN5156,Gabès,قابس,,,TN51,South East,الجنوب الشرقي,,,TN5,Tunisie,,,,TN,2022-11-15,,v01,fr,ar,,,POINT (9.645364896999979 34.16217849899999)
4,El Fejij,الفجيج,,,9.7765527,34.06983804,El Fejij,الفجيج,,,TN515652,Menzel Habib,منزل الحبيب,,,TN5156,Gabès,قابس,,,TN51,South East,الجنوب الشرقي,,,TN5,Tunisie,,,,TN,2022-11-15,,v01,fr,ar,,,POINT (9.776552701000014 34.069838043999994)
4,El Mehemla,المهاملة,,,9.49965814,34.16999673,El Mehemla,المهاملة,,,TN515653,Menzel Habib,منزل الحبيب,,,TN5156,Gabès,قابس,,,TN51,South East,الجنوب الشرقي,,,TN5,Tunisie,,,,TN,2022-11-15,,v01,fr,ar,,,POINT (9.499658140000008 34.169996733999994)
4,Es-Saki,السقي,,,9.33195933,34.16443065,Es-Saki,السقي,,,TN515654,Menzel Habib,منزل الحبيب,,,TN5156,Gabès,قابس,,,TN51,South East,الجنوب الشرقي,,,TN5,Tunisie,,,,TN,2022-11-15,,v01,fr,ar,,,POINT (9.331959331999997 34.16443064800001)
4,Rabiaa Ouali,ربيعة والي,,,9.84077264,34.17106149,Rabiaa Ouali,ربيعة والي,,,TN515655,Menzel Habib,منزل الحبيب,,,TN5156,Gabès,قابس,,,TN51,South East,الجنوب الشرقي,,,TN5,Tunisie,,,,TN,2022-11-15,,v01,fr,ar,,,POINT (9.840772644000026 34.171061494000014)
4,Zoughrata,زقراطة,,,9.81901943,34.13045549,Zoughrata,زقراطة,,,TN515656,Menzel Habib,منزل الحبيب,,,TN5156,Gabès,قابس,,,TN51,South East,الجنوب الشرقي,,,TN5,Tunisie,,,,TN,2022-11-15,,v01,fr,ar,,,POINT (9.819019434999973 34.13045549499998)
4,Menzel El Habib,منزل الحبيب,,,9.67012026,34.23101203,Menzel El Habib,منزل الحبيب,,,TN515657,Menzel Habib,منزل الحبيب,,,TN5156,Gabès,قابس,,,TN51,South East,الجنوب الشرقي,,,TN5,Tunisie,,,,TN,2022-11-15,,v01,fr,ar,,,POINT (9.670120259999976 34.23101202700002)
4,Secteur Nord,المنطقة الشمالية,,,9.83796262,33.9680621,Secteur Nord,المنطقة الشمالية,,,TN515751,Hamma,الحامة,,,TN5157,Gabès,قابس,,,TN51,South East,الجنوب الشرقي,,,TN5,Tunisie,,,,TN,2022-11-15,,v01,fr,ar,,,POINT (9.837962618999995 33.96806209599998)
4,El Ksar,القصر,,,9.84388758,33.90735072,El Ksar,القصر,,,TN515752,Hamma,الحامة,,,TN5157,Gabès,قابس,,,TN51,South East,الجنوب الشرقي,,,TN5,Tunisie,,,,TN,2022-11-15,,v01,fr,ar,,,POINT (9.84388758199998 33.90735072199999)
4,Secteur Est (1),(1) المنطقة الشرقية,,,9.81581884,33.88093868,Secteur Est (1),(1) المنطقة الشرقية,,,TN515753,Hamma,الحامة,,,TN5157,Gabès,قابس,,,TN51,South East,الجنوب الشرقي,,,TN5,Tunisie,,,,TN,2022-11-15,,v01,fr,ar,,,POINT (9.81581884000002 33.88093867700002)
4,Secteur Est (2),(2) المنطقة الشرقية,,,9.80881795,33.85177956,Secteur Est (2),(2) المنطقة الشرقية,,,TN515754,Hamma,الحامة,,,TN5157,Gabès,قابس,,,TN51,South East,الجنوب الشرقي,,,TN5,Tunisie,,,,TN,2022-11-15,,v01,fr,ar,,,POINT (9.808817953000016 33.851779557999976)
4,Secteur Sud,المنطقة القبلية,,,9.78574564,33.85514929,Secteur Sud,المنطقة القبلية,,,TN515755,Hamma,الحامة,,,TN5157,Gabès,قابس,,,TN51,South East,الجنوب الشرقي,,,TN5,Tunisie,,,,TN,2022-11-15,,v01,fr,ar,,,POINT (9.785745636000001 33.85514929499999)
4,Farhat Hached,فرحات حشاد,,,9.60443428,33.70928785,Farhat Hached,فرحات حشاد,,,TN515756,Hamma,الحامة,,,TN5157,Gabès,قابس,,,TN51,South East,الجنوب الشرقي,,,TN5,Tunisie,,,,TN,2022-11-15,,v01,fr,ar,,,POINT (9.604434282 33.70928785199999)
4,Chanchou,شانشو,,,9.85833446,33.8225566,Chanchou,شانشو,,,TN515757,Hamma,الحامة,,,TN5157,Gabès,قابس,,,TN51,South East,الجنوب الشرقي,,,TN5,Tunisie,,,,TN,2022-11-15,,v01,fr,ar,,,POINT (9.85833445999998 33.82255659600003)
4,El Behaier,البحاير,,,9.47392798,33.83974589,El Behaier,البحاير,,,TN515758,Hamma,الحامة,,,TN5157,Gabès,قابس,,,TN51,South East,الجنوب الشرقي,,,TN5,Tunisie,,,,TN,2022-11-15,,v01,fr,ar,,,POINT (9.473927984 33.83974588699999)
4,Bechima El Borj,بشيمة البرج,,,9.67655803,33.92948454,Bechima El Borj,بشيمة البرج,,,TN515759,Hamma,الحامة,,,TN5157,Gabès,قابس,,,TN51,South East,الجنوب الشرقي,,,TN5,Tunisie,,,,TN,2022-11-15,,v01,fr,ar,,,POINT (9.676558032999992 33.92948454200001)
4,Bechima El Kalb,بشيمة القلب,,,9.71507384,33.94393964,Bechima El Kalb,بشيمة القلب,,,TN515760,Hamma,الحامة,,,TN5157,Gabès,قابس,,,TN51,South East,الجنوب الشرقي,,,TN5,Tunisie,,,,TN,2022-11-15,,v01,fr,ar,,,POINT (9.715073843000027 33.943939641999975)
4,Bou Attouch,بوعطوش,,,9.50164969,34.00358402,Bou Attouch,بوعطوش,,,TN515761,Hamma,الحامة,,,TN5157,Gabès,قابس,,,TN51,South East,الجنوب الشرقي,,,TN5,Tunisie,,,,TN,2022-11-15,,v01,fr,ar,,,POINT (9.501649688999976 34.00358402400002)
4,Habib Thameur,الحبيب ثامر,,,9.69939305,33.82967715,Habib Thameur,الحبيب ثامر,,,TN515762,Hamma,الحامة,,,TN5157,Gabès,قابس,,,TN51,South East,الجنوب الشرقي,,,TN5,Tunisie,,,,TN,2022-11-15,,v01,fr,ar,,,POINT (9.699393046000012 33.829677145000005)
4,Secteur Ouest,المنطقة الغربية,,,9.76050559,33.81711245,Secteur Ouest,المنطقة الغربية,,,TN515763,Hamma,الحامة,,,TN5157,Gabès,قابس,,,TN51,South East,الجنوب الشرقي,,,TN5,Tunisie,,,,TN,2022-11-15,,v01,fr,ar,,,POINT (9.760505593999994 33.817112451000014)
4,Matmata,مطماطة,,,9.97863194,33.50866202,Matmata,مطماطة,,,TN515851,Matmata,مطماطة,,,TN5158,Gabès,قابس,,,TN51,South East,الجنوب الشرقي,,,TN5,Tunisie,,,,TN,2022-11-15,,v01,fr,ar,,,POINT (9.978631936999989 33.50866202499998)
4,Techine,تشين,,,9.94065737,33.38674919,Techine,تشين,,,TN515852,Matmata,مطماطة,,,TN5158,Gabès,قابس,,,TN51,South East,الجنوب الشرقي,,,TN5,Tunisie,,,,TN,2022-11-15,,v01,fr,ar,,,POINT (9.940657374000011 33.386749185999975)
4,Tamazrat,طمزرط,,,9.72605052,33.49901456,Tamazrat,طمزرط,,,TN515853,Matmata,مطماطة,,,TN5158,Gabès,قابس,,,TN51,South East,الجنوب الشرقي,,,TN5,Tunisie,,,,TN,2022-11-15,,v01,fr,ar,,,POINT (9.72605052199998 33.49901455600002)
4,Nouvelle Matmata,مطماطة الجديدة,,,9.98012227,33.65438563,Nouvelle Matmata,مطماطة الجديدة,,,TN515951,Matmata Nouvelle,مطماطة الجديدة,,,TN5159,Gabès,قابس,,,TN51,South East,الجنوب الشرقي,,,TN5,Tunisie,,,,TN,2022-11-15,,v01,fr,ar,,,POINT (9.980122267000013 33.65438562600002)
4,Heddaj,هداج,,,10.04451309,33.60415889,Heddaj,هداج,,,TN515952,Matmata Nouvelle,مطماطة الجديدة,,,TN5159,Gabès,قابس,,,TN51,South East,الجنوب الشرقي,,,TN5,Tunisie,,,,TN,2022-11-15,,v01,fr,ar,,,POINT (10.044513090999999 33.60415888699998)
4,Ez-Zeraoua,الزراوة,,,9.69408493,33.6100958,Ez-Zeraoua,الزراوة,,,TN515953,Matmata Nouvelle,مطماطة الجديدة,,,TN5159,Gabès,قابس,,,TN51,South East,الجنوب الشرقي,,,TN5,Tunisie,,,,TN,2022-11-15,,v01,fr,ar,,,POINT (9.69408493200001 33.610095795999996)
4,Beni Aissa,بني عيسى,,,9.8818645,33.66058324,Beni Aissa,بني عيسى,,,TN515954,Matmata Nouvelle,مطماطة الجديدة,,,TN5159,Gabès,قابس,,,TN51,South East,الجنوب الشرقي,,,TN5,Tunisie,,,,TN,2022-11-15,,v01,fr,ar,,,POINT (9.88186450400002 33.660583239999994)
4,Beni Zalten,بني زلطن,,,10.10421649,33.55921428,Beni Zalten,بني زلطن,,,TN515955,Matmata Nouvelle,مطماطة الجديدة,,,TN5159,Gabès,قابس,,,TN51,South East,الجنوب الشرقي,,,TN5,Tunisie,,,,TN,2022-11-15,,v01,fr,ar,,,POINT (10.104216495000003 33.55921427499999)
4,Mareth,مارث,,,10.26607794,33.58047045,Mareth,مارث,,,TN516051,Mareth,مارث,,,TN5160,Gabès,قابس,,,TN51,South East,الجنوب الشرقي,,,TN5,Tunisie,,,,TN,2022-11-15,,v01,fr,ar,,,POINT (10.266077936999977 33.58047044900002)
4,Mareth Nord,مارث الشمالية,,,10.24985705,33.6281116,Mareth Nord,مارث الشمالية,,,TN516052,Mareth,مارث,,,TN5160,Gabès,قابس,,,TN51,South East,الجنوب الشرقي,,,TN5,Tunisie,,,,TN,2022-11-15,,v01,fr,ar,,,POINT (10.249857046999978 33.62811159900002)
4,Sidi Touati,سيدي التواتي,,,10.2302889,33.5039808,Sidi Touati,سيدي التواتي,,,TN516053,Mareth,مارث,,,TN5160,Gabès,قابس,,,TN51,South East,الجنوب الشرقي,,,TN5,Tunisie,,,,TN,2022-11-15,,v01,fr,ar,,,POINT (10.230288900999994 33.50398080000002)
4,Ez-Zerkine,الزركين,,,10.26131914,33.71817727,Ez-Zerkine,الزركين,,,TN516054,Mareth,مارث,,,TN5160,Gabès,قابس,,,TN51,South East,الجنوب الشرقي,,,TN5,Tunisie,,,,TN,2022-11-15,,v01,fr,ar,,,POINT (10.261319135000008 33.71817727400003)
4,Ayoun Ez-Zerkine,عيون الزركين,,,10.21288133,33.6662395,Ayoun Ez-Zerkine,عيون الزركين,,,TN516055,Mareth,مارث,,,TN5160,Gabès,قابس,,,TN51,South East,الجنوب الشرقي,,,TN5,Tunisie,,,,TN,2022-11-15,,v01,fr,ar,,,POINT (10.21288133500002 33.666239503999975)
4,Ourafinine,واريفين,,,10.18737561,33.57720088,Ourafinine,واريفين,,,TN516056,Mareth,مارث,,,TN5160,Gabès,قابس,,,TN51,South East,الجنوب الشرقي,,,TN5,Tunisie,,,,TN,2022-11-15,,v01,fr,ar,,,POINT (10.187375608000025 33.57720088100001)
4,Ezzarat,الزارات,,,10.32552903,33.69521903,Ezzarat,الزارات,,,TN516057,Mareth,مارث,,,TN5160,Gabès,قابس,,,TN51,South East,الجنوب الشرقي,,,TN5,Tunisie,,,,TN,2022-11-15,,v01,fr,ar,,,POINT (10.325529034999988 33.695219028)
4,El Alaya,العلاية,,,10.38676382,33.63662918,El Alaya,العلاية,,,TN516058,Mareth,مارث,,,TN5160,Gabès,قابس,,,TN51,South East,الجنوب الشرقي,,,TN5,Tunisie,,,,TN,2022-11-15,,v01,fr,ar,,,POINT (10.386763820999988 33.63662918099999)
4,Arram,عرام,,,10.3223382,33.55834282,Arram,عرام,,,TN516059,Mareth,مارث,,,TN5160,Gabès,قابس,,,TN51,South East,الجنوب الشرقي,,,TN5,Tunisie,,,,TN,2022-11-15,,v01,fr,ar,,,POINT (10.32233819999999 33.558342822999975)
4,Ketana,كتانة,,,10.21466225,33.75830117,Ketana,كتانة,,,TN516060,Mareth,مارث,,,TN5160,Gabès,قابس,,,TN51,South East,الجنوب الشرقي,,,TN5,Tunisie,,,,TN,2022-11-15,,v01,fr,ar,,,POINT (10.214662248000025 33.75830117200002)
4,Toujane,توجان,,,10.12294784,33.45720445,Toujane,توجان,,,TN516061,Mareth,مارث,,,TN5160,Gabès,قابس,,,TN51,South East,الجنوب الشرقي,,,TN5,Tunisie,,,,TN,2022-11-15,,v01,fr,ar,,,POINT (10.122947839000005 33.45720444699998)
4,Zemarten,زمرتن,,,10.05693555,33.36891891,Zemarten,زمرتن,,,TN516062,Mareth,مارث,,,TN5160,Gabès,قابس,,,TN51,South East,الجنوب الشرقي,,,TN5,Tunisie,,,,TN,2022-11-15,,v01,fr,ar,,,POINT (10.056935554999995 33.368918909)
4,Zerig El Ghandri,زريق الغندري,,,10.15981727,33.71315843,Zerig El Ghandri,زريق الغندري,,,TN516063,Mareth,مارث,,,TN5160,Gabès,قابس,,,TN51,South East,الجنوب الشرقي,,,TN5,Tunisie,,,,TN,2022-11-15,,v01,fr,ar,,,POINT (10.159817272999987 33.713158426999996)
4,Ain Tounine,عين تونين,,,10.13700681,33.49752906,Ain Tounine,عين تونين,,,TN516064,Mareth,مارث,,,TN5160,Gabès,قابس,,,TN51,South East,الجنوب الشرقي,,,TN5,Tunisie,,,,TN,2022-11-15,,v01,fr,ar,,,POINT (10.137006805999988 33.49752906200001)
4,Dekhilet Toujane,دخيلة توجان,,,10.2130007,33.4463285,Dekhilet Toujane,دخيلة توجان,,,TN516065,Mareth,مارث,,,TN5160,Gabès,قابس,,,TN51,South East,الجنوب الشرقي,,,TN5,Tunisie,,,,TN,2022-11-15,,v01,fr,ar,,,POINT (10.213000705000013 33.44632849599998)
4,Beni Ghezail,بني عزيل,,,10.43603971,33.27540952,Beni Ghezail,بني عزيل,,,TN525151,Médenine Nord,مدنين الشمالية,,,TN5251,Médenine,مدنين,,,TN52,South East,الجنوب الشرقي,,,TN5,Tunisie,,,,TN,2022-11-15,,v01,fr,ar,,,POINT (10.43603970700002 33.275409517000014)
4,02 Mai,02ماي,,,10.47845881,33.32609398,02 Mai,02ماي,,,TN525152,Médenine Nord,مدنين الشمالية,,,TN5251,Médenine,مدنين,,,TN52,South East,الجنوب الشرقي,,,TN5,Tunisie,,,,TN,2022-11-15,,v01,fr,ar,,,POINT (10.478458808000028 33.32609398400001)
4,Mednine Ouest,مدنين الغربية,,,10.46647268,33.33576533,Mednine Ouest,مدنين الغربية,,,TN525153,Médenine Nord,مدنين الشمالية,,,TN5251,Médenine,مدنين,,,TN52,South East,الجنوب الشرقي,,,TN5,Tunisie,,,,TN,2022-11-15,,v01,fr,ar,,,POINT (10.466472683999996 33.335765330000015)
4,20 Mars,20مارس,,,10.46805196,33.35181377,20 Mars,20مارس,,,TN525154,Médenine Nord,مدنين الشمالية,,,TN5251,Médenine,مدنين,,,TN52,South East,الجنوب الشرقي,,,TN5,Tunisie,,,,TN,2022-11-15,,v01,fr,ar,,,POINT (10.468051961000015 33.351813764999974)
4,Mednine Nord,مدنين الشمالية,,,10.48313825,33.36630568,Mednine Nord,مدنين الشمالية,,,TN525155,Médenine Nord,مدنين الشمالية,,,TN5251,Médenine,مدنين,,,TN52,South East,الجنوب الشرقي,,,TN5,Tunisie,,,,TN,2022-11-15,,v01,fr,ar,,,POINT (10.483138248999978 33.36630568300001)
4,Oum Ettameur Ouest,أم التمر الغربية,,,10.32908376,33.38417284,Oum Ettameur Ouest,أم التمر الغربية,,,TN525156,Médenine Nord,مدنين الشمالية,,,TN5251,Médenine,مدنين,,,TN52,South East,الجنوب الشرقي,,,TN5,Tunisie,,,,TN,2022-11-15,,v01,fr,ar,,,POINT (10.329083764000018 33.384172842)
4,Oum Ettameur Est,أم التمر الشرقية,,,10.39708003,33.40457512,Oum Ettameur Est,أم التمر الشرقية,,,TN525157,Médenine Nord,مدنين الشمالية,,,TN5251,Médenine,مدنين,,,TN52,South East,الجنوب الشرقي,,,TN5,Tunisie,,,,TN,2022-11-15,,v01,fr,ar,,,POINT (10.397080030999973 33.40457512099999)
4,Koutine,كوتين,,,10.33096069,33.46054652,Koutine,كوتين,,,TN525158,Médenine Nord,مدنين الشمالية,,,TN5251,Médenine,مدنين,,,TN52,South East,الجنوب الشرقي,,,TN5,Tunisie,,,,TN,2022-11-15,,v01,fr,ar,,,POINT (10.330960693000009 33.46054651899999)
4,Mednine Sud,مدنين الجنوبية,,,10.50024337,33.32965469,Mednine Sud,مدنين الجنوبية,,,TN525251,Médenine Sud,مدنين الجنوبية,,,TN5252,Médenine,مدنين,,,TN52,South East,الجنوب الشرقي,,,TN5,Tunisie,,,,TN,2022-11-15,,v01,fr,ar,,,POINT (10.500243373999979 33.32965469099997)
4,Mednine Est,مدنين الشرقية,,,10.51518168,33.35636325,Mednine Est,مدنين الشرقية,,,TN525252,Médenine Sud,مدنين الجنوبية,,,TN5252,Médenine,مدنين,,,TN52,South East,الجنوب الشرقي,,,TN5,Tunisie,,,,TN,2022-11-15,,v01,fr,ar,,,POINT (10.515181676999987 33.356363251000005)
4,El Labba,اللبة,,,10.51038898,33.28169639,El Labba,اللبة,,,TN525253,Médenine Sud,مدنين الجنوبية,,,TN5252,Médenine,مدنين,,,TN52,South East,الجنوب الشرقي,,,TN5,Tunisie,,,,TN,2022-11-15,,v01,fr,ar,,,POINT (10.510388976999991 33.28169638700001)
4,Hessi Amor,حسي عمر,,,10.57673324,33.30404296,Hessi Amor,حسي عمر,,,TN525254,Médenine Sud,مدنين الجنوبية,,,TN5252,Médenine,مدنين,,,TN52,South East,الجنوب الشرقي,,,TN5,Tunisie,,,,TN,2022-11-15,,v01,fr,ar,,,POINT (10.576733236999985 33.30404296299997)
4,Oued Esseder,وادي السدر,,,10.65331246,33.27494152,Oued Esseder,وادي السدر,,,TN525255,Médenine Sud,مدنين الجنوبية,,,TN5252,Médenine,مدنين,,,TN52,South East,الجنوب الشرقي,,,TN5,Tunisie,,,,TN,2022-11-15,,v01,fr,ar,,,POINT (10.653312459999995 33.27494151600001)
4,Hessi Mednine,حسي مدنين,,,10.62698549,33.43722551,Hessi Mednine,حسي مدنين,,,TN525256,Médenine Sud,مدنين الجنوبية,,,TN5252,Médenine,مدنين,,,TN52,South East,الجنوب الشرقي,,,TN5,Tunisie,,,,TN,2022-11-15,,v01,fr,ar,,,POINT (10.626985492000017 33.43722551000002)
4,Darghoulia,الدرغولية,,,10.6695622,33.42294173,Darghoulia,الدرغولية,,,TN525257,Médenine Sud,مدنين الجنوبية,,,TN5252,Médenine,مدنين,,,TN52,South East,الجنوب الشرقي,,,TN5,Tunisie,,,,TN,2022-11-15,,v01,fr,ar,,,POINT (10.669562196000015 33.42294173200003)
4,Souitir,السويطير,,,10.7249402,33.39643799,Souitir,السويطير,,,TN525258,Médenine Sud,مدنين الجنوبية,,,TN5252,Médenine,مدنين,,,TN52,South East,الجنوب الشرقي,,,TN5,Tunisie,,,,TN,2022-11-15,,v01,fr,ar,,,POINT (10.724940202000028 33.39643798899999)
4,Nouvelle Amra,عمر الجديدة,,,10.61641787,33.45548327,Nouvelle Amra,عمر الجديدة,,,TN525259,Médenine Sud,مدنين الجنوبية,,,TN5252,Médenine,مدنين,,,TN52,South East,الجنوب الشرقي,,,TN5,Tunisie,,,,TN,2022-11-15,,v01,fr,ar,,,POINT (10.61641787100001 33.45548326800002)
4,Bou-Ghrara,بوغرارة,,,10.66236189,33.56579964,Bou-Ghrara,بوغرارة,,,TN525260,Médenine Sud,مدنين الجنوبية,,,TN5252,Médenine,مدنين,,,TN52,South East,الجنوب الشرقي,,,TN5,Tunisie,,,,TN,2022-11-15,,v01,fr,ar,,,POINT (10.662361885999985 33.56579964000002)
4,Beni-Khedech,بني خداش,,,10.20051238,33.25281527,Beni-Khedech,بني خداش,,,TN525351,Beni Khedache,بني خداش,,,TN5253,Médenine,مدنين,,,TN52,South East,الجنوب الشرقي,,,TN5,Tunisie,,,,TN,2022-11-15,,v01,fr,ar,,,POINT (10.200512383999978 33.25281527300001)
4,Rahala,رحالة,,,10.26412368,33.23670568,Rahala,رحالة,,,TN525352,Beni Khedache,بني خداش,,,TN5253,Médenine,مدنين,,,TN52,South East,الجنوب الشرقي,,,TN5,Tunisie,,,,TN,2022-11-15,,v01,fr,ar,,,POINT (10.264123685000015 33.236705674999996)
4,Eddekhila,الدخيلة,,,10.34046032,33.26320095,Eddekhila,الدخيلة,,,TN525353,Beni Khedache,بني خداش,,,TN5253,Médenine,مدنين,,,TN52,South East,الجنوب الشرقي,,,TN5,Tunisie,,,,TN,2022-11-15,,v01,fr,ar,,,POINT (10.340460318999988 33.26320095300002)
4,Ouarjijene,ورجيجن,,,10.38841433,33.21798765,Ouarjijene,ورجيجن,,,TN525354,Beni Khedache,بني خداش,,,TN5253,Médenine,مدنين,,,TN52,South East,الجنوب الشرقي,,,TN5,Tunisie,,,,TN,2022-11-15,,v01,fr,ar,,,POINT (10.38841432999999 33.21798765099999)
4,Oued El Khil,وادي الخيل,,,10.28356257,33.19050644,Oued El Khil,وادي الخيل,,,TN525355,Beni Khedache,بني خداش,,,TN5253,Médenine,مدنين,,,TN52,South East,الجنوب الشرقي,,,TN5,Tunisie,,,,TN,2022-11-15,,v01,fr,ar,,,POINT (10.283562570000015 33.19050644499998)
4,Zghaya,الزغاية,,,10.05554085,33.10297834,Zghaya,الزغاية,,,TN525356,Beni Khedache,بني خداش,,,TN5253,Médenine,مدنين,,,TN52,South East,الجنوب الشرقي,,,TN5,Tunisie,,,,TN,2022-11-15,,v01,fr,ar,,,POINT (10.05554085 33.10297834099998)
4,El Benaina,البنية,,,10.16342889,33.17632807,El Benaina,البنية,,,TN525357,Beni Khedache,بني خداش,,,TN5253,Médenine,مدنين,,,TN52,South East,الجنوب الشرقي,,,TN5,Tunisie,,,,TN,2022-11-15,,v01,fr,ar,,,POINT (10.163428892000013 33.17632807199999)
4,El Fejij,الفجيج,,,10.0325666,33.20447672,El Fejij,الفجيج,,,TN525358,Beni Khedache,بني خداش,,,TN5253,Médenine,مدنين,,,TN52,South East,الجنوب الشرقي,,,TN5,Tunisie,,,,TN,2022-11-15,,v01,fr,ar,,,POINT (10.032566597000027 33.20447672400002)
4,El Menzela,المنزلة,,,9.91226957,33.27550015,El Menzela,المنزلة,,,TN525359,Beni Khedache,بني خداش,,,TN5253,Médenine,مدنين,,,TN52,South East,الجنوب الشرقي,,,TN5,Tunisie,,,,TN,2022-11-15,,v01,fr,ar,,,POINT (9.912269568999989 33.275500152000006)
4,Zammour,زمور,,,9.99448181,33.23751176,Zammour,زمور,,,TN525360,Beni Khedache,بني خداش,,,TN5253,Médenine,مدنين,,,TN52,South East,الجنوب الشرقي,,,TN5,Tunisie,,,,TN,2022-11-15,,v01,fr,ar,,,POINT (9.99448180600001 33.23751176500002)
4,El Hamaima,الحميمة,,,10.16705574,33.37215715,El Hamaima,الحميمة,,,TN525361,Beni Khedache,بني خداش,,,TN5253,Médenine,مدنين,,,TN52,South East,الجنوب الشرقي,,,TN5,Tunisie,,,,TN,2022-11-15,,v01,fr,ar,,,POINT (10.167055736000009 33.372157148999975)
4,El Behira,البحيرة,,,10.23488463,33.33130542,El Behira,البحيرة,,,TN525362,Beni Khedache,بني خداش,,,TN5253,Médenine,مدنين,,,TN52,South East,الجنوب الشرقي,,,TN5,Tunisie,,,,TN,2022-11-15,,v01,fr,ar,,,POINT (10.234884625999996 33.331305418)
4,Ksar El Jedid,القصر الجديد,,,10.2821388,33.29717942,Ksar El Jedid,القصر الجديد,,,TN525363,Beni Khedache,بني خداش,,,TN5253,Médenine,مدنين,,,TN52,South East,الجنوب الشرقي,,,TN5,Tunisie,,,,TN,2022-11-15,,v01,fr,ar,,,POINT (10.282138796000027 33.29717942399998)
4,Ben Guerdane Nord,بن قردان الشمالية,,,11.21638985,33.14358243,Ben Guerdane Nord,بن قردان الشمالية,,,TN525451,Ben Guerdane,بنقردان,,,TN5254,Médenine,مدنين,,,TN52,South East,الجنوب الشرقي,,,TN5,Tunisie,,,,TN,2022-11-15,,v01,fr,ar,,,POINT (11.216389853999999 33.14358243100003)
4,Ben Guerdane Sud,بن قردان الجنوبية,,,11.22454114,33.13743342,Ben Guerdane Sud,بن قردان الجنوبية,,,TN525452,Ben Guerdane,بنقردان,,,TN5254,Médenine,مدنين,,,TN52,South East,الجنوب الشرقي,,,TN5,Tunisie,,,,TN,2022-11-15,,v01,fr,ar,,,POINT (11.224541138000006 33.137433423999994)
4,Essayah,الصياح,,,11.24335453,33.20290714,Essayah,الصياح,,,TN525453,Ben Guerdane,بنقردان,,,TN5254,Médenine,مدنين,,,TN52,South East,الجنوب الشرقي,,,TN5,Tunisie,,,,TN,2022-11-15,,v01,fr,ar,,,POINT (11.243354533000002 33.202907143999994)
4,Jamila,جميلة,,,11.44108369,32.96104211,Jamila,جميلة,,,TN525454,Ben Guerdane,بنقردان,,,TN5254,Médenine,مدنين,,,TN52,South East,الجنوب الشرقي,,,TN5,Tunisie,,,,TN,2022-11-15,,v01,fr,ar,,,POINT (11.441083687999992 32.961042109999994)
4,El Maamerat,المعمرات,,,11.36817733,32.69894519,El Maamerat,المعمرات,,,TN525455,Ben Guerdane,بنقردان,,,TN5254,Médenine,مدنين,,,TN52,South East,الجنوب الشرقي,,,TN5,Tunisie,,,,TN,2022-11-15,,v01,fr,ar,,,POINT (11.36817732999998 32.698945192)
4,El Amria,العامرية,,,11.18185985,32.75236572,El Amria,العامرية,,,TN525456,Ben Guerdane,بنقردان,,,TN5254,Médenine,مدنين,,,TN52,South East,الجنوب الشرقي,,,TN5,Tunisie,,,,TN,2022-11-15,,v01,fr,ar,,,POINT (11.181859852999992 32.75236572199998)
4,Ettabai,الطابعي,,,11.082547,33.0207411,Ettabai,الطابعي,,,TN525457,Ben Guerdane,بنقردان,,,TN5254,Médenine,مدنين,,,TN52,South East,الجنوب الشرقي,,,TN5,Tunisie,,,,TN,2022-11-15,,v01,fr,ar,,,POINT (11.082546998999987 33.02074109900002)
4,Ourasnia,الوراسنية,,,11.05083444,33.2015607,Ourasnia,الوراسنية,,,TN525458,Ben Guerdane,بنقردان,,,TN5254,Médenine,مدنين,,,TN52,South East,الجنوب الشرقي,,,TN5,Tunisie,,,,TN,2022-11-15,,v01,fr,ar,,,POINT (11.050834435000013 33.201560701000005)
4,Jallel,جلال,,,11.049752,33.12257432,Jallel,جلال,,,TN525459,Ben Guerdane,بنقردان,,,TN5254,Médenine,مدنين,,,TN52,South East,الجنوب الشرقي,,,TN5,Tunisie,,,,TN,2022-11-15,,v01,fr,ar,,,POINT (11.049751995000008 33.122574316)
4,Neffatia,النفاتية,,,10.91378552,33.20541953,Neffatia,النفاتية,,,TN525460,Ben Guerdane,بنقردان,,,TN5254,Médenine,مدنين,,,TN52,South East,الجنوب الشرقي,,,TN5,Tunisie,,,,TN,2022-11-15,,v01,fr,ar,,,POINT (10.913785514999972 33.20541953200001)
4,Chahbania,الشهبانية,,,10.75533808,33.23503161,Chahbania,الشهبانية,,,TN525461,Ben Guerdane,بنقردان,,,TN5254,Médenine,مدنين,,,TN52,South East,الجنوب الشرقي,,,TN5,Tunisie,,,,TN,2022-11-15,,v01,fr,ar,,,POINT (10.755338075999987 33.235031608999975)
4,Chareb Errajel,شارب الراجل,,,11.11477076,33.23604296,Chareb Errajel,شارب الراجل,,,TN525462,Ben Guerdane,بنقردان,,,TN5254,Médenine,مدنين,,,TN52,South East,الجنوب الشرقي,,,TN5,Tunisie,,,,TN,2022-11-15,,v01,fr,ar,,,POINT (11.114770755999984 33.23604296299999)
4,Zarzis,جرجيس,,,11.08865052,33.43165,Zarzis,جرجيس,,,TN525551,Zarzis,جرجيس,,,TN5255,Médenine,مدنين,,,TN52,South East,الجنوب الشرقي,,,TN5,Tunisie,,,,TN,2022-11-15,,v01,fr,ar,,,POINT (11.088650524000002 33.431649995999976)
4,20 Mars,20مارس,,,11.10129844,33.50853444,20 Mars,20مارس,,,TN525552,Zarzis,جرجيس,,,TN5255,Médenine,مدنين,,,TN52,South East,الجنوب الشرقي,,,TN5,Tunisie,,,,TN,2022-11-15,,v01,fr,ar,,,POINT (11.101298444000008 33.508534441999984)
4,Tahar Sfar,الطاهر صفر,,,11.11220753,33.51068109,Tahar Sfar,الطاهر صفر,,,TN525553,Zarzis,جرجيس,,,TN5255,Médenine,مدنين,,,TN52,South East,الجنوب الشرقي,,,TN5,Tunisie,,,,TN,2022-11-15,,v01,fr,ar,,,POINT (11.112207532000014 33.51068109300002)
4,Ejdaria,الجدارية,,,11.14530925,33.32361675,Ejdaria,الجدارية,,,TN525554,Zarzis,جرجيس,,,TN5255,Médenine,مدنين,,,TN52,South East,الجنوب الشرقي,,,TN5,Tunisie,,,,TN,2022-11-15,,v01,fr,ar,,,POINT (11.145309248999979 33.323616754)
4,El Bassatine,البساتين,,,11.09131885,33.52837953,El Bassatine,البساتين,,,TN525555,Zarzis,جرجيس,,,TN5255,Médenine,مدنين,,,TN52,South East,الجنوب الشرقي,,,TN5,Tunisie,,,,TN,2022-11-15,,v01,fr,ar,,,POINT (11.091318853000018 33.52837952499999)
4,Essouihel,السويحل,,,11.10101526,33.53857879,Essouihel,السويحل,,,TN525556,Zarzis,جرجيس,,,TN5255,Médenine,مدنين,,,TN52,South East,الجنوب الشرقي,,,TN5,Tunisie,,,,TN,2022-11-15,,v01,fr,ar,,,POINT (11.101015259000008 33.53857879499998)
4,Oued Ettieb,واد التياب,,,11.05020097,33.52805398,Oued Ettieb,واد التياب,,,TN525557,Zarzis,جرجيس,,,TN5255,Médenine,مدنين,,,TN52,South East,الجنوب الشرقي,,,TN5,Tunisie,,,,TN,2022-11-15,,v01,fr,ar,,,POINT (11.050200969999992 33.528053976000024)
4,Hassi El Jerbi,حسي الجربي,,,11.02741083,33.61637384,Hassi El Jerbi,حسي الجربي,,,TN525558,Zarzis,جرجيس,,,TN5255,Médenine,مدنين,,,TN52,South East,الجنوب الشرقي,,,TN5,Tunisie,,,,TN,2022-11-15,,v01,fr,ar,,,POINT (11.027410830999997 33.61637384199997)
4,Khaoui El Ghedir,خوي الغدير,,,10.99886305,33.524292,Khaoui El Ghedir,خوي الغدير,,,TN525559,Zarzis,جرجيس,,,TN5255,Médenine,مدنين,,,TN52,South East,الجنوب الشرقي,,,TN5,Tunisie,,,,TN,2022-11-15,,v01,fr,ar,,,POINT (10.998863046999986 33.52429200400002)
4,Hamadi,حمادي,,,11.08327167,33.49457945,Hamadi,حمادي,,,TN525560,Zarzis,جرجيس,,,TN5255,Médenine,مدنين,,,TN52,South East,الجنوب الشرقي,,,TN5,Tunisie,,,,TN,2022-11-15,,v01,fr,ar,,,POINT (11.083271664999984 33.494579448000025)
4,Hichem E L Hamadi,هشام الحمادي,,,10.96690423,33.45435195,Hichem E L Hamadi,هشام الحمادي,,,TN525561,Zarzis,جرجيس,,,TN5255,Médenine,مدنين,,,TN52,South East,الجنوب الشرقي,,,TN5,Tunisie,,,,TN,2022-11-15,,v01,fr,ar,,,POINT (10.966904225000008 33.454351954)
4,El Ghorabet,الغرابات,,,10.82958188,33.40824916,El Ghorabet,الغرابات,,,TN525562,Zarzis,جرجيس,,,TN5255,Médenine,مدنين,,,TN52,South East,الجنوب الشرقي,,,TN5,Tunisie,,,,TN,2022-11-15,,v01,fr,ar,,,POINT (10.82958187700001 33.408249160000025)
4,El Grebis,القريبيس,,,10.96446955,33.54495649,El Grebis,القريبيس,,,TN525563,Zarzis,جرجيس,,,TN5255,Médenine,مدنين,,,TN52,South East,الجنوب الشرقي,,,TN5,Tunisie,,,,TN,2022-11-15,,v01,fr,ar,,,POINT (10.96446955099998 33.54495649099999)
4,Hamadi Boutoufaha,حمادي بو تفاحة,,,11.00628863,33.3925932,Hamadi Boutoufaha,حمادي بو تفاحة,,,TN525564,Zarzis,جرجيس,,,TN5255,Médenine,مدنين,,,TN52,South East,الجنوب الشرقي,,,TN5,Tunisie,,,,TN,2022-11-15,,v01,fr,ar,,,POINT (11.006288631000018 33.39259320299999)
4,El Ogla,العقلة,,,11.07416635,33.55990268,El Ogla,العقلة,,,TN525565,Zarzis,جرجيس,,,TN5255,Médenine,مدنين,,,TN52,South East,الجنوب الشرقي,,,TN5,Tunisie,,,,TN,2022-11-15,,v01,fr,ar,,,POINT (11.074166349999985 33.55990267999999)
4,Chammakh,شماخ,,,11.00261071,33.58528384,Chammakh,شماخ,,,TN525566,Zarzis,جرجيس,,,TN5255,Médenine,مدنين,,,TN52,South East,الجنوب الشرقي,,,TN5,Tunisie,,,,TN,2022-11-15,,v01,fr,ar,,,POINT (11.002610710999988 33.585283839)
4,Taourit,طاوريت,,,10.86438431,33.87839693,Taourit,طاوريت,,,TN525651,Houmt Souk,جربة حومة السوق,,,TN5256,Médenine,مدنين,,,TN52,South East,الجنوب الشرقي,,,TN5,Tunisie,,,,TN,2022-11-15,,v01,fr,ar,,,POINT (10.864384309000002 33.878396932999976)
4,Bou Melel,بوملال,,,10.8335028,33.88304152,Bou Melel,بوملال,,,TN525652,Houmt Souk,جربة حومة السوق,,,TN5256,Médenine,مدنين,,,TN52,South East,الجنوب الشرقي,,,TN5,Tunisie,,,,TN,2022-11-15,,v01,fr,ar,,,POINT (10.833502802999988 33.883041521999985)
4,El Jouamaa,الجوامع,,,10.84984706,33.86896305,El Jouamaa,الجوامع,,,TN525653,Houmt Souk,جربة حومة السوق,,,TN5256,Médenine,مدنين,,,TN52,South East,الجنوب الشرقي,,,TN5,Tunisie,,,,TN,2022-11-15,,v01,fr,ar,,,POINT (10.849847065000006 33.868963052000026)
4,Fatou,فاطو,,,10.88430163,33.86642269,Fatou,فاطو,,,TN525654,Houmt Souk,جربة حومة السوق,,,TN5256,Médenine,مدنين,,,TN52,South East,الجنوب الشرقي,,,TN5,Tunisie,,,,TN,2022-11-15,,v01,fr,ar,,,POINT (10.884301633000007 33.86642268899999)
4,Mazraia,مزراية,,,10.93187905,33.86890624,Mazraia,مزراية,,,TN525655,Houmt Souk,جربة حومة السوق,,,TN5256,Médenine,مدنين,,,TN52,South East,الجنوب الشرقي,,,TN5,Tunisie,,,,TN,2022-11-15,,v01,fr,ar,,,POINT (10.931879047999985 33.86890624099999)
4,Sedghaiane,صدغيان,,,10.9276286,33.83071845,Sedghaiane,صدغيان,,,TN525656,Houmt Souk,جربة حومة السوق,,,TN5256,Médenine,مدنين,,,TN52,South East,الجنوب الشرقي,,,TN5,Tunisie,,,,TN,2022-11-15,,v01,fr,ar,,,POINT (10.927628604000006 33.83071844699998)
4,Oualeg,والغ,,,10.88877957,33.82990485,Oualeg,والغ,,,TN525657,Houmt Souk,جربة حومة السوق,,,TN5256,Médenine,مدنين,,,TN52,South East,الجنوب الشرقي,,,TN5,Tunisie,,,,TN,2022-11-15,,v01,fr,ar,,,POINT (10.888779564999993 33.829904854999995)
4,Essouani,السواني,,,10.85942397,33.85556621,Essouani,السواني,,,TN525658,Houmt Souk,جربة حومة السوق,,,TN5256,Médenine,مدنين,,,TN52,South East,الجنوب الشرقي,,,TN5,Tunisie,,,,TN,2022-11-15,,v01,fr,ar,,,POINT (10.859423967999987 33.85556621500001)
4,Erriadh,الرياض,,,10.85681694,33.81983528,Erriadh,الرياض,,,TN525659,Houmt Souk,جربة حومة السوق,,,TN5256,Médenine,مدنين,,,TN52,South East,الجنوب الشرقي,,,TN5,Tunisie,,,,TN,2022-11-15,,v01,fr,ar,,,POINT (10.85681693700002 33.819835280999996)
4,El Hachene,الحشان,,,10.80006049,33.84453519,El Hachene,الحشان,,,TN525660,Houmt Souk,جربة حومة السوق,,,TN5256,Médenine,مدنين,,,TN52,South East,الجنوب الشرقي,,,TN5,Tunisie,,,,TN,2022-11-15,,v01,fr,ar,,,POINT (10.80006049100001 33.84453519200002)
4,Mellita,مليتة,,,10.78528218,33.86920745,Mellita,مليتة,,,TN525661,Houmt Souk,جربة حومة السوق,,,TN5256,Médenine,مدنين,,,TN52,South East,الجنوب الشرقي,,,TN5,Tunisie,,,,TN,2022-11-15,,v01,fr,ar,,,POINT (10.785282185000028 33.86920744700001)
4,Midoun,ميدون,,,11.00697708,33.82465762,Midoun,ميدون,,,TN525751,Djerba Midoun,جربة ميدون,,,TN5257,Médenine,مدنين,,,TN52,South East,الجنوب الشرقي,,,TN5,Tunisie,,,,TN,2022-11-15,,v01,fr,ar,,,POINT (11.006977082999981 33.82465762099997)
4,Arkou,اركو,,,11.02943004,33.78410262,Arkou,اركو,,,TN525752,Djerba Midoun,جربة ميدون,,,TN5257,Médenine,مدنين,,,TN52,South East,الجنوب الشرقي,,,TN5,Tunisie,,,,TN,2022-11-15,,v01,fr,ar,,,POINT (11.029430037999987 33.78410262400001)
4,El Mahboubine,المحبوبين,,,10.96886782,33.79310125,El Mahboubine,المحبوبين,,,TN525753,Djerba Midoun,جربة ميدون,,,TN5257,Médenine,مدنين,,,TN52,South East,الجنوب الشرقي,,,TN5,Tunisie,,,,TN,2022-11-15,,v01,fr,ar,,,POINT (10.968867823999972 33.79310124599999)
4,Beni Maaguel,بني معقل,,,10.95029893,33.75777991,Beni Maaguel,بني معقل,,,TN525754,Djerba Midoun,جربة ميدون,,,TN5257,Médenine,مدنين,,,TN52,South East,الجنوب الشرقي,,,TN5,Tunisie,,,,TN,2022-11-15,,v01,fr,ar,,,POINT (10.950298927999995 33.757779914000025)
4,Sedouikech,صدويكش,,,10.91547627,33.72716549,Sedouikech,صدويكش,,,TN525755,Djerba Midoun,جربة ميدون,,,TN5257,Médenine,مدنين,,,TN52,South East,الجنوب الشرقي,,,TN5,Tunisie,,,,TN,2022-11-15,,v01,fr,ar,,,POINT (10.91547627 33.727165490000004)
4,El May,الماي,,,10.90185615,33.79056531,El May,الماي,,,TN525756,Djerba Midoun,جربة ميدون,,,TN5257,Médenine,مدنين,,,TN52,South East,الجنوب الشرقي,,,TN5,Tunisie,,,,TN,2022-11-15,,v01,fr,ar,,,POINT (10.901856147999979 33.79056530600002)
4,Robbana,ربانة,,,10.89371336,33.76913897,Robbana,ربانة,,,TN525757,Djerba Midoun,جربة ميدون,,,TN5257,Médenine,مدنين,,,TN52,South East,الجنوب الشرقي,,,TN5,Tunisie,,,,TN,2022-11-15,,v01,fr,ar,,,POINT (10.893713359000003 33.76913896799999)
4,Ajim,اجيم,,,10.76504126,33.71987126,Ajim,اجيم,,,TN525851,Djerba Ajim,جربة أجيم,,,TN5258,Médenine,مدنين,,,TN52,South East,الجنوب الشرقي,,,TN5,Tunisie,,,,TN,2022-11-15,,v01,fr,ar,,,POINT (10.765041261000022 33.719871255999976)
4,El Khenensa,الخنانسة,,,10.79721223,33.74564429,El Khenensa,الخنانسة,,,TN525852,Djerba Ajim,جربة أجيم,,,TN5258,Médenine,مدنين,,,TN52,South East,الجنوب الشرقي,,,TN5,Tunisie,,,,TN,2022-11-15,,v01,fr,ar,,,POINT (10.797212231999993 33.745644287000005)
4,Mezrene,مزران,,,10.75755622,33.76965904,Mezrene,مزران,,,TN525853,Djerba Ajim,جربة أجيم,,,TN5258,Médenine,مدنين,,,TN52,South East,الجنوب الشرقي,,,TN5,Tunisie,,,,TN,2022-11-15,,v01,fr,ar,,,POINT (10.75755621799999 33.769659037999986)
4,Guellala,قلالة,,,10.87086712,33.71294495,Guellala,قلالة,,,TN525854,Djerba Ajim,جربة أجيم,,,TN5258,Médenine,مدنين,,,TN52,South East,الجنوب الشرقي,,,TN5,Tunisie,,,,TN,2022-11-15,,v01,fr,ar,,,POINT (10.87086711500001 33.71294494799997)
4,Oued Ezzebib,وادي الزبيب,,,10.82014507,33.77272385,Oued Ezzebib,وادي الزبيب,,,TN525855,Djerba Ajim,جربة أجيم,,,TN5258,Médenine,مدنين,,,TN52,South East,الجنوب الشرقي,,,TN5,Tunisie,,,,TN,2022-11-15,,v01,fr,ar,,,POINT (10.820145068999977 33.77272385100002)
4,El Groa,القرع,,,10.7996314,33.8100175,El Groa,القرع,,,TN525856,Djerba Ajim,جربة أجيم,,,TN5258,Médenine,مدنين,,,TN52,South East,الجنوب الشرقي,,,TN5,Tunisie,,,,TN,2022-11-15,,v01,fr,ar,,,POINT (10.799631395999995 33.81001749500001)
4,Sidi Makhlouf,سيدي مخلوف,,,10.49193796,33.52009054,Sidi Makhlouf,سيدي مخلوف,,,TN525951,Sidi Makhlouf,سيدي مخلوف,,,TN5259,Médenine,مدنين,,,TN52,South East,الجنوب الشرقي,,,TN5,Tunisie,,,,TN,2022-11-15,,v01,fr,ar,,,POINT (10.49193796100002 33.520090541)
4,El Grine,القرين,,,10.51622262,33.60915636,El Grine,القرين,,,TN525952,Sidi Makhlouf,سيدي مخلوف,,,TN5259,Médenine,مدنين,,,TN52,South East,الجنوب الشرقي,,,TN5,Tunisie,,,,TN,2022-11-15,,v01,fr,ar,,,POINT (10.516222615000004 33.60915635600003)
4,El Maghzaouia,المغزاوية,,,10.60323064,33.62077973,El Maghzaouia,المغزاوية,,,TN525953,Sidi Makhlouf,سيدي مخلوف,,,TN5259,Médenine,مدنين,,,TN52,South East,الجنوب الشرقي,,,TN5,Tunisie,,,,TN,2022-11-15,,v01,fr,ar,,,POINT (10.603230642000028 33.620779733999996)
4,El Jourf,الجرف,,,10.68591068,33.65543075,El Jourf,الجرف,,,TN525954,Sidi Makhlouf,سيدي مخلوف,,,TN5259,Médenine,مدنين,,,TN52,South East,الجنوب الشرقي,,,TN5,Tunisie,,,,TN,2022-11-15,,v01,fr,ar,,,POINT (10.685910678000027 33.65543075099998)
4,Bedoui,بدوي,,,10.54944594,33.51700138,Bedoui,بدوي,,,TN525955,Sidi Makhlouf,سيدي مخلوف,,,TN5259,Médenine,مدنين,,,TN52,South East,الجنوب الشرقي,,,TN5,Tunisie,,,,TN,2022-11-15,,v01,fr,ar,,,POINT (10.549445944000013 33.517001385000015)
4,Amra,عمرة,,,10.53677009,33.4340416,Amra,عمرة,,,TN525956,Sidi Makhlouf,سيدي مخلوف,,,TN5259,Médenine,مدنين,,,TN52,South East,الجنوب الشرقي,,,TN5,Tunisie,,,,TN,2022-11-15,,v01,fr,ar,,,POINT (10.53677008699998 33.434041604000015)
4,Er Ragouba Est,الراقوبة الشرقية,,,10.43939935,33.47040739,Er Ragouba Est,الراقوبة الشرقية,,,TN525957,Sidi Makhlouf,سيدي مخلوف,,,TN5259,Médenine,مدنين,,,TN52,South East,الجنوب الشرقي,,,TN5,Tunisie,,,,TN,2022-11-15,,v01,fr,ar,,,POINT (10.439399352999999 33.47040738999999)
4,Er Ragouba Ouest,الراقوبة الغربية,,,10.37792815,33.48507428,Er Ragouba Ouest,الراقوبة الغربية,,,TN525958,Sidi Makhlouf,سيدي مخلوف,,,TN5259,Médenine,مدنين,,,TN52,South East,الجنوب الشرقي,,,TN5,Tunisie,,,,TN,2022-11-15,,v01,fr,ar,,,POINT (10.377928145999988 33.485074277000024)
4,El Ghabai,الغباي,,,10.46990169,33.43157761,El Ghabai,الغباي,,,TN525959,Sidi Makhlouf,سيدي مخلوف,,,TN5259,Médenine,مدنين,,,TN52,South East,الجنوب الشرقي,,,TN5,Tunisie,,,,TN,2022-11-15,,v01,fr,ar,,,POINT (10.469901691000018 33.43157760999998)
4,El Gosba,القصبة,,,10.40912324,33.5679799,El Gosba,القصبة,,,TN525960,Sidi Makhlouf,سيدي مخلوف,,,TN5259,Médenine,مدنين,,,TN52,South East,الجنوب الشرقي,,,TN5,Tunisie,,,,TN,2022-11-15,,v01,fr,ar,,,POINT (10.409123238000006 33.56797989900002)
4,Darjaoua,الدرجاوة,,,10.46285746,33.54292189,Darjaoua,الدرجاوة,,,TN525961,Sidi Makhlouf,سيدي مخلوف,,,TN5259,Médenine,مدنين,,,TN52,South East,الجنوب الشرقي,,,TN5,Tunisie,,,,TN,2022-11-15,,v01,fr,ar,,,POINT (10.462857465000013 33.54292189300003)
4,En-Nozha,النزهة,,,10.45340986,32.93537267,En-Nozha,النزهة,,,TN535151,Tataouine Nord,تطاوين الشمالية,,,TN5351,Tataouine,تطاوين,,,TN53,South East,الجنوب الشرقي,,,TN5,Tunisie,,,,TN,2022-11-15,,v01,fr,ar,,,POINT (10.453409856000007 32.93537267400001)
4,Ettadhamen,التضامن,,,10.45896673,32.9245452,Ettadhamen,التضامن,,,TN535152,Tataouine Nord,تطاوين الشمالية,,,TN5351,Tataouine,تطاوين,,,TN53,South East,الجنوب الشرقي,,,TN5,Tunisie,,,,TN,2022-11-15,,v01,fr,ar,,,POINT (10.458966730999975 32.92454520000001)
4,En-Nasr,النصر,,,10.45906727,32.93669775,En-Nasr,النصر,,,TN535153,Tataouine Nord,تطاوين الشمالية,,,TN5351,Tataouine,تطاوين,,,TN53,South East,الجنوب الشرقي,,,TN5,Tunisie,,,,TN,2022-11-15,,v01,fr,ar,,,POINT (10.459067267000023 32.93669774599999)
4,Oued El Gemah,وادي القمح,,,10.46482121,32.92402215,Oued El Gemah,وادي القمح,,,TN535154,Tataouine Nord,تطاوين الشمالية,,,TN5351,Tataouine,تطاوين,,,TN53,South East,الجنوب الشرقي,,,TN5,Tunisie,,,,TN,2022-11-15,,v01,fr,ar,,,POINT (10.464821207 32.924022148000006)
4,Berourmet,برورمت,,,10.45980525,32.96661993,Berourmet,برورمت,,,TN535155,Tataouine Nord,تطاوين الشمالية,,,TN5351,Tataouine,تطاوين,,,TN53,South East,الجنوب الشرقي,,,TN5,Tunisie,,,,TN,2022-11-15,,v01,fr,ar,,,POINT (10.45980524800001 32.96661993399999)
4,Telelt,تلالت,,,10.40651404,32.98098878,Telelt,تلالت,,,TN535156,Tataouine Nord,تطاوين الشمالية,,,TN5351,Tataouine,تطاوين,,,TN53,South East,الجنوب الشرقي,,,TN5,Tunisie,,,,TN,2022-11-15,,v01,fr,ar,,,POINT (10.406514043000016 32.98098878100001)
4,Oued El Ghar,وادي الغار,,,10.5488318,33.00528728,Oued El Ghar,وادي الغار,,,TN535157,Tataouine Nord,تطاوين الشمالية,,,TN5351,Tataouine,تطاوين,,,TN53,South East,الجنوب الشرقي,,,TN5,Tunisie,,,,TN,2022-11-15,,v01,fr,ar,,,POINT (10.548831801000006 33.005287279000015)
4,El Maouna,المعونة,,,10.66863105,33.03898843,El Maouna,المعونة,,,TN535158,Tataouine Nord,تطاوين الشمالية,,,TN5351,Tataouine,تطاوين,,,TN53,South East,الجنوب الشرقي,,,TN5,Tunisie,,,,TN,2022-11-15,,v01,fr,ar,,,POINT (10.668631054999992 33.03898843100001)
4,Ezzahra,الزهراء,,,10.81642471,32.57206717,Ezzahra,الزهراء,,,TN535159,Tataouine Nord,تطاوين الشمالية,,,TN5351,Tataouine,تطاوين,,,TN53,South East,الجنوب الشرقي,,,TN5,Tunisie,,,,TN,2022-11-15,,v01,fr,ar,,,POINT (10.816424711000025 32.57206717399998)
4,Gattoufa,قطوفة,,,10.54710092,32.93576115,Gattoufa,قطوفة,,,TN535160,Tataouine Nord,تطاوين الشمالية,,,TN5351,Tataouine,تطاوين,,,TN53,South East,الجنوب الشرقي,,,TN5,Tunisie,,,,TN,2022-11-15,,v01,fr,ar,,,POINT (10.547100917000023 32.935761152)
4,Khetma,جاتمة,,,10.60909358,32.88225719,Khetma,جاتمة,,,TN535161,Tataouine Nord,تطاوين الشمالية,,,TN5351,Tataouine,تطاوين,,,TN53,South East,الجنوب الشرقي,,,TN5,Tunisie,,,,TN,2022-11-15,,v01,fr,ar,,,POINT (10.609093581000025 32.88225718699999)
4,Essaada,السعادة,,,10.72673807,32.89104603,Essaada,السعادة,,,TN535162,Tataouine Nord,تطاوين الشمالية,,,TN5351,Tataouine,تطاوين,,,TN53,South East,الجنوب الشرقي,,,TN5,Tunisie,,,,TN,2022-11-15,,v01,fr,ar,,,POINT (10.726738069000021 32.891046029999984)
4,El Galaa Est,القلعة الشرقية,,,10.60058678,32.65654891,El Galaa Est,القلعة الشرقية,,,TN535163,Tataouine Nord,تطاوين الشمالية,,,TN5351,Tataouine,تطاوين,,,TN53,South East,الجنوب الشرقي,,,TN5,Tunisie,,,,TN,2022-11-15,,v01,fr,ar,,,POINT (10.600586779000025 32.656548912999995)
4,El Galaa Ouest,القلعة الغربية,,,10.47587594,32.65654891,El Galaa Ouest,القلعة الغربية,,,TN535164,Tataouine Nord,تطاوين الشمالية,,,TN5351,Tataouine,تطاوين,,,TN53,South East,الجنوب الشرقي,,,TN5,Tunisie,,,,TN,2022-11-15,,v01,fr,ar,,,POINT (10.475875934999976 32.656548912999995)
4,Beni Belal,بني بلال,,,10.62765104,32.92878222,Beni Belal,بني بلال,,,TN535165,Tataouine Nord,تطاوين الشمالية,,,TN5351,Tataouine,تطاوين,,,TN53,South East,الجنوب الشرقي,,,TN5,Tunisie,,,,TN,2022-11-15,,v01,fr,ar,,,POINT (10.627651043000014 32.92878221799998)
4,Tataouine Ville,تطاوين المدينة,,,10.45004011,32.93478167,Tataouine Ville,تطاوين المدينة,,,TN535251,Tataouine Sud,تطاوين الجنوبية,,,TN5352,Tataouine,تطاوين,,,TN53,South East,الجنوب الشرقي,,,TN5,Tunisie,,,,TN,2022-11-15,,v01,fr,ar,,,POINT (10.450040113 32.93478166699998)
4,Tataouine Superieure,تطاوين العليا,,,10.44054972,32.91926142,Tataouine Superieure,تطاوين العليا,,,TN535252,Tataouine Sud,تطاوين الجنوبية,,,TN5352,Tataouine,تطاوين,,,TN53,South East,الجنوب الشرقي,,,TN5,Tunisie,,,,TN,2022-11-15,,v01,fr,ar,,,POINT (10.440549723000004 32.91926141699997)
4,El Maztouria Sud,المزطورية الجنوبية,,,10.47925919,32.84054766,El Maztouria Sud,المزطورية الجنوبية,,,TN535253,Tataouine Sud,تطاوين الجنوبية,,,TN5352,Tataouine,تطاوين,,,TN53,South East,الجنوب الشرقي,,,TN5,Tunisie,,,,TN,2022-11-15,,v01,fr,ar,,,POINT (10.479259187000025 32.840547662999995)
4,El Maztouria Nord,المزطورية الشمالية,,,10.47005194,32.86661292,El Maztouria Nord,المزطورية الشمالية,,,TN535254,Tataouine Sud,تطاوين الجنوبية,,,TN5352,Tataouine,تطاوين,,,TN53,South East,الجنوب الشرقي,,,TN5,Tunisie,,,,TN,2022-11-15,,v01,fr,ar,,,POINT (10.470051945000023 32.86661291799999)
4,Gharghar,غرغار,,,10.43986174,32.91525992,Gharghar,غرغار,,,TN535255,Tataouine Sud,تطاوين الجنوبية,,,TN5352,Tataouine,تطاوين,,,TN53,South East,الجنوب الشرقي,,,TN5,Tunisie,,,,TN,2022-11-15,,v01,fr,ar,,,POINT (10.439861742000005 32.915259916000025)
4,Cite El Barr,حي البر,,,10.43097866,32.91861168,Cite El Barr,حي البر,,,TN535256,Tataouine Sud,تطاوين الجنوبية,,,TN5352,Tataouine,تطاوين,,,TN53,South East,الجنوب الشرقي,,,TN5,Tunisie,,,,TN,2022-11-15,,v01,fr,ar,,,POINT (10.430978664999998 32.91861167899998)
4,Ksar El Moukabala,قصر المقابلة,,,10.42953146,32.92490371,Ksar El Moukabala,قصر المقابلة,,,TN535257,Tataouine Sud,تطاوين الجنوبية,,,TN5352,Tataouine,تطاوين,,,TN53,South East,الجنوب الشرقي,,,TN5,Tunisie,,,,TN,2022-11-15,,v01,fr,ar,,,POINT (10.429531463999979 32.92490371399998)
4,Nouvelle Chnini,شنني الجديدة,,,10.00931559,32.91133172,Nouvelle Chnini,شنني الجديدة,,,TN535258,Tataouine Sud,تطاوين الجنوبية,,,TN5352,Tataouine,تطاوين,,,TN53,South East,الجنوب الشرقي,,,TN5,Tunisie,,,,TN,2022-11-15,,v01,fr,ar,,,POINT (10.009315588999982 32.911331718999975)
4,Chenini,شنني,,,10.18910648,32.93878322,Chenini,شنني,,,TN535259,Tataouine Sud,تطاوين الجنوبية,,,TN5352,Tataouine,تطاوين,,,TN53,South East,الجنوب الشرقي,,,TN5,Tunisie,,,,TN,2022-11-15,,v01,fr,ar,,,POINT (10.189106478999975 32.938783221999984)
4,Eddouiret,الدويرات,,,10.08304709,32.81155395,Eddouiret,الدويرات,,,TN535260,Tataouine Sud,تطاوين الجنوبية,,,TN5352,Tataouine,تطاوين,,,TN53,South East,الجنوب الشرقي,,,TN5,Tunisie,,,,TN,2022-11-15,,v01,fr,ar,,,POINT (10.083047087000011 32.81155395000002)
4,El Mesreb,المسرب,,,10.38501226,32.87194559,El Mesreb,المسرب,,,TN535261,Tataouine Sud,تطاوين الجنوبية,,,TN5352,Tataouine,تطاوين,,,TN53,South East,الجنوب الشرقي,,,TN5,Tunisie,,,,TN,2022-11-15,,v01,fr,ar,,,POINT (10.385012265 32.871945595)
4,Erroghba,الرقبة,,,10.42128371,32.90259967,Erroghba,الرقبة,,,TN535262,Tataouine Sud,تطاوين الجنوبية,,,TN5352,Tataouine,تطاوين,,,TN53,South East,الجنوب الشرقي,,,TN5,Tunisie,,,,TN,2022-11-15,,v01,fr,ar,,,POINT (10.421283705999997 32.902599674999976)
4,Ras El Ouedi,رأس الوادي,,,10.09957719,32.71451579,Ras El Ouedi,رأس الوادي,,,TN535263,Tataouine Sud,تطاوين الجنوبية,,,TN5352,Tataouine,تطاوين,,,TN53,South East,الجنوب الشرقي,,,TN5,Tunisie,,,,TN,2022-11-15,,v01,fr,ar,,,POINT (10.099577185999976 32.71451578699998)
4,Bir Thalathine,بئر الثلاثين,,,10.3461965,32.69199644,Bir Thalathine,بئر الثلاثين,,,TN535264,Tataouine Sud,تطاوين الجنوبية,,,TN5352,Tataouine,تطاوين,,,TN53,South East,الجنوب الشرقي,,,TN5,Tunisie,,,,TN,2022-11-15,,v01,fr,ar,,,POINT (10.346196497999983 32.691996440000025)
4,Beni Barka-Tounket,بني بركة - تونكت,,,10.4730097,32.89448292,Beni Barka-Tounket,بني بركة - تونكت,,,TN535265,Tataouine Sud,تطاوين الجنوبية,,,TN5352,Tataouine,تطاوين,,,TN53,South East,الجنوب الشرقي,,,TN5,Tunisie,,,,TN,2022-11-15,,v01,fr,ar,,,POINT (10.473009703999992 32.894482916000015)
4,Kerchaou,كرشاو,,,10.77388057,33.03991319,Kerchaou,كرشاو,,,TN535351,Samar,الصمار,,,TN5353,Tataouine,تطاوين,,,TN53,South East,الجنوب الشرقي,,,TN5,Tunisie,,,,TN,2022-11-15,,v01,fr,ar,,,POINT (10.773880575000021 33.03991318999999)
4,Smar,الصمار,,,10.90958918,33.03141364,Smar,الصمار,,,TN535352,Samar,الصمار,,,TN5353,Tataouine,تطاوين,,,TN53,South East,الجنوب الشرقي,,,TN5,Tunisie,,,,TN,2022-11-15,,v01,fr,ar,,,POINT (10.90958918299998 33.03141364200002)
4,El Ghariani,الغر ياني,,,10.95229102,32.97193094,El Ghariani,الغر ياني,,,TN535353,Samar,الصمار,,,TN5353,Tataouine,تطاوين,,,TN53,South East,الجنوب الشرقي,,,TN5,Tunisie,,,,TN,2022-11-15,,v01,fr,ar,,,POINT (10.952291016000004 32.97193094400001)
4,Errahech,الرهاش,,,10.95330051,32.91794827,Errahech,الرهاش,,,TN535354,Samar,الصمار,,,TN5353,Tataouine,تطاوين,,,TN53,South East,الجنوب الشرقي,,,TN5,Tunisie,,,,TN,2022-11-15,,v01,fr,ar,,,POINT (10.953300511000009 32.917948271)
4,El Morra,المرة,,,11.10047013,32.60383918,El Morra,المرة,,,TN535355,Samar,الصمار,,,TN5353,Tataouine,تطاوين,,,TN53,South East,الجنوب الشرقي,,,TN5,Tunisie,,,,TN,2022-11-15,,v01,fr,ar,,,POINT (11.100470131000009 32.60383918299999)
4,Ksar Aoun,قصر عون,,,11.04074013,32.62168977,Ksar Aoun,قصر عون,,,TN535356,Samar,الصمار,,,TN5353,Tataouine,تطاوين,,,TN53,South East,الجنوب الشرقي,,,TN5,Tunisie,,,,TN,2022-11-15,,v01,fr,ar,,,POINT (11.040740131999996 32.62168976700002)
4,Ksar Mehira,قصر مهيرة,,,10.96414217,32.59103899,Ksar Mehira,قصر مهيرة,,,TN535357,Samar,الصمار,,,TN5353,Tataouine,تطاوين,,,TN53,South East,الجنوب الشرقي,,,TN5,Tunisie,,,,TN,2022-11-15,,v01,fr,ar,,,POINT (10.964142173000027 32.591038991999994)
4,Beni Mehira Est,بني مهيرة الشرقية,,,10.99085576,32.61334966,Beni Mehira Est,بني مهيرة الشرقية,,,TN535358,Samar,الصمار,,,TN5353,Tataouine,تطاوين,,,TN53,South East,الجنوب الشرقي,,,TN5,Tunisie,,,,TN,2022-11-15,,v01,fr,ar,,,POINT (10.990855763000013 32.61334965499998)
4,Bir Lahmar Est,بئر الاحمر الشرقية,,,10.51425871,33.18008432,Bir Lahmar Est,بئر الاحمر الشرقية,,,TN535451,Bir Lahmar,بئر الأحمر,,,TN5354,Tataouine,تطاوين,,,TN53,South East,الجنوب الشرقي,,,TN5,Tunisie,,,,TN,2022-11-15,,v01,fr,ar,,,POINT (10.514258708 33.18008431800001)
4,Bir Lahmar Ouest,بئر الاحمر الغربية,,,10.40580881,33.18327255,Bir Lahmar Ouest,بئر الاحمر الغربية,,,TN535452,Bir Lahmar,بئر الأحمر,,,TN5354,Tataouine,تطاوين,,,TN53,South East,الجنوب الشرقي,,,TN5,Tunisie,,,,TN,2022-11-15,,v01,fr,ar,,,POINT (10.405808805999982 33.18327254600001)
4,Sened,السند,,,10.38558516,33.15509418,Sened,السند,,,TN535453,Bir Lahmar,بئر الأحمر,,,TN5354,Tataouine,تطاوين,,,TN53,South East,الجنوب الشرقي,,,TN5,Tunisie,,,,TN,2022-11-15,,v01,fr,ar,,,POINT (10.385585160000005 33.15509417599998)
4,El Argoub,العرقوب,,,10.34527718,33.1004106,El Argoub,العرقوب,,,TN535454,Bir Lahmar,بئر الأحمر,,,TN5354,Tataouine,تطاوين,,,TN53,South East,الجنوب الشرقي,,,TN5,Tunisie,,,,TN,2022-11-15,,v01,fr,ar,,,POINT (10.345277177000014 33.100410599999975)
4,Grager,قراقر,,,10.39547374,33.1074888,Grager,قراقر,,,TN535455,Bir Lahmar,بئر الأحمر,,,TN5354,Tataouine,تطاوين,,,TN53,South East,الجنوب الشرقي,,,TN5,Tunisie,,,,TN,2022-11-15,,v01,fr,ar,,,POINT (10.39547373900001 33.10748880199998)
4,El Medina,المدينة,,,10.47745033,33.13258484,El Medina,المدينة,,,TN535456,Bir Lahmar,بئر الأحمر,,,TN5354,Tataouine,تطاوين,,,TN53,South East,الجنوب الشرقي,,,TN5,Tunisie,,,,TN,2022-11-15,,v01,fr,ar,,,POINT (10.477450334000025 33.132584837000024)
4,El Bassatine,البساتين,,,10.47342192,33.20718428,El Bassatine,البساتين,,,TN535457,Bir Lahmar,بئر الأحمر,,,TN5354,Tataouine,تطاوين,,,TN53,South East,الجنوب الشرقي,,,TN5,Tunisie,,,,TN,2022-11-15,,v01,fr,ar,,,POINT (10.473421916000007 33.207184282000014)
4,Ghomrassen,غمراسن,,,10.34765475,33.06154698,Ghomrassen,غمراسن,,,TN535551,Ghomrassen,غمراسن,,,TN5355,Tataouine,تطاوين,,,TN53,South East,الجنوب الشرقي,,,TN5,Tunisie,,,,TN,2022-11-15,,v01,fr,ar,,,POINT (10.347654754000018 33.06154698099999)
4,El Ouaha,الواحة,,,10.33855189,33.05845031,El Ouaha,الواحة,,,TN535552,Ghomrassen,غمراسن,,,TN5355,Tataouine,تطاوين,,,TN53,South East,الجنوب الشرقي,,,TN5,Tunisie,,,,TN,2022-11-15,,v01,fr,ar,,,POINT (10.338551888999973 33.05845031400003)
4,Ezzouhour,الزهور,,,10.33066276,33.0609163,Ezzouhour,الزهور,,,TN535553,Ghomrassen,غمراسن,,,TN5355,Tataouine,تطاوين,,,TN53,South East,الجنوب الشرقي,,,TN5,Tunisie,,,,TN,2022-11-15,,v01,fr,ar,,,POINT (10.330662761999974 33.060916303)
4,El Ghordhab,القرضاب,,,10.51272156,33.09084964,El Ghordhab,القرضاب,,,TN535554,Ghomrassen,غمراسن,,,TN5355,Tataouine,تطاوين,,,TN53,South East,الجنوب الشرقي,,,TN5,Tunisie,,,,TN,2022-11-15,,v01,fr,ar,,,POINT (10.512721562000024 33.09084963999999)
4,El Ferch,الفرش,,,10.31829879,32.97786034,El Ferch,الفرش,,,TN535555,Ghomrassen,غمراسن,,,TN5355,Tataouine,تطاوين,,,TN53,South East,الجنوب الشرقي,,,TN5,Tunisie,,,,TN,2022-11-15,,v01,fr,ar,,,POINT (10.318298789999972 32.97786033900002)
4,Guermassa,قرماسة,,,10.10762135,33.02488044,Guermassa,قرماسة,,,TN535556,Ghomrassen,غمراسن,,,TN5355,Tataouine,تطاوين,,,TN53,South East,الجنوب الشرقي,,,TN5,Tunisie,,,,TN,2022-11-15,,v01,fr,ar,,,POINT (10.10762134800001 33.02488044400002)
4,Ksar El Haddada,قصر الحدادة,,,10.30485179,33.11029195,Ksar El Haddada,قصر الحدادة,,,TN535557,Ghomrassen,غمراسن,,,TN5355,Tataouine,تطاوين,,,TN53,South East,الجنوب الشرقي,,,TN5,Tunisie,,,,TN,2022-11-15,,v01,fr,ar,,,POINT (10.304851787000018 33.110291948)
4,Nouvelle Medina,المدينة الجديدة,,,10.26003415,33.064848,Nouvelle Medina,المدينة الجديدة,,,TN535558,Ghomrassen,غمراسن,,,TN5355,Tataouine,تطاوين,,,TN53,South East,الجنوب الشرقي,,,TN5,Tunisie,,,,TN,2022-11-15,,v01,fr,ar,,,POINT (10.260034146999999 33.06484800300001)
4,Ksar El Mourabitine,قصر المرابطين,,,10.40758805,33.03518468,Ksar El Mourabitine,قصر المرابطين,,,TN535559,Ghomrassen,غمراسن,,,TN5355,Tataouine,تطاوين,,,TN53,South East,الجنوب الشرقي,,,TN5,Tunisie,,,,TN,2022-11-15,,v01,fr,ar,,,POINT (10.407588052999984 33.035184679)
4,Oued El Khil,وادي الخيل,,,10.32648654,33.14901525,Oued El Khil,وادي الخيل,,,TN535560,Ghomrassen,غمراسن,,,TN5355,Tataouine,تطاوين,,,TN53,South East,الجنوب الشرقي,,,TN5,Tunisie,,,,TN,2022-11-15,,v01,fr,ar,,,POINT (10.326486543999977 33.14901524700002)
4,Dhehbia Est,ذهبية الشرقية,,,10.86654674,32.21909034,Dhehbia Est,ذهبية الشرقية,,,TN535651,Dhiba,ذهيبة,,,TN5356,Tataouine,تطاوين,,,TN53,South East,الجنوب الشرقي,,,TN5,Tunisie,,,,TN,2022-11-15,,v01,fr,ar,,,POINT (10.866546744999994 32.219090344999984)
4,Dhehbia Ouest,ذهبية الغربية,,,10.31911849,31.813335,Dhehbia Ouest,ذهبية الغربية,,,TN535652,Dhiba,ذهيبة,,,TN5356,Tataouine,تطاوين,,,TN53,South East,الجنوب الشرقي,,,TN5,Tunisie,,,,TN,2022-11-15,,v01,fr,ar,,,POINT (10.319118491999973 31.813335000999984)
4,Remada Est,رمادة الشرقية,,,10.44276432,32.43454711,Remada Est,رمادة الشرقية,,,TN535751,Remada,رمادة,,,TN5357,Tataouine,تطاوين,,,TN53,South East,الجنوب الشرقي,,,TN5,Tunisie,,,,TN,2022-11-15,,v01,fr,ar,,,POINT (10.44276431999998 32.43454711099997)
4,Remada Ouest,رمادة الغربية,,,9.54340619,32.03021086,Remada Ouest,رمادة الغربية,,,TN535752,Remada,رمادة,,,TN5357,Tataouine,تطاوين,,,TN53,South East,الجنوب الشرقي,,,TN5,Tunisie,,,,TN,2022-11-15,,v01,fr,ar,,,POINT (9.543406194999989 32.030210856)
4,Nekrif,نكريف,,,10.39462072,32.09876703,Nekrif,نكريف,,,TN535753,Remada,رمادة,,,TN5357,Tataouine,تطاوين,,,TN53,South East,الجنوب الشرقي,,,TN5,Tunisie,,,,TN,2022-11-15,,v01,fr,ar,,,POINT (10.394620717999999 32.09876703100002)
4,Kenbout,كنبوت,,,10.07248727,32.19765037,Kenbout,كنبوت,,,TN535754,Remada,رمادة,,,TN5357,Tataouine,تطاوين,,,TN53,South East,الجنوب الشرقي,,,TN5,Tunisie,,,,TN,2022-11-15,,v01,fr,ar,,,POINT (10.072487274000025 32.19765037500002)
4,Bir Amir,بئر عمير,,,9.42229334,32.5816293,Bir Amir,بئر عمير,,,TN535755,Remada,رمادة,,,TN5357,Tataouine,تطاوين,,,TN53,South East,الجنوب الشرقي,,,TN5,Tunisie,,,,TN,2022-11-15,,v01,fr,ar,,,POINT (9.422293342999978 32.581629303)
4,Borj El Khadhra,برج الخضراء,,,9.82917791,30.97069475,Borj El Khadhra,برج الخضراء,,,TN535756,Remada,رمادة,,,TN5357,Tataouine,تطاوين,,,TN53,South East,الجنوب الشرقي,,,TN5,Tunisie,,,,TN,2022-11-15,,v01,fr,ar,,,POINT (9.829177906999973 30.970694748000028)
4,Meghani,مغنى,,,10.63479458,32.31755454,Meghani,مغنى,,,TN535757,Remada,رمادة,,,TN5357,Tataouine,تطاوين,,,TN53,South East,الجنوب الشرقي,,,TN5,Tunisie,,,,TN,2022-11-15,,v01,fr,ar,,,POINT (10.634794582999973 32.31755454)
4,Guetis,قطيس,,,8.84402238,34.57447719,Guetis,قطيس,,,TN615151,Gafsa Nord,قفصة الشمالية,,,TN6151,Gafsa,قفصة,,,TN61,South West,الجنوب الغربي,,,TN6,Tunisie,,,,TN,2022-11-15,,v01,fr,ar,,,POINT (8.844022375000009 34.57447719300001)
4,Er-Rahiba,الرحيبة,,,8.95295063,34.54708051,Er-Rahiba,الرحيبة,,,TN615152,Gafsa Nord,قفصة الشمالية,,,TN6151,Gafsa,قفصة,,,TN61,South West,الجنوب الغربي,,,TN6,Tunisie,,,,TN,2022-11-15,,v01,fr,ar,,,POINT (8.952950625000028 34.54708051099999)
4,Er-Rahiba Sud,الرحيبة الجنوبية,,,8.91029499,34.49815397,Er-Rahiba Sud,الرحيبة الجنوبية,,,TN615153,Gafsa Nord,قفصة الشمالية,,,TN6151,Gafsa,قفصة,,,TN61,South West,الجنوب الغربي,,,TN6,Tunisie,,,,TN,2022-11-15,,v01,fr,ar,,,POINT (8.91029499299998 34.498153973)
4,Ksour El Akhoua,قصور الأخوة,,,8.82071314,34.48383495,Ksour El Akhoua,قصور الأخوة,,,TN615154,Gafsa Nord,قفصة الشمالية,,,TN6151,Gafsa,قفصة,,,TN61,South West,الجنوب الغربي,,,TN6,Tunisie,,,,TN,2022-11-15,,v01,fr,ar,,,POINT (8.82071313900002 34.48383494799998)
4,El Mouthides,المتكيدس,,,8.74961173,34.57419509,El Mouthides,المتكيدس,,,TN615155,Gafsa Nord,قفصة الشمالية,,,TN6151,Gafsa,قفصة,,,TN61,South West,الجنوب الغربي,,,TN6,Tunisie,,,,TN,2022-11-15,,v01,fr,ar,,,POINT (8.749611726000012 34.57419509099998)
4,Fej,الفج,,,9.00037987,34.64790475,Fej,الفج,,,TN615156,Gafsa Nord,قفصة الشمالية,,,TN6151,Gafsa,قفصة,,,TN61,South West,الجنوب الغربي,,,TN6,Tunisie,,,,TN,2022-11-15,,v01,fr,ar,,,POINT (9.000379871999996 34.64790475299998)
4,Menzel Mimoun,منزل ميمون,,,9.09160206,34.66464576,Menzel Mimoun,منزل ميمون,,,TN615157,Gafsa Nord,قفصة الشمالية,,,TN6151,Gafsa,قفصة,,,TN61,South West,الجنوب الغربي,,,TN6,Tunisie,,,,TN,2022-11-15,,v01,fr,ar,,,POINT (9.091602064000028 34.66464576499999)
4,Sidi Aich,سيدي عيش,,,8.78063275,34.69418151,Sidi Aich,سيدي عيش,,,TN615251,Sidi Aich,سيدي عيش,,,TN6152,Gafsa,قفصة,,,TN61,South West,الجنوب الغربي,,,TN6,Tunisie,,,,TN,2022-11-15,,v01,fr,ar,,,POINT (8.780632749000006 34.694181507999986)
4,Sidi Aich Est,سيدي عيش الشرقية,,,8.83080835,34.69680577,Sidi Aich Est,سيدي عيش الشرقية,,,TN615252,Sidi Aich,سيدي عيش,,,TN6152,Gafsa,قفصة,,,TN61,South West,الجنوب الغربي,,,TN6,Tunisie,,,,TN,2022-11-15,,v01,fr,ar,,,POINT (8.830808346000026 34.69680576600001)
4,El Amaima,العمايمة,,,8.6986337,34.66169078,El Amaima,العمايمة,,,TN615253,Sidi Aich,سيدي عيش,,,TN6152,Gafsa,قفصة,,,TN61,South West,الجنوب الغربي,,,TN6,Tunisie,,,,TN,2022-11-15,,v01,fr,ar,,,POINT (8.698633700000016 34.66169077799998)
4,Menzel Gamoudi,منزل القمودي,,,8.86643395,34.63036828,Menzel Gamoudi,منزل القمودي,,,TN615254,Sidi Aich,سيدي عيش,,,TN6152,Gafsa,قفصة,,,TN61,South West,الجنوب الغربي,,,TN6,Tunisie,,,,TN,2022-11-15,,v01,fr,ar,,,POINT (8.866433954000001 34.630368284999975)
4,El Karia,القربة,,,8.89603661,34.74626961,El Karia,القربة,,,TN615255,Sidi Aich,سيدي عيش,,,TN6152,Gafsa,قفصة,,,TN61,South West,الجنوب الغربي,,,TN6,Tunisie,,,,TN,2022-11-15,,v01,fr,ar,,,POINT (8.89603661000001 34.746269611)
4,Es-Souinia,السوينية,,,8.89762396,34.68041579,Es-Souinia,السوينية,,,TN615256,Sidi Aich,سيدي عيش,,,TN6152,Gafsa,قفصة,,,TN61,South West,الجنوب الغربي,,,TN6,Tunisie,,,,TN,2022-11-15,,v01,fr,ar,,,POINT (8.897623957000008 34.680415788000005)
4,El Ksar,القصر,,,8.78098061,34.36661655,El Ksar,القصر,,,TN615351,Ksar,القصر,,,TN6153,Gafsa,قفصة,,,TN61,South West,الجنوب الغربي,,,TN6,Tunisie,,,,TN,2022-11-15,,v01,fr,ar,,,POINT (8.780980608999982 34.36661655400002)
4,El Ksar Est,القصر الشرقية,,,8.80246887,34.40236248,El Ksar Est,القصر الشرقية,,,TN615352,Ksar,القصر,,,TN6153,Gafsa,قفصة,,,TN61,South West,الجنوب الغربي,,,TN6,Tunisie,,,,TN,2022-11-15,,v01,fr,ar,,,POINT (8.80246887300001 34.40236248299999)
4,Lala,لالة,,,8.86020608,34.3792061,Lala,لالة,,,TN615353,Ksar,القصر,,,TN6153,Gafsa,قفصة,,,TN61,South West,الجنوب الغربي,,,TN6,Tunisie,,,,TN,2022-11-15,,v01,fr,ar,,,POINT (8.860206080000012 34.37920609600002)
4,Cite Hached,حي حشاد,,,8.81504025,34.39256605,Cite Hached,حي حشاد,,,TN615354,Ksar,القصر,,,TN6153,Gafsa,قفصة,,,TN61,South West,الجنوب الغربي,,,TN6,Tunisie,,,,TN,2022-11-15,,v01,fr,ar,,,POINT (8.815040244999977 34.39256605100002)
4,Amra,عمرة,,,8.93601171,34.43584174,Amra,عمرة,,,TN615355,Ksar,القصر,,,TN6153,Gafsa,قفصة,,,TN61,South West,الجنوب الغربي,,,TN6,Tunisie,,,,TN,2022-11-15,,v01,fr,ar,,,POINT (8.936011711999981 34.435841744000015)
4,El Matar,المطار,,,8.82686407,34.42694107,El Matar,المطار,,,TN615356,Ksar,القصر,,,TN6153,Gafsa,قفصة,,,TN61,South West,الجنوب الغربي,,,TN6,Tunisie,,,,TN,2022-11-15,,v01,fr,ar,,,POINT (8.826864071999978 34.42694106699997)
4,Gafsa Ville,قفصة المدينة,,,8.76902255,34.40189242,Gafsa Ville,قفصة المدينة,,,TN615451,Gafsa Sud,قفصة الجنوبية,,,TN6154,Gafsa,قفصة,,,TN61,South West,الجنوب الغربي,,,TN6,Tunisie,,,,TN,2022-11-15,,v01,fr,ar,,,POINT (8.76902254700002 34.401892422)
4,Gafsa Est,قفصة الشرقية,,,8.80634416,34.42725151,Gafsa Est,قفصة الشرقية,,,TN615452,Gafsa Sud,قفصة الجنوبية,,,TN6154,Gafsa,قفصة,,,TN61,South West,الجنوب الغربي,,,TN6,Tunisie,,,,TN,2022-11-15,,v01,fr,ar,,,POINT (8.806344163999995 34.427251506999994)
4,Cite Essourour,حي السرور,,,8.78574225,34.45397515,Cite Essourour,حي السرور,,,TN615453,Gafsa Sud,قفصة الجنوبية,,,TN6154,Gafsa,قفصة,,,TN61,South West,الجنوب الغربي,,,TN6,Tunisie,,,,TN,2022-11-15,,v01,fr,ar,,,POINT (8.785742251999977 34.45397515299999)
4,El Assala,العسالة,,,8.79524752,34.42826333,El Assala,العسالة,,,TN615454,Gafsa Sud,قفصة الجنوبية,,,TN6154,Gafsa,قفصة,,,TN61,South West,الجنوب الغربي,,,TN6,Tunisie,,,,TN,2022-11-15,,v01,fr,ar,,,POINT (8.795247518999986 34.42826333400001)
4,Sidi Ahmed Zarrouk,سيدي أحمد زروق,,,8.73511748,34.43242744,Sidi Ahmed Zarrouk,سيدي أحمد زروق,,,TN615455,Gafsa Sud,قفصة الجنوبية,,,TN6154,Gafsa,قفصة,,,TN61,South West,الجنوب الغربي,,,TN6,Tunisie,,,,TN,2022-11-15,,v01,fr,ar,,,POINT (8.73511748499999 34.432427441000016)
4,Oued Ailou,واد أيلو,,,8.78628846,34.42708145,Oued Ailou,واد أيلو,,,TN615456,Gafsa Sud,قفصة الجنوبية,,,TN6154,Gafsa,قفصة,,,TN61,South West,الجنوب الغربي,,,TN6,Tunisie,,,,TN,2022-11-15,,v01,fr,ar,,,POINT (8.786288461000026 34.42708144699998)
4,El Moula,المولي,,,8.79139378,34.43180677,El Moula,المولي,,,TN615457,Gafsa Sud,قفصة الجنوبية,,,TN6154,Gafsa,قفصة,,,TN61,South West,الجنوب الغربي,,,TN6,Tunisie,,,,TN,2022-11-15,,v01,fr,ar,,,POINT (8.791393782 34.431806771000026)
4,Cite Ennour,حي النور,,,8.77897557,34.42727239,Cite Ennour,حي النور,,,TN615458,Gafsa Sud,قفصة الجنوبية,,,TN6154,Gafsa,قفصة,,,TN61,South West,الجنوب الغربي,,,TN6,Tunisie,,,,TN,2022-11-15,,v01,fr,ar,,,POINT (8.778975573000025 34.42727239200002)
4,Cite Ech-Chabab,حي الشباب,,,8.76773598,34.44809615,Cite Ech-Chabab,حي الشباب,,,TN615459,Gafsa Sud,قفصة الجنوبية,,,TN6154,Gafsa,قفصة,,,TN61,South West,الجنوب الغربي,,,TN6,Tunisie,,,,TN,2022-11-15,,v01,fr,ar,,,POINT (8.767735978000019 34.448096153999984)
4,El Aguila,العقيلة,,,8.62213555,34.35918157,El Aguila,العقيلة,,,TN615460,Gafsa Sud,قفصة الجنوبية,,,TN6154,Gafsa,قفصة,,,TN61,South West,الجنوب الغربي,,,TN6,Tunisie,,,,TN,2022-11-15,,v01,fr,ar,,,POINT (8.622135549999996 34.35918156600002)
4,Kef Derbi,كاف دربي,,,8.57455057,34.58200416,Kef Derbi,كاف دربي,,,TN615461,Gafsa Sud,قفصة الجنوبية,,,TN6154,Gafsa,قفصة,,,TN61,South West,الجنوب الغربي,,,TN6,Tunisie,,,,TN,2022-11-15,,v01,fr,ar,,,POINT (8.574550568999996 34.58200415900001)
4,En-Nadhour,الناظور,,,8.65403509,34.56136386,En-Nadhour,الناظور,,,TN615462,Gafsa Sud,قفصة الجنوبية,,,TN6154,Gafsa,قفصة,,,TN61,South West,الجنوب الغربي,,,TN6,Tunisie,,,,TN,2022-11-15,,v01,fr,ar,,,POINT (8.65403508899999 34.561363863)
4,Oum El Aksab,أم الأقصاب,,,8.33537221,34.6928951,Oum El Aksab,أم الأقصاب,,,TN615551,Oum Larais,أم العرائس,,,TN6155,Gafsa,قفصة,,,TN61,South West,الجنوب الغربي,,,TN6,Tunisie,,,,TN,2022-11-15,,v01,fr,ar,,,POINT (8.335372210000003 34.692895099)
4,Sidi Boubaker,سيدي بوبكر,,,8.4446048,34.63990968,Sidi Boubaker,سيدي بوبكر,,,TN615552,Oum Larais,أم العرائس,,,TN6155,Gafsa,قفصة,,,TN61,South West,الجنوب الغربي,,,TN6,Tunisie,,,,TN,2022-11-15,,v01,fr,ar,,,POINT (8.444604802000015 34.639909683999974)
4,Oum El Araies Centre,أم العرايس المركزية,,,8.22337392,34.51223994,Oum El Araies Centre,أم العرايس المركزية,,,TN615553,Oum Larais,أم العرائس,,,TN6155,Gafsa,قفصة,,,TN61,South West,الجنوب الغربي,,,TN6,Tunisie,,,,TN,2022-11-15,,v01,fr,ar,,,POINT (8.223373917999993 34.512239935000025)
4,Oum El Araies Gare,أم العرايس المحطة,,,8.33093146,34.44532546,Oum El Araies Gare,أم العرايس المحطة,,,TN615554,Oum Larais,أم العرائس,,,TN6155,Gafsa,قفصة,,,TN61,South West,الجنوب الغربي,,,TN6,Tunisie,,,,TN,2022-11-15,,v01,fr,ar,,,POINT (8.330931455999973 34.44532546300002)
4,Ech-Channoufia,الشنوفية,,,8.40568219,34.5080766,Ech-Channoufia,الشنوفية,,,TN615555,Oum Larais,أم العرائس,,,TN6155,Gafsa,قفصة,,,TN61,South West,الجنوب الغربي,,,TN6,Tunisie,,,,TN,2022-11-15,,v01,fr,ar,,,POINT (8.405682190999983 34.50807659999998)
4,Es-Souitir,السويطير,,,8.30834614,34.57978927,Es-Souitir,السويطير,,,TN615556,Oum Larais,أم العرائس,,,TN6155,Gafsa,قفصة,,,TN61,South West,الجنوب الغربي,,,TN6,Tunisie,,,,TN,2022-11-15,,v01,fr,ar,,,POINT (8.308346140000026 34.579789269)
4,Daouara,الدوارة,,,8.54622726,34.49652218,Daouara,الدوارة,,,TN615557,Oum Larais,أم العرائس,,,TN6155,Gafsa,قفصة,,,TN61,South West,الجنوب الغربي,,,TN6,Tunisie,,,,TN,2022-11-15,,v01,fr,ar,,,POINT (8.546227256000009 34.496522183000025)
4,Redeyef Centre,الرديف المركز,,,8.14279866,34.37772042,Redeyef Centre,الرديف المركز,,,TN615651,Redeyef,الرديف,,,TN6156,Gafsa,قفصة,,,TN61,South West,الجنوب الغربي,,,TN6,Tunisie,,,,TN,2022-11-15,,v01,fr,ar,,,POINT (8.142798660999972 34.37772042199998)
4,Redeyef Nord,الرديف الشمالية,,,8.1195696,34.39215242,Redeyef Nord,الرديف الشمالية,,,TN615652,Redeyef,الرديف,,,TN6156,Gafsa,قفصة,,,TN61,South West,الجنوب الغربي,,,TN6,Tunisie,,,,TN,2022-11-15,,v01,fr,ar,,,POINT (8.11956959600002 34.39215242199998)
4,Redeyef Sud,الرديف الجنوبية,,,8.10113954,34.3008255,Redeyef Sud,الرديف الجنوبية,,,TN615653,Redeyef,الرديف,,,TN6156,Gafsa,قفصة,,,TN61,South West,الجنوب الغربي,,,TN6,Tunisie,,,,TN,2022-11-15,,v01,fr,ar,,,POINT (8.101139543999977 34.300825497999995)
4,Redeyef Gare,الرديف المحطة,,,8.1977015,34.36951757,Redeyef Gare,الرديف المحطة,,,TN615654,Redeyef,الرديف,,,TN6156,Gafsa,قفصة,,,TN61,South West,الجنوب الغربي,,,TN6,Tunisie,,,,TN,2022-11-15,,v01,fr,ar,,,POINT (8.19770149599998 34.36951757200001)
4,Tabdit,تابديت,,,8.26852455,34.40704594,Tabdit,تابديت,,,TN615655,Redeyef,الرديف,,,TN6156,Gafsa,قفصة,,,TN61,South West,الجنوب الغربي,,,TN6,Tunisie,,,,TN,2022-11-15,,v01,fr,ar,,,POINT (8.26852455300002 34.407045944000004)
4,Metlaoui Centre,المتلوي المركز,,,8.40228739,34.32195572,Metlaoui Centre,المتلوي المركز,,,TN615751,Metlaoui,المتلوي,,,TN6157,Gafsa,قفصة,,,TN61,South West,الجنوب الغربي,,,TN6,Tunisie,,,,TN,2022-11-15,,v01,fr,ar,,,POINT (8.402287392999995 34.32195572400002)
4,Metlaoui Gare,المتلوي المحطة,,,8.420757,34.30750589,Metlaoui Gare,المتلوي المحطة,,,TN615752,Metlaoui,المتلوي,,,TN6157,Gafsa,قفصة,,,TN61,South West,الجنوب الغربي,,,TN6,Tunisie,,,,TN,2022-11-15,,v01,fr,ar,,,POINT (8.420756998000002 34.30750588500001)
4,El Mziraa,المزيرعة,,,8.35667933,34.24413613,El Mziraa,المزيرعة,,,TN615753,Metlaoui,المتلوي,,,TN6157,Gafsa,قفصة,,,TN61,South West,الجنوب الغربي,,,TN6,Tunisie,,,,TN,2022-11-15,,v01,fr,ar,,,POINT (8.356679326000005 34.24413612699999)
4,Krichet Naam,كريشة النعام,,,8.28145399,34.26870575,Krichet Naam,كريشة النعام,,,TN615754,Metlaoui,المتلوي,,,TN6157,Gafsa,قفصة,,,TN61,South West,الجنوب الغربي,,,TN6,Tunisie,,,,TN,2022-11-15,,v01,fr,ar,,,POINT (8.281453994000003 34.26870575100003)
4,Cite El Amel Ouest,حي الامل الغربي,,,8.45963949,34.36471751,Cite El Amel Ouest,حي الامل الغربي,,,TN615755,Metlaoui,المتلوي,,,TN6157,Gafsa,قفصة,,,TN61,South West,الجنوب الغربي,,,TN6,Tunisie,,,,TN,2022-11-15,,v01,fr,ar,,,POINT (8.459639493999987 34.36471750499999)
4,Cite El Amel Est,حي الامل الشرقي,,,8.40548112,34.32390208,Cite El Amel Est,حي الامل الشرقي,,,TN615756,Metlaoui,المتلوي,,,TN6157,Gafsa,قفصة,,,TN61,South West,الجنوب الغربي,,,TN6,Tunisie,,,,TN,2022-11-15,,v01,fr,ar,,,POINT (8.405481122000026 34.323902076000024)
4,Thalja,الثالجة,,,8.4011705,34.30828403,Thalja,الثالجة,,,TN615757,Metlaoui,المتلوي,,,TN6157,Gafsa,قفصة,,,TN61,South West,الجنوب الغربي,,,TN6,Tunisie,,,,TN,2022-11-15,,v01,fr,ar,,,POINT (8.401170503000003 34.30828402999998)
4,Oued El Arta,وادي الأرطة,,,8.38948228,34.37356815,Oued El Arta,وادي الأرطة,,,TN615758,Metlaoui,المتلوي,,,TN6157,Gafsa,قفصة,,,TN61,South West,الجنوب الغربي,,,TN6,Tunisie,,,,TN,2022-11-15,,v01,fr,ar,,,POINT (8.389482283999996 34.37356815200002)
4,El Magroun,المقرون,,,8.39624868,34.32408651,El Magroun,المقرون,,,TN615759,Metlaoui,المتلوي,,,TN6157,Gafsa,قفصة,,,TN61,South West,الجنوب الغربي,,,TN6,Tunisie,,,,TN,2022-11-15,,v01,fr,ar,,,POINT (8.396248680999975 34.324086506000015)
4,Segui Sud,السقي القبلي,,,8.50130448,34.18323146,Segui Sud,السقي القبلي,,,TN615760,Metlaoui,المتلوي,,,TN6157,Gafsa,قفصة,,,TN61,South West,الجنوب الغربي,,,TN6,Tunisie,,,,TN,2022-11-15,,v01,fr,ar,,,POINT (8.501304484000002 34.18323146199998)
4,Mdhila Centre,المظيلة المركز,,,8.80052052,34.30604777,Mdhila Centre,المظيلة المركز,,,TN615851,Mdhilla,المضيلة,,,TN6158,Gafsa,قفصة,,,TN61,South West,الجنوب الغربي,,,TN6,Tunisie,,,,TN,2022-11-15,,v01,fr,ar,,,POINT (8.800520522 34.306047768999974)
4,Cite Des Travailleurs,الحي العمالي,,,8.74462441,34.30599753,Cite Des Travailleurs,الحي العمالي,,,TN615852,Mdhilla,المضيلة,,,TN6158,Gafsa,قفصة,,,TN61,South West,الجنوب الغربي,,,TN6,Tunisie,,,,TN,2022-11-15,,v01,fr,ar,,,POINT (8.744624409999972 34.30599753199999)
4,Sahib,صهيب,,,8.66499036,34.26004403,Sahib,صهيب,,,TN615853,Mdhilla,المضيلة,,,TN6158,Gafsa,قفصة,,,TN61,South West,الجنوب الغربي,,,TN6,Tunisie,,,,TN,2022-11-15,,v01,fr,ar,,,POINT (8.664990363000015 34.260044033999975)
4,El Segui,السقي,,,8.72924167,34.14815046,El Segui,السقي,,,TN615854,Mdhilla,المضيلة,,,TN6158,Gafsa,قفصة,,,TN61,South West,الجنوب الغربي,,,TN6,Tunisie,,,,TN,2022-11-15,,v01,fr,ar,,,POINT (8.72924167299999 34.148150464000025)
4,El Guetar Ouest,القطار الغربية,,,8.9674749,34.22405131,El Guetar Ouest,القطار الغربية,,,TN615951,Guetar,القطار,,,TN6159,Gafsa,قفصة,,,TN61,South West,الجنوب الغربي,,,TN6,Tunisie,,,,TN,2022-11-15,,v01,fr,ar,,,POINT (8.967474897999978 34.22405130599998)
4,El Ortos,الأرطس,,,8.86570239,34.25276883,El Ortos,الأرطس,,,TN615952,Guetar,القطار,,,TN6159,Gafsa,قفصة,,,TN61,South West,الجنوب الغربي,,,TN6,Tunisie,,,,TN,2022-11-15,,v01,fr,ar,,,POINT (8.865702391000013 34.252768833999994)
4,El Guetar Est,القطار الشرقية,,,9.07100976,34.26501252,El Guetar Est,القطار الشرقية,,,TN615953,Guetar,القطار,,,TN6159,Gafsa,قفصة,,,TN61,South West,الجنوب الغربي,,,TN6,Tunisie,,,,TN,2022-11-15,,v01,fr,ar,,,POINT (9.071009758000002 34.265012523999985)
4,El Ongue,العنق,,,9.12072183,34.35526017,El Ongue,العنق,,,TN615954,Guetar,القطار,,,TN6159,Gafsa,قفصة,,,TN61,South West,الجنوب الغربي,,,TN6,Tunisie,,,,TN,2022-11-15,,v01,fr,ar,,,POINT (9.120721833999994 34.35526017199999)
4,Es-Saket,الساكت,,,9.22053186,34.39549838,Es-Saket,الساكت,,,TN615955,Guetar,القطار,,,TN6159,Gafsa,قفصة,,,TN61,South West,الجنوب الغربي,,,TN6,Tunisie,,,,TN,2022-11-15,,v01,fr,ar,,,POINT (9.220531859000005 34.39549838400001)
4,Bir Saad,بئر سعد,,,9.24395241,34.35332673,Bir Saad,بئر سعد,,,TN615956,Guetar,القطار,,,TN6159,Gafsa,قفصة,,,TN61,South West,الجنوب الغربي,,,TN6,Tunisie,,,,TN,2022-11-15,,v01,fr,ar,,,POINT (9.243952406999995 34.353326727000024)
4,El Ayaicha,العيايشة,,,9.23192839,34.25458412,El Ayaicha,العيايشة,,,TN616051,Belkhir,بلخير,,,TN6160,Gafsa,قفصة,,,TN61,South West,الجنوب الغربي,,,TN6,Tunisie,,,,TN,2022-11-15,,v01,fr,ar,,,POINT (9.231928391999986 34.254584118000025)
4,Belkhir,بلخير,,,9.46053721,34.28162663,Belkhir,بلخير,,,TN616052,Belkhir,بلخير,,,TN6160,Gafsa,قفصة,,,TN61,South West,الجنوب الغربي,,,TN6,Tunisie,,,,TN,2022-11-15,,v01,fr,ar,,,POINT (9.460537213999999 34.281626630000005)
4,Et-Talh Est,الطلح الشرقية,,,9.46058122,34.3978212,Et-Talh Est,الطلح الشرقية,,,TN616053,Belkhir,بلخير,,,TN6160,Gafsa,قفصة,,,TN61,South West,الجنوب الغربي,,,TN6,Tunisie,,,,TN,2022-11-15,,v01,fr,ar,,,POINT (9.460581219000005 34.39782120299998)
4,Et-Talh Ouest,الطلح الغربية,,,9.33126588,34.43974182,Et-Talh Ouest,الطلح الغربية,,,TN616054,Belkhir,بلخير,,,TN6160,Gafsa,قفصة,,,TN61,South West,الجنوب الغربي,,,TN6,Tunisie,,,,TN,2022-11-15,,v01,fr,ar,,,POINT (9.331265880999979 34.439741818000016)
4,Jbilet Ouest,جبيلة الوسط,,,9.35765293,34.36097352,Jbilet Ouest,جبيلة الوسط,,,TN616055,Belkhir,بلخير,,,TN6160,Gafsa,قفصة,,,TN61,South West,الجنوب الغربي,,,TN6,Tunisie,,,,TN,2022-11-15,,v01,fr,ar,,,POINT (9.357652932999997 34.360973522999984)
4,Ouled El Hadj,أولاد الحاج,,,9.33845164,34.27082506,Ouled El Hadj,أولاد الحاج,,,TN616056,Belkhir,بلخير,,,TN6160,Gafsa,قفصة,,,TN61,South West,الجنوب الغربي,,,TN6,Tunisie,,,,TN,2022-11-15,,v01,fr,ar,,,POINT (9.338451635000013 34.27082506199997)
4,Sned,السند,,,9.23033323,34.47689378,Sned,السند,,,TN616151,Sened,السند,,,TN6161,Gafsa,قفصة,,,TN61,South West,الجنوب الغربي,,,TN6,Tunisie,,,,TN,2022-11-15,,v01,fr,ar,,,POINT (9.230333234 34.47689377500001)
4,Sned-Nord,السند الشمالية,,,9.26735609,34.5648535,Sned-Nord,السند الشمالية,,,TN616152,Sened,السند,,,TN6161,Gafsa,قفصة,,,TN61,South West,الجنوب الغربي,,,TN6,Tunisie,,,,TN,2022-11-15,,v01,fr,ar,,,POINT (9.267356086999996 34.56485349600001)
4,Sanouche,صانوش,,,9.06365109,34.43462623,Sanouche,صانوش,,,TN616153,Sened,السند,,,TN6161,Gafsa,قفصة,,,TN61,South West,الجنوب الغربي,,,TN6,Tunisie,,,,TN,2022-11-15,,v01,fr,ar,,,POINT (9.063651092999976 34.43462622599998)
4,Djedida,الجديدة,,,9.02103592,34.51851036,Djedida,الجديدة,,,TN616154,Sened,السند,,,TN6161,Gafsa,قفصة,,,TN61,South West,الجنوب الغربي,,,TN6,Tunisie,,,,TN,2022-11-15,,v01,fr,ar,,,POINT (9.021035919999974 34.51851035999999)
4,Abdessadok,عبد الصادق,,,9.08944426,34.48726562,Abdessadok,عبد الصادق,,,TN616155,Sened,السند,,,TN6161,Gafsa,قفصة,,,TN61,South West,الجنوب الغربي,,,TN6,Tunisie,,,,TN,2022-11-15,,v01,fr,ar,,,POINT (9.089444264999997 34.48726561699999)
4,Majoura,ماجورة,,,9.23563925,34.62584031,Majoura,ماجورة,,,TN616156,Sened,السند,,,TN6161,Gafsa,قفصة,,,TN61,South West,الجنوب الغربي,,,TN6,Tunisie,,,,TN,2022-11-15,,v01,fr,ar,,,POINT (9.235639248999973 34.62584030800002)
4,Alim,عليم,,,9.14951819,34.62760498,Alim,عليم,,,TN616157,Sened,السند,,,TN6161,Gafsa,قفصة,,,TN61,South West,الجنوب الغربي,,,TN6,Tunisie,,,,TN,2022-11-15,,v01,fr,ar,,,POINT (9.149518188999991 34.627604983000026)
4,Masghouna,مسغونة,,,8.13185992,33.92070345,Masghouna,مسغونة,,,TN625151,Tozeur,توزر,,,TN6251,Tozeur,توزر,,,TN62,South West,الجنوب الغربي,,,TN6,Tunisie,,,,TN,2022-11-15,,v01,fr,ar,,,POINT (8.13185992000001 33.92070345500002)
4,Ez-Zebda,الزبدة,,,8.13453961,33.91966898,Ez-Zebda,الزبدة,,,TN625152,Tozeur,توزر,,,TN6251,Tozeur,توزر,,,TN62,South West,الجنوب الغربي,,,TN6,Tunisie,,,,TN,2022-11-15,,v01,fr,ar,,,POINT (8.13453961099998 33.91966897999998)
4,El Habaila,الهبائلة,,,8.13373334,33.91708065,El Habaila,الهبائلة,,,TN625153,Tozeur,توزر,,,TN6251,Tozeur,توزر,,,TN62,South West,الجنوب الغربي,,,TN6,Tunisie,,,,TN,2022-11-15,,v01,fr,ar,,,POINT (8.133733334999988 33.91708065099999)
4,El Haouadef,الهوادف,,,8.22295726,33.81464583,El Haouadef,الهوادف,,,TN625154,Tozeur,توزر,,,TN6251,Tozeur,توزر,,,TN62,South West,الجنوب الغربي,,,TN6,Tunisie,,,,TN,2022-11-15,,v01,fr,ar,,,POINT (8.222957260999976 33.814645832)
4,El Keitna,القيطنة,,,8.1346398,33.92588346,El Keitna,القيطنة,,,TN625155,Tozeur,توزر,,,TN6251,Tozeur,توزر,,,TN62,South West,الجنوب الغربي,,,TN6,Tunisie,,,,TN,2022-11-15,,v01,fr,ar,,,POINT (8.134639799000013 33.92588345899998)
4,Ras Draa-Helba,رأس الذراع حلبة,,,8.16513767,33.95269684,Ras Draa-Helba,رأس الذراع حلبة,,,TN625156,Tozeur,توزر,,,TN6251,Tozeur,توزر,,,TN62,South West,الجنوب الغربي,,,TN6,Tunisie,,,,TN,2022-11-15,,v01,fr,ar,,,POINT (8.165137666000021 33.95269683999999)
4,El Ezdihar,الإزدهار,,,8.13747084,33.95799897,El Ezdihar,الإزدهار,,,TN625157,Tozeur,توزر,,,TN6251,Tozeur,توزر,,,TN62,South West,الجنوب الغربي,,,TN6,Tunisie,,,,TN,2022-11-15,,v01,fr,ar,,,POINT (8.137470834999988 33.957998970999995)
4,Cite L'Aeroport,حي المطار,,,8.04348376,34.01858209,Cite L'Aeroport,حي المطار,,,TN625158,Tozeur,توزر,,,TN6251,Tozeur,توزر,,,TN62,South West,الجنوب الغربي,,,TN6,Tunisie,,,,TN,2022-11-15,,v01,fr,ar,,,POINT (8.04348375699999 34.01858208700003)
4,Ech-Chabia,الشابية,,,8.04442009,33.89084465,Ech-Chabia,الشابية,,,TN625159,Tozeur,توزر,,,TN6251,Tozeur,توزر,,,TN62,South West,الجنوب الغربي,,,TN6,Tunisie,,,,TN,2022-11-15,,v01,fr,ar,,,POINT (8.044420093999975 33.890844646000005)
4,El-Hadher,الحضر,,,8.11967241,33.79429856,El-Hadher,الحضر,,,TN625160,Tozeur,توزر,,,TN6251,Tozeur,توزر,,,TN62,South West,الجنوب الغربي,,,TN6,Tunisie,,,,TN,2022-11-15,,v01,fr,ar,,,POINT (8.119672406000007 33.79429855799998)
4,Degach Nord,دقاش الشمالية,,,8.22193795,33.98897558,Degach Nord,دقاش الشمالية,,,TN625251,Degueche,دقاش,,,TN6252,Tozeur,توزر,,,TN62,South West,الجنوب الغربي,,,TN6,Tunisie,,,,TN,2022-11-15,,v01,fr,ar,,,POINT (8.221937952000019 33.98897557700002)
4,Degach Sud,دقاش الجنوبية,,,8.2479263,33.89024474,Degach Sud,دقاش الجنوبية,,,TN625252,Degueche,دقاش,,,TN6252,Tozeur,توزر,,,TN62,South West,الجنوب الغربي,,,TN6,Tunisie,,,,TN,2022-11-15,,v01,fr,ar,,,POINT (8.247926299000028 33.890244739000025)
4,Sebaa Abar,سبع أبار,,,8.30006055,33.90367319,Sebaa Abar,سبع أبار,,,TN625253,Degueche,دقاش,,,TN6252,Tozeur,توزر,,,TN62,South West,الجنوب الغربي,,,TN6,Tunisie,,,,TN,2022-11-15,,v01,fr,ar,,,POINT (8.300060550000012 33.90367318800003)
4,El Mahassen,المحاسن,,,8.34663341,33.91335372,El Mahassen,المحاسن,,,TN625254,Degueche,دقاش,,,TN6252,Tozeur,توزر,,,TN62,South West,الجنوب الغربي,,,TN6,Tunisie,,,,TN,2022-11-15,,v01,fr,ar,,,POINT (8.346633407000013 33.91335372399999)
4,Bou Helal,بوهلال,,,8.337582,33.94926465,Bou Helal,بوهلال,,,TN625255,Degueche,دقاش,,,TN6252,Tozeur,توزر,,,TN62,South West,الجنوب الغربي,,,TN6,Tunisie,,,,TN,2022-11-15,,v01,fr,ar,,,POINT (8.337581994999994 33.949264649999975)
4,El Hamma,الحامة,,,8.10342718,34.07813774,El Hamma,الحامة,,,TN625256,Degueche,دقاش,,,TN6252,Tozeur,توزر,,,TN62,South West,الجنوب الغربي,,,TN6,Tunisie,,,,TN,2022-11-15,,v01,fr,ar,,,POINT (8.103427184999987 34.07813774499999)
4,Chakmou,شاكمو,,,8.13377769,34.17840693,Chakmou,شاكمو,,,TN625257,Degueche,دقاش,,,TN6252,Tozeur,توزر,,,TN62,South West,الجنوب الغربي,,,TN6,Tunisie,,,,TN,2022-11-15,,v01,fr,ar,,,POINT (8.133777690999977 34.178406930999984)
4,Dghoumes,دغومس,,,8.45292963,33.9486256,Dghoumes,دغومس,,,TN625258,Degueche,دقاش,,,TN6252,Tozeur,توزر,,,TN62,South West,الجنوب الغربي,,,TN6,Tunisie,,,,TN,2022-11-15,,v01,fr,ar,,,POINT (8.452929631000018 33.948625600000014)
4,En-Namlat,النملات,,,8.16186123,33.99053813,En-Namlat,النملات,,,TN625259,Degueche,دقاش,,,TN6252,Tozeur,توزر,,,TN62,South West,الجنوب الغربي,,,TN6,Tunisie,,,,TN,2022-11-15,,v01,fr,ar,,,POINT (8.161861224999996 33.990538128000026)
4,Tameghza,تمغزة,,,7.95043521,34.381715,Tameghza,تمغزة,,,TN625351,Tamaghza,تمغزة,,,TN6253,Tozeur,توزر,,,TN62,South West,الجنوب الغربي,,,TN6,Tunisie,,,,TN,2022-11-15,,v01,fr,ar,,,POINT (7.950435212999992 34.381715004)
4,Chebika,الشبيكة,,,7.90336816,34.21700421,Chebika,الشبيكة,,,TN625352,Tamaghza,تمغزة,,,TN6253,Tozeur,توزر,,,TN62,South West,الجنوب الغربي,,,TN6,Tunisie,,,,TN,2022-11-15,,v01,fr,ar,,,POINT (7.9033681619999925 34.217004212999996)
4,Midas,ميداس,,,7.91613427,34.40913488,Midas,ميداس,,,TN625353,Tamaghza,تمغزة,,,TN6253,Tozeur,توزر,,,TN62,South West,الجنوب الغربي,,,TN6,Tunisie,,,,TN,2022-11-15,,v01,fr,ar,,,POINT (7.91613427499999 34.409134875999996)
4,Ain El Karma,عين الكرمة,,,8.0570566,34.44397309,Ain El Karma,عين الكرمة,,,TN625354,Tamaghza,تمغزة,,,TN6253,Tozeur,توزر,,,TN62,South West,الجنوب الغربي,,,TN6,Tunisie,,,,TN,2022-11-15,,v01,fr,ar,,,POINT (8.057056595999995 34.44397309300001)
4,Foum El Khangua,قم الحنقة,,,7.90055088,34.35115458,Foum El Khangua,قم الحنقة,,,TN625355,Tamaghza,تمغزة,,,TN6253,Tozeur,توزر,,,TN62,South West,الجنوب الغربي,,,TN6,Tunisie,,,,TN,2022-11-15,,v01,fr,ar,,,POINT (7.90055087799999 34.35115457799998)
4,Er-Remitha,الرميثة,,,7.97891971,34.43805423,Er-Remitha,الرميثة,,,TN625356,Tamaghza,تمغزة,,,TN6253,Tozeur,توزر,,,TN62,South West,الجنوب الغربي,,,TN6,Tunisie,,,,TN,2022-11-15,,v01,fr,ar,,,POINT (7.978919712999982 34.43805422700001)
4,Chafai Ech-Cherif,الشافعي الشريف,,,7.88876768,33.9916126,Chafai Ech-Cherif,الشافعي الشريف,,,TN625451,Nefta,نفطة,,,TN6254,Tozeur,توزر,,,TN62,South West,الجنوب الغربي,,,TN6,Tunisie,,,,TN,2022-11-15,,v01,fr,ar,,,POINT (7.888767678000022 33.99161259800002)
4,01 Juin,01جوان,,,7.97172166,33.87967381,01 Juin,01جوان,,,TN625452,Nefta,نفطة,,,TN6254,Tozeur,توزر,,,TN62,South West,الجنوب الغربي,,,TN6,Tunisie,,,,TN,2022-11-15,,v01,fr,ar,,,POINT (7.971721656999989 33.87967380600003)
4,El Ouaha,الواحة,,,7.79645454,33.69246489,El Ouaha,الواحة,,,TN625453,Nefta,نفطة,,,TN6254,Tozeur,توزر,,,TN62,South West,الجنوب الغربي,,,TN6,Tunisie,,,,TN,2022-11-15,,v01,fr,ar,,,POINT (7.796454540000013 33.69246488700003)
4,Es-Seni,السني,,,7.88822369,33.8390366,Es-Seni,السني,,,TN625454,Nefta,نفطة,,,TN6254,Tozeur,توزر,,,TN62,South West,الجنوب الغربي,,,TN6,Tunisie,,,,TN,2022-11-15,,v01,fr,ar,,,POINT (7.888223691000007 33.839036599999986)
4,El Ayoun,العيون,,,7.99169794,33.67548434,El Ayoun,العيون,,,TN625455,Nefta,نفطة,,,TN6254,Tozeur,توزر,,,TN62,South West,الجنوب الغربي,,,TN6,Tunisie,,,,TN,2022-11-15,,v01,fr,ar,,,POINT (7.99169794300002 33.675484342000004)
4,Ettahir,التحرير,,,7.88320406,33.87039859,Ettahir,التحرير,,,TN625456,Nefta,نفطة,,,TN6254,Tozeur,توزر,,,TN62,South West,الجنوب الغربي,,,TN6,Tunisie,,,,TN,2022-11-15,,v01,fr,ar,,,POINT (7.883204056000011 33.870398588)
4,El-Assil,الأصيل,,,7.87401331,33.87465807,El-Assil,الأصيل,,,TN625457,Nefta,نفطة,,,TN6254,Tozeur,توزر,,,TN62,South West,الجنوب الغربي,,,TN6,Tunisie,,,,TN,2022-11-15,,v01,fr,ar,,,POINT (7.874013310000009 33.874658071)
4,El Khadar Ben Houssine,الخضر بن حسين,,,7.77733749,33.97797235,El Khadar Ben Houssine,الخضر بن حسين,,,TN625458,Nefta,نفطة,,,TN6254,Tozeur,توزر,,,TN62,South West,الجنوب الغربي,,,TN6,Tunisie,,,,TN,2022-11-15,,v01,fr,ar,,,POINT (7.77733748899999 33.977972350000016)
4,Hazoua,حزوة,,,7.63284987,33.76641627,Hazoua,حزوة,,,TN625551,Hazoua,حزوة,,,TN6255,Tozeur,توزر,,,TN62,South West,الجنوب الغربي,,,TN6,Tunisie,,,,TN,2022-11-15,,v01,fr,ar,,,POINT (7.632849866000015 33.766416271000026)
4,Hattem,حطام,,,7.64480636,33.95748206,Hattem,حطام,,,TN625552,Hazoua,حزوة,,,TN6255,Tozeur,توزر,,,TN62,South West,الجنوب الغربي,,,TN6,Tunisie,,,,TN,2022-11-15,,v01,fr,ar,,,POINT (7.644806360000018 33.957482062999986)
4,Ain Ouled El Ggerissi,عين أولاد اللغريسي,,,7.72220686,33.61044252,Ain Ouled El Ggerissi,عين أولاد اللغريسي,,,TN625553,Hazoua,حزوة,,,TN6255,Tozeur,توزر,,,TN62,South West,الجنوب الغربي,,,TN6,Tunisie,,,,TN,2022-11-15,,v01,fr,ar,,,POINT (7.722206862999997 33.610442524999996)
4,Kebili Sud,قبلي الجنوبية,,,9.01956229,33.70420854,Kebili Sud,قبلي الجنوبية,,,TN635151,Kebili Sud,قبلي الجنوبية,,,TN6351,Kebili,قبلي,,,TN63,South West,الجنوب الغربي,,,TN6,Tunisie,,,,TN,2022-11-15,,v01,fr,ar,,,POINT (9.01956229199999 33.704208542)
4,Bazma,بازمة,,,9.04636498,33.66293676,Bazma,بازمة,,,TN635152,Kebili Sud,قبلي الجنوبية,,,TN6351,Kebili,قبلي,,,TN63,South West,الجنوب الغربي,,,TN6,Tunisie,,,,TN,2022-11-15,,v01,fr,ar,,,POINT (9.046364976999996 33.66293675600002)
4,Jemna Nord,جمنة الشمالية,,,9.25779123,33.61709582,Jemna Nord,جمنة الشمالية,,,TN635153,Kebili Sud,قبلي الجنوبية,,,TN6351,Kebili,قبلي,,,TN63,South West,الجنوب الغربي,,,TN6,Tunisie,,,,TN,2022-11-15,,v01,fr,ar,,,POINT (9.257791235000013 33.61709581600002)
4,Jemna Sud,جمنة الجنوبية,,,9.26838972,33.574701,Jemna Sud,جمنة الجنوبية,,,TN635154,Kebili Sud,قبلي الجنوبية,,,TN6351,Kebili,قبلي,,,TN63,South West,الجنوب الغربي,,,TN6,Tunisie,,,,TN,2022-11-15,,v01,fr,ar,,,POINT (9.26838971799998 33.57470100500001)
4,Bechelli,بشلى,,,8.94297079,33.609152,Bechelli,بشلى,,,TN635155,Kebili Sud,قبلي الجنوبية,,,TN6351,Kebili,قبلي,,,TN63,South West,الجنوب الغربي,,,TN6,Tunisie,,,,TN,2022-11-15,,v01,fr,ar,,,POINT (8.942970788000025 33.60915200199997)
4,Jersine,جرسين,,,8.72371273,33.62072054,Jersine,جرسين,,,TN635156,Kebili Sud,قبلي الجنوبية,,,TN6351,Kebili,قبلي,,,TN63,South West,الجنوب الغربي,,,TN6,Tunisie,,,,TN,2022-11-15,,v01,fr,ar,,,POINT (8.723712728999999 33.620720541000026)
4,El Blidete,البليدات,,,8.85315078,33.57380244,El Blidete,البليدات,,,TN635157,Kebili Sud,قبلي الجنوبية,,,TN6351,Kebili,قبلي,,,TN63,South West,الجنوب الغربي,,,TN6,Tunisie,,,,TN,2022-11-15,,v01,fr,ar,,,POINT (8.853150785000025 33.57380243699998)
4,Beni Mehemed,بني محمّد,,,8.927123,33.57175948,Beni Mehemed,بني محمّد,,,TN635158,Kebili Sud,قبلي الجنوبية,,,TN6351,Kebili,قبلي,,,TN63,South West,الجنوب الغربي,,,TN6,Tunisie,,,,TN,2022-11-15,,v01,fr,ar,,,POINT (8.927122999000005 33.571759481000015)
4,Janoura,جنعورة,,,8.97163633,33.67244051,Janoura,جنعورة,,,TN635159,Kebili Sud,قبلي الجنوبية,,,TN6351,Kebili,قبلي,,,TN63,South West,الجنوب الغربي,,,TN6,Tunisie,,,,TN,2022-11-15,,v01,fr,ar,,,POINT (8.971636333999982 33.672440515000005)
4,Kebeli Nord,قبلي الشمالية,,,9.00865844,33.72490421,Kebeli Nord,قبلي الشمالية,,,TN635251,Kebili Nord,قبلي الشمالية,,,TN6352,Kebili,قبلي,,,TN63,South West,الجنوب الغربي,,,TN6,Tunisie,,,,TN,2022-11-15,,v01,fr,ar,,,POINT (9.008658438999987 33.72490421499998)
4,El Mansoura,المنصورة,,,8.95533497,33.73050953,El Mansoura,المنصورة,,,TN635252,Kebili Nord,قبلي الشمالية,,,TN6352,Kebili,قبلي,,,TN63,South West,الجنوب الغربي,,,TN6,Tunisie,,,,TN,2022-11-15,,v01,fr,ar,,,POINT (8.955334970000024 33.730509531999985)
4,Errabta,الرابطة,,,8.92585091,33.73539621,Errabta,الرابطة,,,TN635253,Kebili Nord,قبلي الشمالية,,,TN6352,Kebili,قبلي,,,TN63,South West,الجنوب الغربي,,,TN6,Tunisie,,,,TN,2022-11-15,,v01,fr,ar,,,POINT (8.925850910000008 33.73539621100002)
4,Tonbar,طنبار,,,8.8933217,33.7299259,Tonbar,طنبار,,,TN635254,Kebili Nord,قبلي الشمالية,,,TN6352,Kebili,قبلي,,,TN63,South West,الجنوب الغربي,,,TN6,Tunisie,,,,TN,2022-11-15,,v01,fr,ar,,,POINT (8.89332170199998 33.72992590000001)
4,Limagues Estiffimia,ليماقس اسفطميمية,,,9.17866899,33.94623452,Limagues Estiffimia,ليماقس اسفطميمية,,,TN635255,Kebili Nord,قبلي الشمالية,,,TN6352,Kebili,قبلي,,,TN63,South West,الجنوب الغربي,,,TN6,Tunisie,,,,TN,2022-11-15,,v01,fr,ar,,,POINT (9.178668992999974 33.946234516000004)
4,Telmine,تلمين,,,8.90959925,33.70474383,Telmine,تلمين,,,TN635256,Kebili Nord,قبلي الشمالية,,,TN6352,Kebili,قبلي,,,TN63,South West,الجنوب الغربي,,,TN6,Tunisie,,,,TN,2022-11-15,,v01,fr,ar,,,POINT (8.909599254 33.704743827000016)
4,Tenbib,تنبيب,,,8.8928394,33.70835165,Tenbib,تنبيب,,,TN635257,Kebili Nord,قبلي الشمالية,,,TN6352,Kebili,قبلي,,,TN63,South West,الجنوب الغربي,,,TN6,Tunisie,,,,TN,2022-11-15,,v01,fr,ar,,,POINT (8.892839396 33.70835164599998)
4,Saidane,سعيدان,,,9.24532858,33.75400351,Saidane,سعيدان,,,TN635258,Kebili Nord,قبلي الشمالية,,,TN6352,Kebili,قبلي,,,TN63,South West,الجنوب الغربي,,,TN6,Tunisie,,,,TN,2022-11-15,,v01,fr,ar,,,POINT (9.245328583000003 33.75400351100001)
4,El Gattaya,القطعاية,,,8.88466928,33.63348704,El Gattaya,القطعاية,,,TN635259,Kebili Nord,قبلي الشمالية,,,TN6352,Kebili,قبلي,,,TN63,South West,الجنوب الغربي,,,TN6,Tunisie,,,,TN,2022-11-15,,v01,fr,ar,,,POINT (8.884669277 33.63348704399999)
4,Kebeli Est,قبلي الشرقية,,,8.98485885,33.73540592,Kebeli Est,قبلي الشرقية,,,TN635260,Kebili Nord,قبلي الشمالية,,,TN6352,Kebili,قبلي,,,TN63,South West,الجنوب الغربي,,,TN6,Tunisie,,,,TN,2022-11-15,,v01,fr,ar,,,POINT (8.984858850000023 33.735405915)
4,El Menchia,المنشية,,,9.05042048,33.95366951,El Menchia,المنشية,,,TN635351,Souk El Ahed,سوق الأحد,,,TN6353,Kebili,قبلي,,,TN63,South West,الجنوب الغربي,,,TN6,Tunisie,,,,TN,2022-11-15,,v01,fr,ar,,,POINT (9.050420480000014 33.95366950599998)
4,Bou Abdellah,بو عبد الله,,,8.94769112,33.9556957,Bou Abdellah,بو عبد الله,,,TN635352,Souk El Ahed,سوق الأحد,,,TN6353,Kebili,قبلي,,,TN63,South West,الجنوب الغربي,,,TN6,Tunisie,,,,TN,2022-11-15,,v01,fr,ar,,,POINT (8.94769112199998 33.95569569999998)
4,Oum Essoumaa,ام الصمعة,,,8.83569429,33.92526055,Oum Essoumaa,ام الصمعة,,,TN635353,Souk El Ahed,سوق الأحد,,,TN6353,Kebili,قبلي,,,TN63,South West,الجنوب الغربي,,,TN6,Tunisie,,,,TN,2022-11-15,,v01,fr,ar,,,POINT (8.835694284999988 33.92526054899997)
4,Ezzaouaia,الزاوية,,,8.75814488,33.92915863,Ezzaouaia,الزاوية,,,TN635354,Souk El Ahed,سوق الأحد,,,TN6353,Kebili,قبلي,,,TN63,South West,الجنوب الغربي,,,TN6,Tunisie,,,,TN,2022-11-15,,v01,fr,ar,,,POINT (8.758144881000021 33.92915862799998)
4,Bechri,بشري,,,8.69126393,33.89741162,Bechri,بشري,,,TN635355,Souk El Ahed,سوق الأحد,,,TN6353,Kebili,قبلي,,,TN63,South West,الجنوب الغربي,,,TN6,Tunisie,,,,TN,2022-11-15,,v01,fr,ar,,,POINT (8.691263928000012 33.89741162199999)
4,Fatnassa,فطناسة,,,8.57556259,33.82908726,Fatnassa,فطناسة,,,TN635356,Souk El Ahed,سوق الأحد,,,TN6353,Kebili,قبلي,,,TN63,South West,الجنوب الغربي,,,TN6,Tunisie,,,,TN,2022-11-15,,v01,fr,ar,,,POINT (8.575562595000008 33.829087260999984)
4,Negga,نقة,,,8.78540746,33.70107867,Negga,نقة,,,TN635357,Souk El Ahed,سوق الأحد,,,TN6353,Kebili,قبلي,,,TN63,South West,الجنوب الغربي,,,TN6,Tunisie,,,,TN,2022-11-15,,v01,fr,ar,,,POINT (8.78540745700002 33.701078671000005)
4,Douz Est,دوز الشرقية,,,9.57215654,33.26746947,Douz Est,دوز الشرقية,,,TN635451,Douz Nord,دوز الشمالية,,,TN6354,Kebili,قبلي,,,TN63,South West,الجنوب الغربي,,,TN6,Tunisie,,,,TN,2022-11-15,,v01,fr,ar,,,POINT (9.572156536000023 33.267469474999984)
4,El Golaa,القلعة,,,8.98866691,33.48705521,El Golaa,القلعة,,,TN635452,Douz Nord,دوز الشمالية,,,TN6354,Kebili,قبلي,,,TN63,South West,الجنوب الغربي,,,TN6,Tunisie,,,,TN,2022-11-15,,v01,fr,ar,,,POINT (8.988666905000002 33.48705520599998)
4,El Aouina Nord,العوينة الشمالية,,,9.51236788,33.17578881,El Aouina Nord,العوينة الشمالية,,,TN635453,Douz Nord,دوز الشمالية,,,TN6354,Kebili,قبلي,,,TN63,South West,الجنوب الغربي,,,TN6,Tunisie,,,,TN,2022-11-15,,v01,fr,ar,,,POINT (9.51236787900001 33.175788807)
4,El Aouina Sud,العوينة الجنوبية,,,9.43923616,33.1239209,El Aouina Sud,العوينة الجنوبية,,,TN635454,Douz Nord,دوز الشمالية,,,TN6354,Kebili,قبلي,,,TN63,South West,الجنوب الغربي,,,TN6,Tunisie,,,,TN,2022-11-15,,v01,fr,ar,,,POINT (9.439236159000018 33.123920903)
4,El Abadla,العبادلة,,,9.38974208,33.5217033,El Abadla,العبادلة,,,TN635455,Douz Nord,دوز الشمالية,,,TN6354,Kebili,قبلي,,,TN63,South West,الجنوب الغربي,,,TN6,Tunisie,,,,TN,2022-11-15,,v01,fr,ar,,,POINT (9.389742077999983 33.521703296)
4,Douz Ouest,دوز الغربية,,,9.36316517,33.0580683,Douz Ouest,دوز الغربية,,,TN635551,Douz Sud,دوز الجنوبية,,,TN6355,Kebili,قبلي,,,TN63,South West,الجنوب الغربي,,,TN6,Tunisie,,,,TN,2022-11-15,,v01,fr,ar,,,POINT (9.363165170999991 33.05806829900001)
4,El Adhara,العذارة,,,8.97623189,33.04228182,El Adhara,العذارة,,,TN635552,Douz Sud,دوز الجنوبية,,,TN6355,Kebili,قبلي,,,TN63,South West,الجنوب الغربي,,,TN6,Tunisie,,,,TN,2022-11-15,,v01,fr,ar,,,POINT (8.976231886999983 33.04228182100002)
4,El Aouina Nord,العوينة الشمالية,,,9.15120591,33.07859702,El Aouina Nord,العوينة الشمالية,,,TN635553,Douz Sud,دوز الجنوبية,,,TN6355,Kebili,قبلي,,,TN63,South West,الجنوب الغربي,,,TN6,Tunisie,,,,TN,2022-11-15,,v01,fr,ar,,,POINT (9.151205912000023 33.07859702100001)
4,Nouil Nord,نويل الشمالية,,,8.88245159,33.50088275,Nouil Nord,نويل الشمالية,,,TN635554,Douz Sud,دوز الجنوبية,,,TN6355,Kebili,قبلي,,,TN63,South West,الجنوب الغربي,,,TN6,Tunisie,,,,TN,2022-11-15,,v01,fr,ar,,,POINT (8.882451586999991 33.50088274500001)
4,Nouil Sud,نويل الجنوبية,,,8.89197976,33.46671017,Nouil Sud,نويل الجنوبية,,,TN635555,Douz Sud,دوز الجنوبية,,,TN6355,Kebili,قبلي,,,TN63,South West,الجنوب الغربي,,,TN6,Tunisie,,,,TN,2022-11-15,,v01,fr,ar,,,POINT (8.891979757000001 33.466710165999984)
4,Sabria Ouest,الصابرية الغربية,,,8.42004336,32.94725501,Sabria Ouest,الصابرية الغربية,,,TN635651,Faouar,فوار,,,TN6356,Kebili,قبلي,,,TN63,South West,الجنوب الغربي,,,TN6,Tunisie,,,,TN,2022-11-15,,v01,fr,ar,,,POINT (8.420043358999976 32.947255007000024)
4,Sabria Est,الصابرية الشرقية,,,8.78062677,32.96999218,Sabria Est,الصابرية الشرقية,,,TN635652,Faouar,فوار,,,TN6356,Kebili,قبلي,,,TN63,South West,الجنوب الغربي,,,TN6,Tunisie,,,,TN,2022-11-15,,v01,fr,ar,,,POINT (8.780626773999984 32.96999218299999)
4,Gharib,غريب,,,8.3943684,33.27383851,Gharib,غريب,,,TN635653,Faouar,فوار,,,TN6356,Kebili,قبلي,,,TN63,South West,الجنوب الغربي,,,TN6,Tunisie,,,,TN,2022-11-15,,v01,fr,ar,,,POINT (8.394368401000008 33.273838512)
4,Gueidma,غيدمة,,,8.77316302,33.40782495,Gueidma,غيدمة,,,TN635654,Faouar,فوار,,,TN6356,Kebili,قبلي,,,TN63,South West,الجنوب الغربي,,,TN6,Tunisie,,,,TN,2022-11-15,,v01,fr,ar,,,POINT (8.773163016000012 33.407824947999984)
4,Rejim Maatoug,رجيم معتوق,,,8.14702771,33.40897078,Rejim Maatoug,رجيم معتوق,,,TN635655,Faouar,فوار,,,TN6356,Kebili,قبلي,,,TN63,South West,الجنوب الغربي,,,TN6,Tunisie,,,,TN,2022-11-15,,v01,fr,ar,,,POINT (8.147027707000007 33.40897078500001)
4,El Matrouha,المطروحة,,,7.83359409,33.37970287,El Matrouha,المطروحة,,,TN635656,Faouar,فوار,,,TN6356,Kebili,قبلي,,,TN63,South West,الجنوب الغربي,,,TN6,Tunisie,,,,TN,2022-11-15,,v01,fr,ar,,,POINT (7.833594088999973 33.379702871999996)
4,Bichni-Edarjin,بشني - الدرجين,,,8.53830624,33.62072054,Bichni-Edarjin,بشني - الدرجين,,,TN635657,Faouar,فوار,,,TN6356,Kebili,قبلي,,,TN63,South West,الجنوب الغربي,,,TN6,Tunisie,,,,TN,2022-11-15,,v01,fr,ar,,,POINT (8.538306244000012 33.620720541000026)
